:020000040000FA
:20100000000004205D5400008554000087540000895400008B5400008D54000000000000AA
:201020000000000000000000000000008F5400009154000000000000935400009554000018
:201040004D760000696C000079F70000975400009754000097540000D57200009754000095
:2010600071C60000975400009754000059770000975400005D7600009754000097540000FF
:201080006594000097540000975400009754000097540000975400009754000097540000EA
:2010A0009754000097540000975400009754000097540000975400000000000000000000AE
:2010C000975400009754000097540000975400009754000097540000975400004D8F0000C7
:2010E000975400009754000097540000000000000000000097540000000000009754000059
:201100000000000000000000000000000000000000000000000000000000000000000000CF
:201120000000000000000000000000000000000000000000000000000000000000000000AF
:2011400000000000000000000000000000000000000000000000000000000000000000008F
:2011600000000000000000000000000000000000000000000000000000000000000000006F
:2011800000000000000000000000000000000000000000000000000000000000000000004F
:2011A00000000000000000000000000000000000000000000000000000000000000000002F
:2011C00000000000000000000000000000000000000000000000000000000000000000000F
:2011E0000000000000000000000000000000000000000000000000000000000000000000EF
:2012000010B5054C237833B9044B13B10448AFF300800123237010BDDC020020000000002E
:201220007035010008B5034B1BB103490348AFF3008008BD00000000E0020020703501000B
:20124000A3F5803A704700BF174B002B08BF134B9D46FFF7F5FF00218B460F461348144A47
:20126000121A11F03DFC0E4B002B00D098470D4B002B00D098470020002104000D000D48FC
:20128000002802D00C48AFF3008011F049FA2000290003F027F811F02FFA00BF000008004E
:2012A000000000000000000000000420DC020020E4340020000000000000000000B585B0EA
:2012C0000346002101AA44F20100CDE90111039300F004F805B05DF804FB00BF72B6094B34
:2012E000D3F8F030DB0700D500BEBFF34F8F0549054BCA6802F4E0621343CB60BFF34F8FE5
:2013000000BFFDE700ED00E00400FA05014B02481B681847F8020020842B01000378052B6D
:2013200002D0094B1B681847084BD3F88424D3F88034DBB2002BF4D1054BD2B2052A08BF19
:201340001846014B1B681847F802002000700240802B0100012803D0022809D020B1704702
:20136000054B06481B681847034B05481B681847014B04481B681847F8020020782B010038
:201380007C2B0100742B01002DE9F04F89B0002504460E4601929846049500E001356268CA
:2013A0000123D2F804902146002204A8C8470028F4D18DF80E00069085B3814682460BE09F
:2013C0009DF80E306768023BD7F804B0D8479DF80E309A44554521D960680123D0F804B0DF
:2013E0000DF10E02214606A8D84760680123D0F804B00DF10F02214606A8D8479DF80F302C
:20140000B3424FF00002214606A8D9D1019B4B4508D009F101095FFA89F9D1E7052009B05E
:20142000BDE8F08F129A9DF80E30136088F8003088F801606268023B556808F10202A84755
:20144000002009B0BDE8F08FF0B5054683B03B4807F0AEF8044610B1204603B0F0BD3849FA
:20146000384A394B08701060014648221860374811F036FB36484822214611F031FB002DFB
:2014800053D095E80700334B83E80700002846D0002005F0E5FC08B1852843D12E4C237AF0
:2014A000002B48D0013BDBB204F10C024FF0030E6568274E254F1EFB032E04F1090C9CF82F
:2014C0000110D9B19CF802000CF10103013903440CEB000253FA81F112F8013B13F0800FC9
:2014E00003F00F000ABF03F00F0307EBC00306EBC30391421C6028685860EDD10CF1030C4F
:20150000F445DCD10B238DF804302B68124801A99847044600289FD007F088F89CE70F4A54
:201520001A60B5E7FFF7CAFEB8E70A4B0B4A1D72C3E90025ACE76568E4E700BF1D13000014
:20154000B13400209403002098030020040300204C030020F8020020B02B0100CD180000A3
:2015600010B507F083F968B107F088F9044648B9064805F089FC034628B1FFF79FFE234671
:20158000184610BD0823184610BD00BF702B010007F056B807F07EBE4FF0804303E0D3F887
:2015A0003824D10707D5D3F838249207F7D5024B02481B6818477047F8020020982B010081
:2015C00000B5054B83B082221B688DF8042001A8984703B05DF804FBF80200202DE9F04311
:2015E000077A83B0002F59D007F1FF3E5FFA8EF300F1090C00F10C024FF0030E304D314E7F
:2016000061461EFB032E4C780022944201EB020319D091F8028013F9089013F80830B9F1A7
:20162000000F0BDB03F00F0305EBC3031B680132002BEAD0112003B0BDE8F08303F00F035E
:2016400006EBC303F2E703318E45DCD100241C4D1C4E224602EB420262445378D3B14FF082
:20166000000E7346917813440EF1010E5F56595C002F01F00F03B4BF06EBC30305EBC303B9
:20168000186041680968596051785FFA8EF39942E8D8077A0134E2B29742DBD80A4A13681C
:2016A0001BB11A681368002BFBD1106043680B228DF804201B6801A9984703B0BDE8F083A2
:2016C0004C0300200403002094030020024B1878003818BF01207047B0340020030710B526
:2016E000044604D52046BDE8104007F045BE07F05BFA204607F098FE2046BDE8104007F0E1
:201700003BBE00BF07F006BE014B1868704700BF9403002030B50F4B1D68A5B12C7AA4B148
:2017200000232A469C4603E05FFA83FC64450CD992F809E0864503F1010302F10302F3D1F9
:2017400009B181F800C0284630BD2B681D68002DE4D1F8E794030020436811461B681847C7
:2017600000F00F03082B0AD802064CBF054A064A02EBC303186810B143681B6818471020EF
:20178000704700BF040300204C03002038B5094B1C6864B1054602E023681C683CB163686F
:2017A00020461B68294698470628F5D038BD062038BD00BF9403002038B504460D4607F0F8
:2017C000CBF818B1054B1B78022B01D0082038BD29462046BDE8384007F0CEB8B13400200B
:2017E00038B504460D4607F0B7F818B1054B1B78022B01D0082038BD29462046BDE8384000
:2018000007F04AB9B134002070B543689B6882B006460D46144623B19847062801D002B067
:2018200070BD1CBB337AAB4225D9093605EB450535446E78BEB13246234600E06A789A4246
:2018400016D9AB782A19D05C030706D4019007F0ABF9019807F0E8FD0198013407F08CFD34
:20186000E3B29E42EAD8002002B070BD0720D6E700231B78FFDE6378FFDE00BF70B5436874
:20188000DB6805460C4603B198472B7AA3421AD9093504EB44042C4466789EB100253246A9
:2018A0002B4693420BD2A37862190135D05C07F031FDEBB29E4205D962789342F3D30023F5
:2018C0001B78FFDE70BD00235B78FFDE2DE9F04103780546852B00F2D280DFE813F0490282
:2018E000CB01D2006502A102F000F700D000110124013701D000D000D000D0004A01D000BF
:20190000D000D000D000D000D000D000D000D000D000D000D000D000D000D000D000D000C7
:20192000D000D000D000D000D000D000D000D000D000D000D000D000D000D000D000D000A7
:20194000D000D000D000D000D000D000D000D000D000D000D000D000D000D000D000D00087
:20196000D000D000D000D000D000D000D000D000D000D000D000D000D000D000D000D00067
:20198000D000D000D000D000D000D000D000D000D000D000D000D000D000D000D000D00047
:2019A000D000D000D000D000D000D000D000D000D000D000D000D000D000D000D000D00027
:2019C000D000D000D000D000D000D000D000D000D000D000D000D000D000D000D0005E0178
:2019E00086007D012B020E02F000734B734F5A687349186890473C68002C00F07482704DEE
:201A0000636820461B682946984723681C68002CF6D1DFF8BC81D8F804300BB10D209847E2
:201A20003D6875B12E7A46B10024214628460134FFF724FFE1B28E42F8D82B681D68002D7D
:201A4000F0D101F0B1FB5F4B1B68002B00F0638201205D4E06F0DAFE3278931EDBB2062B48
:201A600000F249825949CB5C13B105F0DFF93278022A40F0408206F045FF01233370BDE8E1
:201A8000F081514E3278931EDBB2062B40F2F481082A01D106F036FF4D4B5B680322327025
:201AA0000BB102209847454B1C6844B1636820461B682946984723681C68002CF6D13E4BD3
:201AC0002946D3E90002BDE8F041104790F902308278002BB4BF3F4B374B02F00F0203EB5C
:201AE000C203D3E90002294690470028C7D0A8780207C4D00307C2D4BDE8F04107F026B856
:201B0000334B5B680BB1082098472C4B1C68002CB5D0636820461B682946984723681C6804
:201B2000002CF6D1ABE72A4B5B680BB109209847224B1C68002CA2D0636820461B68294672
:201B4000984723681C68002CF6D198E7204B5B680BB10A209847194B1C68002C8FD06368F4
:201B600020461B682946984723681C68002CF6D185E7174B5B680BB10F2098470F4B1C68F3
:201B8000002C3FF47CAF636820461B682946984723681C68002CF6D171E70B4C2378062B3C
:201BA00000F0818103F0FD03052B7FF468AF06F0B3FE0223237062E74C03002094030020B8
:201BC000942B010098030020B1340020682B0100F802002004030020894F3D6875B12E7A65
:201BE00046B10024214628460134FFF747FEE1B28E42F8D82B681D68002DF0D1814E07F086
:201C0000FDFA3278931EDBB2062B30D87E49CB5C13B105F00BF93278022A28D106F072FECC
:201C20003C68002333704CB1784D636820461B682946984723681C68002CF6D1744B7349F9
:201C4000D3E900029047734B5B680BB10E2098473378023BDBB2062B3FF611AF6A4AD35C27
:201C6000002B3FF40CAFBDE8F04105F0DFB8082AD6D1D3E7624F3E688EB196F80880B8F101
:201C8000000F08D00024214630460134FFF7F6FDE1B28845F8D833681E68002EEDD1594E5A
:201CA00001F078FA3278931EDBB2062B00F2EE805549CB5C002B00F0E980022A03D0082ACE
:201CC00001D006F029FE534B5B68022232700BB1012098474E4B2946D3E9000290473C68F2
:201CE000002C3FF4CCAE636820461B682946984723681C68002CF6D1C1E6424E3378032BF7
:201D000000F0DA8006F0C4FD00283FF4B8AE3278931EDBB2062B40F20A813F4805F058F85F
:201D20003278022A01D0082A01D106F0EBFD06233370A4E6334E3378032B7FF4A0AE07F0B2
:201D40007FFA00283FF49BAE33789A1ED2B2062A00F2F6802C498A5C12B105F067F83378CA
:201D6000022B40F0ED8006F0CDFD0423337086E6244B1B78032B00F09B80082B00F098802D
:201D8000244B5B680BB100209847244B1C68002C3FF475AE636820461B6829469847236854
:201DA0005C68002CF6D16AE6164E3278082A72D0931EDBB2062B00F2A2801349CB5C002B69
:201DC00000F09D80022A00F0A38005233370114B5B680BB1032098470D4B2946D3E900028A
:201DE0009047074B1C68002C3FF449AE636820461B682946984723681C68002CF6D13EE6B8
:201E000094030020B1340020682B0100902B01004C030020F802002008000020980300204A
:201E2000494B5B680BB103209847484B4849D3E900029047474B1C684CB1454D63682046FE
:201E40001B682946984723681C68002CF6D1424E3378062B24D0082B0BD09A1ED2B2062AD5
:201E60005CD83E498A5C002A58D0022B01D006F053FD0223337002E63849CB5C13B104F01B
:201E8000D5FF3278022A3FF405AE01E6344804F09FFF327811E70223337006F047FD96E79C
:201EA00007233370EBE506F037FD08232370E6E52C48FFF70BFD63E707F0C2F900283FF409
:201EC00021AF33789A1ED2B2062A36D823498A5C12B104F0ABFF3378022B2ED106F012FD7E
:201EE000042333700EE7DFF86080D8F80430002B7FF494ADA5E5082A7FF4BFADBBE51848EE
:201F000004F066FF3378022B02D0082B7FF45DAF06F0F8FC59E798F808009AE5104804F07F
:201F200057FF3378022BA4D0082BA2D09FE70B49CB5C002B7FF4F5AEEFE6082BD0D1CDE7BB
:201F4000082B7FF412AF0EE7F80200204C030020882B010094030020B1340020682B010098
:201F6000080000208C2B010043681B6903B118471846704770B50A4B1D687DB12E7A4EB156
:201F800000242146002228460134FFF73DFCE1B2B142F7D32B681D68002DEFD170BD00BF81
:201FA0009403002070B5094B1D6875B12E7A46B10024214628460134FFF760FCE1B2B142A1
:201FC000F8D32B681D68002DF0D170BD940300204360CA699A4205D38A6902600B67CB61CF
:201FE0000020704701F1280202608B6700207047F0B5046891F808E0002C00F04484A4F2C7
:20200000123CBCF17C0F00F28280BCF17C0F7ED8DFE81CF0C900E402CF02180346011F03E1
:20202000F20211037D007D007D007D007D007D00BC0316027D007D007D007D0078037C02E6
:202040006B027D007D007D007E03000381007D007D007D007D00B803840281007D007D00E7
:202060007D007D007D007D00CC037D007D007D007D006703930197027502C8027D007D00D7
:20208000C102D602BA020602FF017D007D00F801260354019C037D007D00F9029003DD026A
:2020A000B203EB027D007D007D007D007D007D007D007D007D007D007D007D007D007D00A8
:2020C0007D007D007D007D007D0056039E027D007D007D000D017D007D007D007D00AA0370
:2020E0007D007D007D007D00A2037D007D007D007D007D007D007B034D017D007D007D0016
:202100007D00B8007D007D007D007D00B800002303601846F0BD002A00F0A2840479154635
:202120004FF0010C2C7000249C45047180F048830CF1010412B1057902F80C50BC4D91F8D7
:2021400014C02D682E78B44500F03F83B94E6D783570B94E4FF0000C86F800C0AC45C0F003
:202160002983B64D95F800C00CF1010C5FFA8CFC85F800C0F445C0F0358340F29933036039
:202180000120F0BD012400250AB106795655AA4EA84D96F800C02D780CF1010C5FFA8CFC77
:2021A00086F800C0DAE7002A00F06F8404791470012B4FF00B04047140F2AA842546012631
:2021C000022495559C420D7D057180F0D483661C15559E424FF00204047180F0BD83751C83
:2021E00094559D424FF00204047180F0A6836E1C54559E424FF00204047180F08883751CEB
:202200009455AB424E7E067140F26F836C1C5655A3424FF00005057140F25D831619013439
:202220003570864D4FF0000C85F800C0A2E7804C0125266800241AB190F804C002F804C09C
:2022400034780E7DA64200F0F8828E7DA64200F0AB834024AB42047140F2BF826C1C002AF9
:2022600000F0D78206795655A3424FF00005057140F2BF821619013435706D4D0E7D2D68F6
:202280002D78AE4200F0BA828E7DAE427FF47FAF0025A342057140F287842546013473E72A
:2022A000002A00F04484047901260025A0E7002A00F04A84057916460124DDE7002A00F027
:2022C00056840679944601240225A3428CF80060057140F2BA822E46651C1655AB424FF046
:2022E0000504047140F2CA82264602EB050C6C1C2425A3428CF80060057140F2BA822E4686
:20230000651C1655AB424FF00604047140F2AC825619013534700E7D0671AB4240F29F823B
:202320006C1C5655A3428D7D057140F293821619013435703E4D2D6808E7002A00F0F98310
:20234000047901264FF0000C02F80C40B3424FF00004047140F20583751C9455AB424FF03B
:202360001004047140F2EE826E1C5455B3424FF00104047140F2D08235199455AB424FF06A
:202380000504047140F2B6826E1C5455B3424FF02404047140F2A482751C94559D424FF061
:2023A0000104047180F092822E1954559E424FF00304047180F08582751C94559D428E7DB9
:2023C000067180F079826C1C56559C424FF00405057180F06C821619013435709C424FF0C8
:2023E0002405057180F05E822E46651C16559D424FF00204047180F05082264602EB050C49
:202400006C1C61E7002A00F0CB83057916460124E3E7002A00F0C683067901240025D3E7D5
:20242000002A00F0AF83047901250026C5E700BF9C030020B2340020B4340020B334002048
:20244000002A00F0968304791646012534700E7ABB4C2478B44280F0B98304EB440401F1B0
:202460000906B84F16F804C080F804C03444AB423C6040F27B826C1C002A00F081820679E4
:202480005655A3424FF00005057140F2608204F1010C1555AB4C256863456C78047140F2BB
:2024A000478202EB0C060CF1010C34702C780D7DA54200F024828D7DA5427FF434AE0A2487
:2024C0006345047140F27A830CF10104002A00F07882057902F80C50A3424FF00005057127
:2024E00040F2118304F1010C1FE0964C2568002A00F02783047916464FF0010CD5E7002AD7
:2025000000F03A830479012600252EE7002A00F03B8305794FF0010C0024BAE7002A00F0AF
:202520002F8305794FF0010C0024155563454FF00004047140F24F8202EB0C050CF1010C26
:20254000F0E5002A00F0228304790125002604E7002A00F023830579944601248CF8005022
:20256000784D2E68784D96F801C02D78AC4540F22A8396F802C03544A34215F80C500571EA
:2025800040F25681651C56E6002A00F0D48204790126002509E7002A00F0CF82047901263D
:2025A0000025F2E6002A00F0D982047901250026E3E6002A00F0E28205790126002407E6E3
:2025C000002A00F0E782047901250026E5E6002A00F0BF820479164601259BE6002A00F0EF
:2025E000D782057901240026EBE5002A00F0BA820579164601249CE6002A00F0CD8206792A
:202600000124002503E6002A00F0A1820679944601246DE6002A00F0A38205794FF0010C70
:202620000024155563454C7E047185D840F22E3303600120F0BD002A00F08D820579164601
:202640000124EDE5002A00F09082047901250026C6E5002A00F07382047901250026CFE557
:2026600001250024002A40F09D810224AB42047140F213816C1C0225A342057140F2E580A9
:20268000651C0524AB42047140F2F8806C1C2425A342057140F2ED80651C0624AB420471AC
:2026A00040F2E28001350C7D0471AB4240F2D7806C1C8D7D0571A34240F2CC80013439E61D
:2026C00001260024002A00F02C8105791555B3424FF00505057140F2A68002EB060C741C65
:2026E0003CE74FF0010C0024002A00F079810579155563454FF02404047140F24E810CF1C9
:20270000010621E601240025B6E601240025A6E501244FF0000C002A00F0E781057902F886
:202720000C50A3424FF00205057140F2A98104F1010C76E701250024002AAED00679E0E5AB
:20274000B33400209C030020B434002001250024002A96D00679C0E501250026002A3FF404
:2027600078AD0479945574E501250024002A3FF470AD067916556CE501240025002A98D09A
:202780000679CEE501244FF0000C9FE601250024002A00F06981067916559D424FF00404B4
:2027A000047180F00981561901354FE601244FF0000CBFE40725A34205712FD9661C81E744
:2027C0004FF44F7303600120F0BD0525A342057140F2518104F1010C86E740F28333036080
:2027E0000120F0BD0925A342057140F27981651CCEE74FF4617303600120F0BD0D6AA3427C
:202800002D7805713FF649AD40F2893303600120F0BDA3420271ECD901342EE540F26D331C
:2028200003600120F0BD40F26E3303600120F0BD40F2723303600120F0BD0324AB420471D2
:2028400040F26B812C46013590E740F2523303600120F0BD40F2593303600120F0BD4FF421
:20286000567303600120F0BD40F2573303600120F0BD40F2563303600120F0BD40F25533CB
:2028800003600120F0BD08240471002B7FF48BAC40F2123303600120F0BD40F251330360D0
:2028A0000120F0BD4FF4547303600120F0BD40F24F3303600120F0BD4FF45373036001209D
:2028C000F0BD40F24B3303600120F0BD40F24A3303600120F0BD40F2193303600120F0BDDB
:2028E00040F2493303600120F0BD4FF4467303600120F0BD4FF4527303600120F0BD02246D
:202900006345047140F20E810CF1010403E740F2173303600120F0BD40F245330360012012
:20292000F0BD0524B34204717FF67DAF741C17E64FF44A7303600120F0BD40F2163303601A
:202940000120F0BD4FF4517303600120F0BD40F2273303600120F0BD40F2153303600120B6
:20296000F0BD40F2433303600120F0BD40F2263303600120F0BD4FF4457303600120F0BDE9
:20298000A3420271E3D90134934D2D689C426E780671CDD204F1010C88E540F24233036026
:2029A0000120F0BD067921E50224AB42047140F200812E460135D1E640F22133036001201E
:2029C000F0BDA342027140F29E80013400259C420571C0F0948040F2353303600120F0BD65
:2029E000242463450471D8D90CF1010400259C420571B6D201341025A3420571A2D9013449
:202A000001259C42057187D22C4405259C420571BFF470AF013424259C420571BFF460AF8F
:202A200001340125A34205717FF650AF2C4403259C420571BFF445AF01348D7D05719C4246
:202A4000BFF43AAF013404259C420571BFF42FAF01342425A34205717FF624AF651C04E60B
:202A60004FF0010CFFF75FBB04249D420471A3D20E7A0135ECE440F2413303600120F0BDA4
:202A800040F22D3303600120F0BD0B24012B04713ED902240D7D05719C42BFF46CAF013485
:202AA00002259C420571BFF457AF01340225A34205717FF642AF013402259C420571BFF462
:202AC00026AF01344D7E05719C42BFF40EAF013400259C420571BFF4FEAE0134FFF7A1BBC9
:202AE0004FF4487303600120F0BD0225A3420571C6D901344D7E05719C42BFF497AD04F146
:202B0000010CFFF710BB4FF44D7303600120F0BD40F2133303600120F0BD40F277330360CB
:202B20000120F0BD4FF44B7303600120F0BD0124C2E701245AE7012479E701246BE7012440
:202B4000C0E74FF0010CB1E40124FFF796BB01249DE50125A7E50124FFF763BB012454E78F
:202B60000124C7E70124FFF7E5BB01249EE7012481E5764601256BE4012441E701248FE779
:202B8000012423E7012458E70124FDE6012432E701247FE7012444E7012499E70124DFE4F4
:202BA000012456E701244EE740F28E3303600120F0BD4FF45F7303600120F0BD40F2333357
:202BC00003600120F0BD00231B78FFDE024A002313601B78FFDE00BF9C03002070B90B68C5
:202BE0001A7B202A01D006207047D3F80EC0598A1A7DC3F818C099839A77704703207047E4
:202C00004360CA699A4210D38A6910B40260C8690C6FC01A1A44C8612344003818BF012062
:202C20005DF8044B8A610B67704701F12802026000208B67704700BF2DE9F0470B7888B0CE
:202C40000C4605460E2B14D8DFE803F008180808130D281313181308080808000024204685
:202C600008B0BDE8F0874B78DA0930D15B09012B4DD00624204608B0BDE8F0870368002439
:202C800003F134022046C3E91E44C3E920441C845C62DC625A6708B0BDE8F087027A002AAF
:202CA00000F06581837A0930002B00F05E818B78E97A415C9942D1D01B061FD4E77807F025
:202CC000FD03012BCAD0002F66D00324C7E713F0600FC3F3411200F09580012AC9D18B78AC
:202CE000212BC6D1B1F80720072AC2D10168601C183108B0BDE8F04700F060BAE478002C09
:202D000000F0A080032C14BF03240024A7E78B780668202B00F09E80222BAAD1B1F8073056
:202D2000002BA6D1B1F80330328C338403F0010702F00102BA4291D0C3691BB1C7F103019F
:202D4000C9B29847002F89D12B7A012B40F20B816B7B05F10C08002B00F00381AB7B18F83C
:202D6000030006F0AFF82B7A012B40F2FC806B7B012B40F2F680AB7B98443C4698F8010065
:202D800006F0A0F806F13403C6E91E77C6E920777762F762736762E72E68012A06F10C01D3
:202DA00000F0E1806A7B012A05F10C0340F2D980AA7B069113446F4A0592B46A93F8018095
:202DC000002C63D1F36FC6F88030F36AC6E91E44002B00F0B58006F12C0393E8030006F16A
:202DE000240383E803000023F36205A94046FEF7F7FC0446EB69002B3FF431AF002128463F
:202E000098472CE703F01F03012B7FF432AF8E78062E7FF42EAF05A8039200F0DFFC03ABE6
:202E200000930746E278217928463B46FEF7ACFA05283FF41EAF601C039A394600F0BEF9C8
:202E400004460CE7EB69002B3FF408AF01212846984704E7B1F80720072A7FF40AAF33739F
:202E6000B1F80730DBB2737300200E36CDE90563079000F0DDFF05A90020FEF79DFC044674
:202E8000002866D0002000F0DBFFE8E6D6F884A0706A544528BF544606F13409224649460B
:202EA0000FF0F6FDF26FF767AAEB040309EB04011444F26AC6F88040C6E91D13002A42D07F
:202EC00006F12C0797E8030006F124044FF0000984E80300C6F82C90DBB938E0706A0FF071
:202EE000D7FDB26AB36FC6F880209B1AB367736F13447367EB6913B1002128469847F36A9D
:202F000013B397E8030084E80300B36FC6F82C90EBB1B26A716F9342E0D21A46706A0FF006
:202F2000B7FDB26FB36AF2679B1AB362736A1344736253B105A94046FEF752FC044659E76E
:202F40000023736256E700237362002452E7736AEFE7094B03A9CDE9033500F02BFC0446E5
:202F600090E73B78FFDE7B78FFDE1B78FFDE5378FFDE00BF012C0000DD2B00000368B3F858
:202F800020C01CF0010F18D00B46017A012918D9417B00F10C0C91B110B5817B84B01CF856
:202FA000010091060CBF0124002401A9CDE901320394FEF701FC04B010BD082070470B7866
:202FC000FFDE00235B78FFDE0368D3F880007047F0B50468238CDB0783B022D5054600209D
:202FE00016460F4600F024FFA26F42B9636AE3B11124002000F024FF204603B0F0BD96429A
:2030000028BF1646616F324638460FF041FDD4E91D32921B3344C4E91D32C4F8806000247E
:20302000E7E70824204603B0F0BDC4E909762A7A012A12D9697B012905F10C020FD9AB7BCA
:20304000084D13440C3458786946CDE90054FEF7C7FB041E08BF9224CBE75B78FFDE1B78B0
:20306000FFDE00BFD11F0000002070472DE9F04F4B6885B0CDE900020C46002B70D005F046
:2030800061FDE568019B9D4228BF1D468146002D7BD04FF0000A56464FF00108D346D4E97E
:2030A0000113AB421F4628BF2F46E1B13A4609EB06000FF0EDFCA268E368C4F804B0D21BA8
:2030C000ED1B3E44DF1BA260E76022B3002F08BF4FF00008002DE2D1009BC3E900964046CE
:2030E00005B0BDE8F08FABB1204609EB060250F8101B4B68D3F804A03B46D047A268E368B7
:20310000D21BED1B3E44DF1BA260E7605AB14FF0010ADBE7E768BAF1000F04D15FB9B846EA
:20312000002DBCD1D8E723681B681B6823604FF0010A002FF3D02168F1B1CDF808B003E03B
:20314000A36821680133A3604B6800225F6802A80123B8470028F3D12061002D9FD1BBE78F
:203160000B681B681B68002B89D18B68002B86D1C0E900339846B2E76160002EACD0019B82
:20318000B34288BF4FF00008A6E72E464FF00108A2E700BF08B50020FEF7A0FABDE80840C2
:2031A0008020FEF79BBA00BF08B50020FEF7AAFABDE808408020FEF7A5BA00BF70B5C388E0
:2031C00093421E4628BF1646934284B00D4612D8002400200394CDE9015600F029FE01A984
:2031E0008020FEF7E9FA044688B1002000F028FE204604B070BD8020144605F09DFBB4FB21
:20320000F0F202FB1044B4FA84F46409E1E705F071FD80280BD1094A094B92E8030083E8AA
:203220000300002000F00CFE204604B070BD002000F006FE1024204604B070BDF82B010077
:20324000C40300202DE9F04F0B780E2B89B00CD893B1013B0D2B0FD8DFE803F07118130E56
:2032600033480E0E0E0E18621D23852B04D1A64B1A78032A00F025810625284609B0BDE81F
:20328000F08FA24803F02AFD002878D10025284609B0BDE8F08F4FF08043D3F83834DB07AF
:2032A0005DD4994B1A78012AF0D0994999480A78012422F002021C700A700025FEF706FBDB
:2032C000DBE705230DF115008DF8143005F07CFC9DF81530904E002203F01F043260032C0A
:2032E00000F29680DFE804F096BF766DC87803280C46C1D0884E3368002B00F0EE80002269
:203300007168326098470546002860D13368002B00F0E580A378002BB8D105F077FCACE7DA
:20332000794A1378002BB1D079497A480B78002523F0020315700B70FEF7C8FA9DE7724A58
:203340001378032B98D0724972480B78032423F0020314700B700625FEF7B8FA8DE76A4A1C
:203360001378022B92D06A496A480B78022423F0020314700B700025FEF7A8FA7DE7674B3C
:203380000122DA65BFF36F8FBFF34F8F7EE79DF81620062A00F03381082A00F01F8182B98A
:2033A0005B495F4B09781A80890744BF02221A705B4902220DF11500FFF700FF0546062D15
:2033C00003D105A8FEF7E2F90546002D41D005F087FC52E79DF81900020707D005A9FEF731
:2033E000BFF906280546F0D19DF8153013F0600F0ED19DF81630444A9DF819401278012BA3
:2034000000F0A080032B00F08D80002B00F0AD800625DCE713F0600FC3F34117D1D1DB0935
:20342000B5D19DF81630032B00F0B280092B00F0BE80012BC5D1BDF81730012BC1D1FEF708
:2034400045F9002800F0F180314A137823F0020313703368002B4BD005F04CFC0546002873
:203460007FF414AF59E79DF8190003A9FEF752F90446002840D09DF80C1005AAFEF76CF900
:2034800006280546A1D19DF8152012F0600F9ED11D4B9DF80C101B78D20940F0DB809DF8F0
:2034A00016200B2A93D1052B70D1BDF81730FF2B00F2BD809DF817202046FEF7A5F9054667
:2034C00083E7134913480A78042422F002021C700A700625FEF7FAF9CFE60E2577E74FF06D
:2034E0008053D3F83021082A08D005F0EFFBC4E605F0ECFB0025C0E6102568E7D3F83431EF
:20350000002BF2D1C2E600BFB5340020CC030020B6340020C02B0100C403002000700240CF
:20352000D003002025073FF573AFBDF81730002B7FF46EAF052A01D0200727D1204605F0E5
:2035400005FB86E721073FF563AFBDF81730002B7FF45EAF052A01D0220717D1204605F07D
:2035600023FB204605F060FF73E7052A01D027070CD1204605F0F6FA8549034602220DF18A
:2035800015000B80FFF71AFE05461EE708251EE7BDF81730012B7FF414AFFEF797F80028F1
:2035A00043D07C4A137843F00203137051E77A4C2378043B012BE9D89DF81730002B38D018
:2035C000012B34D1FEF7D6FC2378052B3FF441AF052372482370FEF779F93AE76E4A1278C6
:2035E000052A4ED0042A7FF4ECAE694B1F70684901220DF11500FFF7E1FD0546DFE69DF8A0
:203600001830022B56D0032B3ED0012B7FF4D9AEBDF81B30002B3FF46BAF614912220DF159
:203620001500FFF7CBFD0546C9E60F25CFE60725CDE6FEF7B7FC2378042B3FF40AAF554AF8
:2036400056481378042123F0020321701370FEF73DF9FEE69DF81670002F7BD00A2F7FF4A0
:20366000B6AE052B92D120460192FEF77DFC4849019A03460B700DF11500FFF79FFD05460C
:20368000A3E6434A1370B2E7BDF81B30002B3FF42FAFBDF819109DF8170000F0B7FB014649
:2036A00000283FF48EAE02780DF11500FFF786FD054684E6BDF81B30002B3FF419AF092B5E
:2036C00028BF09239946FEF71FF84FF0090A0546B8B103974FF0000801E008F101086A6850
:2036E0000123D2F804B02946002203A8D8470028F3D12A682B7A15681C44C244E4B2002D04
:20370000E7D1234D27494A4628460FF0C1F92C71A5F802A0FDF7DAFF18B1EB7943F020032E
:20372000EB71FDF7F1FF204B1860BDF81B20DA600020C3E9015900F07BFB1C498020FEF7B6
:203740004FF8054690B1002000F07AFB062D7FF43EAE36E6052B7FF419AF0D4902220DF180
:2037600015000F80FFF72AFD05462EE605F0C2FA802808D10E4B93E8030086E80300284641
:2037800000F05EFB65E6284600F05AFB10251EE6D0030020B6340020B5340020C02B0100B7
:2037A000E42B0100C42B0100AC030020002C0100F82B010038B505460C4605F09BFAA842EB
:2037C00007D194E80300044A82E803000023184638BD1023184638BDC403002008B14023D8
:2037E00003600148704700BFD003002030B50C7A002C75D001F1090E0468002C00F0AD8119
:203800006FF4AB7504EB050CBCF1140F6AD8BCF1140F67D8DFE81CF01500FA0060018B0135
:203820007101820157014E01E70066006600D300BF006A0066002B0069015C007A01240047
:203840004901002A00F0D98104791470012B4FF00404047140F27781A44601250224DCE0A5
:203860004FF0010C002442B390F804E084E04FF0010C0024002A40F063810A8A9C454FEAB7
:203880001222027180F07D810CF101044A8A02719C4280F0718104F1010C4A8A9C454FEA9A
:2038A0001222027180F063810CF101048A8A0271A34240F24D8104F1010C8A8A63454FEAA8
:2038C0001222027162D840F26B130360012030BD4FF0010C0024002ADFD090F804E031E020
:2038E000A64689E700230360184630BD002A00F0CB8190F804C01546012485F800C091F8A3
:2039000010E080F804E0A34240F2408104F1010C02F804E0B1F810E09C454FEA1E2E80F82C
:2039200004E080F02E8102EB0C050CF1010485F800E091F812E080F804E09C4280F01C8165
:2039400004F1010C02F804E0B1F812E09C454FEA1E2E80F804E080F00A8102EB0C050CF134
:20396000010485F800E091F814E080F804E09C4280F0EE8004F1010C02F804E0898A6345B5
:203980004FEA112101719ED96244117040F26D130360012030BD002A00F0788190F804C02A
:2039A00001244FF0000E02F80EC0A3424FF0090C80F804C040F2EF80151901349DE7002AA6
:2039C00000F0668104794FF0010E4FF0000C02F80C4073454FF02104047140F2E180A446A6
:2039E0000EF10104DFE7002A00F0488104794FF0010C4FF0000E02F80E4063454FF00904C8
:203A0000047140F2D2800CF1010EE0E7002A00F0378190F804C00124002502F805C0A342CE
:203A20009EF800E080F804E040F2E28004F1010C02F804E063454FF00004047140F2D3805B
:203A40000CF1010E02F80C4073454FF00004047140F2C4800EF1010C02F80E4063454FF0F3
:203A6000FF04047140F2B5800CF1010E02F80C4073454FF00104047140F2A6800EEB040C43
:203A800002F80E4063454FF00104047140F297800CEB040E02F80C4073454FF00004047175
:203AA00040F288800EF1010CA5E7002A3FF46EAF01796AE7002A00F0F18004794FF0010E99
:203AC0004FF0000CE6E7002A00F0E48004794FF0010C4FF0000ED3E7002A00F0E38090F87B
:203AE00004E04FF0010C0024A2E7002A00F0CA8090F804E01546012419E7002A00F0D0802F
:203B000004794FF0010C4FF0000EA5E7002A00F0C38090F804E01546012422E7002A00F097
:203B2000C38004794FF0010E4FF0000C9EE7002A00F0A28004794FF0010E4FF0000C81E7ED
:203B400090F804E0E4E64FF4AC730360012030BD4FF4B5730360012030BD09240471002BB3
:203B60007FF46FAE40F257130360012030BD40F269130360012030BD4FF4B473036001209B
:203B800030BD40F267130360012030BD4FF4B3730360012030BD4FF4B2730360012030BD68
:203BA00040F263130360012030BD4FF4B1730360012030BD40F25F130360012030BD4FF4BC
:203BC000AF730360012030BD40F25D130360012030BD4FF4AE730360012030BD40F25B13CA
:203BE0000360012030BD4FF4AD730360012030BD40F259130360012030BD0422012B0271AC
:203C0000A1D902249EF800200271A342F0D9013400229C420271E6D201340022A34202711E
:203C2000DCD90134FF22A3420271D2D9013401229C420271C8D214440122A3420271BED9C9
:203C400014440022A3420271B4D901340922A3420271AAD901342122A3420271A0D901344C
:203C600009229C42027196D201340A8A02719C428CD204F1010C00E60124CEE70124E5E735
:203C80000124BFE7012401E60124EEE70124E7E70124E0E70124CFE7012407E60124D0E7AB
:203CA0000124BFE70124B3E70124C0E70B780E2B0BD8DFE803F0080808080A0C080A0A0AF9
:203CC0000A08080808000020704706207047F0B54B78DA0985B00C46064611D15B09012B76
:203CE00002D0062005B0F0BD8C78002CF9D102681373036A002B39D0214698472046F1E75B
:203D000013F0600FC3F3411214D0012AE9D18B78072B09D0082BE4D1C2688169601C05B024
:203D2000BDE8F040FFF74ABAB1F80720182AD8D1C169F3E703F01F03012BD2D18D78062DD9
:203D4000CFD103A80292FFF749FD02AB00930746E278217930463B46FDF716FB0528C0D00E
:203D6000029A3946601CFFF729FABBE71846B9E770B54FF0805286B0D2F8A830D2F8A41067
:203D800000916FEA83436FEA93430B4A0B4E9BB20D2102A80AF008FC02AD002404E015F8AF
:203DA000013B06F8013B013402A80EF0A1FE8442F5D306B070BD00BF1C2C01001004002064
:203DC00010B5114B53F8204023780BB9A01C10BD0020FFF703FD217899B12246C4F1010C0C
:203DE00002EB0C03DCB2234620F8141012F8011F0029F5D101335B00DBB243F440730380F2
:203E000010BD40F20233FAE7842C010040B1052808D8054A105C28B1044B53F820300BB1A4
:203E2000FFF7CEBF002070479C2C0100842C010072B6024A1368013313607047200400201D
:203E4000034A1368013B136003B962B6704700BF2004002010B50446006830B1002105F0EF
:203E600009FE54F8040F0028F8D110BD38B50488552C054624D006D89CB1492C0DD18529B9
:203E80002BD0012038BD5E2C07D1284B1B788B4234D05E232B80012038BD00232B800320A5
:203EA00038BD234A234B14705B699847224B22461868852105F08CFE49232B80012038BD64
:203EC0001E4BDB68002BDCD11D4A1E491E4805F007FD1E4805F07EFF07E0194A19491A484B
:203EE00005F0FEFC1A4805F075FF114B1B7893B1104B1B69984706F009F8CAE7104A1149BB
:203F0000114805F0EDFC134805F064FF124B13489B6A9847BDE70948802100F047FF0AF055
:203F20000DF955232B80012038BD00BFB9340020CD340020B42E01000410002024040020F6
:203F40004C2D0100BC2C0100C42C0100F02C0100D42C0100042D010094320100202D0100A8
:203F600010B50188044619B100232380032010BD074805F07FFD074A0749084805F0B0FCD7
:203F8000074805F027FF00232380032010BD00BF60020020482D0100BC2C0100C42C010070
:203FA000502D01002DE9F043038883B0044643B1B3F5867F0CD1822910D0012003B0BDE8B0
:203FC000F0834FF486730120238003B0BDE8F08300230380032003B0BDE8F08301F076FCAC
:203FE000BFF35F8F19491A4B0E6800220A601F781A70FFB2BFF35F8F164D01F06BFC28689B
:204000000028DED0DFF85090DFF8508003E055F8040F0028D5D090F84A3026FA03F3DA0763
:20402000F5D590F8493047FA03F3DB07EFD500F0C7FD0028EBD02B68D9F8002000921846CD
:204040004246022100F05AFDE1E700BF44040020BA3400206000002004100020D9400000A4
:2040600010B50D4A90F84B3082B004460133106884F84B30094A0090234604F12000802100
:2040800000F03CFD064B19782246002002B0BDE8104005F09DBD00BF041000206140000003
:2040A000B734002010B4094A094C1368194311602178012202FA00F040EA0103DBB223704B
:2040C00004485DF8044B05F0B5BD00BF44040020BA3400208800002070B582B0044600F01B
:2040E0006FFD08B902B070BD04F12006304600F067FD94F84A10054694F8490001F022FABC
:2041000048B994F8483063B9002DEBD1304600F03DFD0F4B14E00128F6D194F84830002B88
:20412000F2D1002DDED00B4B0B4A1B68002584F84B50304600937E21234600F0DFFC074B49
:2041400019782246284602B0BDE8704005F040BDB93400200410002061400000B834002011
:20416000F8B505F07DFC304B304C187005F078FC2F4B304F187005F073FC2F4A2F4B1070E4
:2041800022687B600025FF213972FD60002A42D02B4E09E091F84A00F9683A72834054F8E0
:2041A000042F0B43FB60B2B392F84A3092F84910526C03F01F0343EA41131F2BC6BF03F0C1
:2041C0001F0331464FF0A04103F5E07342F08C0241F82350236893F84A1093F8490001F03A
:2041E0006DF9226892F84A3092F8490003F01F0343EA4010012102F0C3FF2168387A91F8CC
:20420000492082424FF00103C4D0FF28C2D054F8042F002AC8D10B48002105F02BFCBDE86A
:20422000F840044801F0A2B9B834002060000020B934002034040020B7340020A5400000CD
:204240000003005088000020042800D0704708B5054A13680133136000F0C6FD00B908BD51
:20426000BDE8084000F09CBD4804002000B5134B83B000221A6002F061FDC0B9002002F0DF
:2042800079FD0F4B0F4A93E803000090ADF804100D48694603F0F6F960B901210A4803F0C8
:2042A00045FA094803F036FA03B05DF804FBFDF705F8E3E7FDF702F8EFE700BF480400209A
:2042C000AC2D010049420000B42D0100014B1868704700BF48040020014B1868C00970479D
:2042E000480400202DE9F04105F0A6FAFFF7BEFF08F084F905F0F0FB00216648664FDFF813
:20430000EC81664D664E674C05F0B4FB00F0ECFB0DF090FF0AF066F905F096FA05F068FDD7
:20432000614B1B68984705F0CDFD7B689847D8F804309847AA79EB7903EB02233380236833
:20434000022B38DC594B29686A6819605A605848002105F08FFB4FF0FF300BF0A3FC23680F
:20436000022B054612DC05F099FA05F015FE5148FFF770FD0DF086FF05F0B4FB04460DF0DE
:2043800089FF002CF8D105F08FFAF5E74A4A4B494B4805F0A5FA4B4805F0A2FA2368022B1B
:2043A000E1DD284601F0A0FC2368022BDBDD0A2005F00EFDD7E7404A4049414805F090FAD1
:2043C000414805F007FD2368022BBBDD3A4A3B493B4805F085FA3D4B3D48196805F080FA0F
:2043E0002368022BAEDD344A3449354805F078FAD8F80010374805F073FA2368022BA1DDA4
:204400002D4A2E492E4805F06BFA3968324805F067FA2368022B95DD274A2849284805F0FC
:204420005FFA2E484AF6CD3105F05AFA2368022B88DD214A2149224805F052FA28481A21DE
:2044400005F04EFA2368022B7FF77CAF1A4A1B491B4805F045FA3188224805F041FA236889
:20446000022B7FF76FAF144A1449154805F038FA1D4805F035FA2368022B7FF763AF284605
:2044800001F042FC2368022B7FF75CAF0A2005F09FFC57E7CC000020B42E0100B007002016
:2044A00098340020F8000020D430010028310020F4010020902D0100BC2D0100BC2C0100D4
:2044C000C42C0100882E0100C42D010094320100FC2D01000C2E0100182E0100242E01007C
:2044E000402E0100602E0100702E01001C33010030B590F82D50012D83B0044613D91F250A
:204500000C4B5B6898470C4B0C4A1B68009380B22346B0FBF5F105FB110104F10C0000F0B0
:20452000EDFA03B030BD0335E9B201258D40013DE6E700BF0033010004100020FD450000BA
:204540002DE9F0430D468B6892F82C9083B00646506BD3E90078144601F094FB686805F079
:2045600083FCA9681D4801F097FC1D48294601F093FC636B1B6823B31A4B0022A2855B68D6
:204580009847194B80B2A3FB0023C11A03EB51039B08C3EBC303C11A144B154A1B68009302
:2045A00004F10C00234600F0A9FA3FB14A46314640463B4603B0BDE8F043184703B0BDE8BE
:2045C000F08304F10C0000F0E1FA2146094801F059FB2146084801F05FFCE6E79800002017
:2045E000B0000020003301002549922404100020FD450000B4040020A400002018B32DE9A0
:20460000F047436B1D6886B00446CDB1686805F041FC6E490C2005F0F7F80121072005F02B
:20462000E7F86B4B5B68984700280DDAAB683BB105202246294606B0BDE8F047FFF780BF72
:2046400006B0BDE8F087704705F074F8614F90F802807B68039305F06DF8064605F074F836
:20466000039B01463046984705F0DEF8BB6903930646984700282DD1002E4FD1D7F81C9061
:20468000C84738BBBB681E4605F05EF8B047002856D002281ED0AB68002BD1D00420C8E737
:2046A00007F0DEFF6FF028031E1A03E007F0D8FFC64202D5C8470028F8D0C847002859D075
:2046C0003B69032105A89847032803D19DF81630434529D0AA68002AB2D094F82D30013350
:2046E000DBB2052B84F82D3094F82C3006D901330021DBB284F82D1084F82C30127A9A4282
:2047000008D92046FFF7F4FE686806B0BDE8F04705F0A4BB2246294601208CE7BE6805F02E
:2047200013F8B0470028B4D1AB68002B88D094F82C300020013384F82D0084F82C3078E718
:2047400007F08EFF6FF0180AAAEB000A04E007F087FF1AEB000F02D5C8470028F7D0039BCD
:20476000984700289CD1C847002899D17B699847002895D0A96800293FF462AF94F82C306E
:2047800001330022DBB284F82D2084F82C300A7A9A4203D82246294602204CE70E4B5B6812
:2047A00098470E4B80B2A3FB0023C21A03EB52030B4A9B0812680092C3EBC303C11A094A09
:2047C00004F10C00234600F099F99DE7B0070020EC2E0100D430010000330100254992241A
:2047E00004100020FD4500002DE9F04106460D200F4605F011F8054601F0BCFA01210B20F1
:2048000004F0F6FF374B1C6814B914E0246894B1201D294601F0E2F90028F7D0606B01F0F4
:204820004BFA07281EDDDEB1384633460122BDE8F041062118472C4801F012FB0446002820
:20484000F1D02946201D01F0C3F9002304F130022448A38562632363214601F0C7F9DDE739
:20486000BDE8F081214801F0FBFA054660B3204801F0F6FAA86018B305F0CEFA6860D8B14B
:204880000520D5F8088004F0B9FFC8E9006710F0FF0006BF082388F8083088F80800606BE0
:2048A000294601F0A3F9636B1B689D42D8D12046BDE8F041FFF71CBEA9680D4801F0ECFADA
:2048C0000A48294601F0E8FA606B01F0F5F90028A9D12146034801F0D5F92146024801F0E5
:2048E000DBFAA0E7B4040020A4000020B00000209800002008B5054801F0A0FA044801F066
:204900009DFABDE80840034801F098BAB000002098000020A4000020014B1B6A184700BF4A
:20492000D4300100014B5B6A184700BFD430010010B50D4B82B01B6898470C4B04469B6AE7
:2049400001A91920984701280BD0002C019BB8BF1524802BD4BFC4EB0300C4F1800002B042
:2049600010BD002002B010BDEC2E0100D4300100FFF73ABF30B50D4C83B0A56A6946192054
:20498000A84748B901A90420A84738B101F0E6F9FFF7B0FF236A984703B030BD0199E36A19
:2049A00021F00201019104209847EFE7D430010030B583B004F0C2FE032804D0264B9B6834
:2049C0009847002801DA03B030BD0D2004F024FF224901F003F918B904F026FF0028F2D0E5
:2049E0000C2004F019FF1D4901F0F8F804460028E9D101F0C9F90546A0B1072004F0FEFEA6
:204A00000028E0D002238DF804308DF8054004F091FE134B8278DB688DF80620032101A880
:204A20009847D0E701F0D6F9072004F0E7FE18B90C4B9B689847C6E702238DF804308DF806
:204A4000055004F077FE064B8278DB688DF80620032101A89847EBE7EC2E0100B0070020EF
:204A6000D43001001C330100F8B5038805462BB1452B14D1882916D00120F8BD174B1C68DA
:204A800034B1A168201D00F091F92468002CF8D1134B01221A7045232B800120F8BD0023D9
:204AA00003800320F8BD0D4B1C68002CF3D0231D9A4205D02468231D002CECD09A42F9D185
:204AC0000648084E214601F0DDF8D4E90523376832600BB1E06998473760DCE794050020F8
:204AE000BB34002004100020024B03480021196004F0C0BF94050020BC00002070B5826131
:204B00000D4A04461078E361049B636130B9A1600A482146BDE8704001F068B8084D094B13
:204B20002E682B60201D00F041F92E6021460348BDE8704001F05AB8BB340020940500208D
:204B400004100020BC00002070B50C4B1B7804462BB921460A48BDE8704001F047B8094DB4
:204B6000094B2E682B60043000F02AF92E6021460348BDE8704001F039B800BFBB34002034
:204B80009405002004100020BC00002010B50A4B1B7804463BB9C0E9033321460748BDE827
:204BA000104001F06FB8043000F026F921460348BDE8104001F066B8BB34002094050020CC
:204BC00008B5084B1B78014623B10069B0FA80F0400908BD044801F079F880F00100C0B2F5
:204BE00008BD00BFBB3400209405002010B50446C0B20DF0E5FA0A2C01D0204610BD0DF0D5
:204C0000AFFA204610BD00BFF8B588B10F46461E002500E0013516F8014F20464CB1AF426D
:204C200007D00DF0CDFA0A2CF4D10DF099FAF1E705460DF095FA2846F8BD00BF10B5FFF702
:204C400045FB0B4B1A68D2E9003192680B44191A52B1D2E9003423441B1A9268994228BF8A
:204C60001946002AF5D14318024A136010BD00BF9C050020980500202DE9F843038805469A
:204C80005BB3592B2CD187292FD0822920D12C4FDFF8B4803C684FF00009CCB1002603E042
:204CA000A3682646A3B11C4620460AF027FD0028F6D0E0682246882104F08AFF03464046B0
:204CC000002B2AD004F0B6FFA3682646002BEAD159232B800120BDE8F883194A1360F7E78D
:204CE000002303800320BDE8F883154F3968002019B9EDE789680120D9B1CB689342F9D093
:204D000000B139608B68002BE2D0D868904207BF9B688B6019469B68F5E7E360A3686EB108
:204D2000B3603B68C4F808902BB1FFF787FF3C68B3E73960CCE7034A1360C9E73B60F1E7A4
:204D40009C05002098050020CC00002010B50446104804F06FFF1049E3680A684BB142B11B
:204D600094420FD0134601E09C420BD09B68002BFAD10A4BA2601B68E3600C60BDE8104014
:204D8000FFF75CBF054B1B68E360BDE81040FFF755BF00BFCC0000209C050020041000204D
:204DA000014804F047BF00BFCC00002010B504460AF088FC2046BDE81040FFF7C7BF00BFE2
:204DC00010B504460AF086FC2046BDE81040FFF7BDBF00BF10B504460AF08AFC2046BDE822
:204DE0001040FFF7B3BF00BF024B1868003818BF012070479C05002010B5124B1968814261
:204E0000044614D00B462BB19A68A24206D01346002BF9D10023C4E9023310BDA2689A6057
:204E200049B1FFF70BFF0023C4E9023310BD82681A60002AF5D1044B00221A600023C4E997
:204E4000023310BD9C05002098050020014B1888704700BFD002002000283ED0037A022B9E
:204E600030B410D00378022B15D00379B3B10024C37913F0030318BF012301B10C6002B1CC
:204E8000136030BC7047C579447A037965B90CB9012BF2D0DBB100231C46EEE7447A14F00B
:204EA000030418BF0124E3E7C4B1032D37D1032C2ED0022C24D143BB022D2DD00123032DAA
:204EC00024D1A4F10204B4FA84F46409D5E7023C012C8CBF00240124CFE770474BB9022D54
:204EE00008BF0123EAD1A4F10304B4FA84F46409C3E7032D01D0022D02D123461C46BCE7C2
:204F0000002BC8D1022DDAD1EDE701230024B4E7002BC0D10123D4E701231C46ADE7022D58
:204F2000C7D1002BF1D1022C4FF00103DBD11C46A3E700BF30B500230B608B80437DDB0704
:204F40005CBF01230B70037E012B83B00D46044623D901AA694604F11000FFF77DFF009BB2
:204F60000BB10223EB70019B0BB102236B70E37D03F00303022B03D0032B14BF00230823F5
:204F8000AB70637E03F00303022B03D0032B14BF002308232B7103B030BDC37D13F0030348
:204FA00009D0437E13F0030305D0C38B828B9B1AB3FA83F35B092375CBE700BF02280CBFE4
:204FC000012307230B441A78FF2A184603F1FF3303D18142F7D1012070470020704700BF28
:204FE00000B583B06946FFF7A5FF9DF800309DF801209DF802009DF80310023313440344F3
:205000009DF804209DF805000B441344184403B05DF804FB4378827890F800C0DB00120149
:2050200002F0100203F0080313430CF0070290F803C0134302794FEA4C1C0CF0200C92019B
:2050400043EA0C0302F0400213430B704379827990F809C003F00103520043EA8C1302F000
:20506000020290F807C01343027A4FEA8C0000F00C001201034302F0300213434B70704705
:2050800070B582B004460D466946FFF753FF04F110002946FFF7BEFF9DF80030012B04BF4A
:2050A000A37EAB709DF801300CBF03200220022B06D1A38B2B54A28B431C120AEA54023015
:2050C0009DF802605EB1731E2344291893F800C001F801CBA34203F1FF33F7D130449DF8A5
:2050E0000330022B06D1E38B2B54E28B431C120AEA5402309DF8046056B1F31D234429187C
:20510000073413F8012901F8012BA342F9D1304402B070BD02784378C2F3C00002F0070C49
:205120004870C2F3401081F800C0C870C2F3001C03F00100C2F3801281F802C00A71C3F3C9
:20514000400CC3F301124871C3F381009B0981F806C0C8710A724B72704700BF012943DD35
:205160002DE9F04186B00F4603A914460546FFF7D1FF0B4603CB9DF811201B88206161617B
:2051800023836AB3AE1C03A802AA01A9FFF764FE9DF81380B8F1000F43D0029B002B31D16C
:2051A000B8F1020FA38367D0B8F1030F4DD09DF81580B8F1000F2CD0019BBBB9A38BE3837E
:2051C000B8F1020F4DD0B8F1030F31D0701B3B1A8742C4E90E6300DA002006B0BDE8F081AF
:2051E000AB78A376EE1CCEE700207047727816F8023B03EB0223029A9BB2E383002ADFD16C
:20520000A383DDE7727816F8023B03EB02239BB2C6E71E4904F1080000F0DAFCA4F81E80FE
:20522000D4E71A49204600F0D3FCA4F81C80BEE706F10800034604F1080213F8011D02F8E4
:20524000011BB342F9D10646C0E706F108000346621E13F8011D02F8011FB342F9D106466A
:20526000A5E70A4904F1080000F0B2FC7378237216F8023B6372A9E70449204600F0A8FC3D
:205280007378237016F8023B637090E74C30010030B591B004F03EFA044604F04FFA6A46F5
:2052A00001462046FFF75AFF00283ED0044604F017FAD0B39DF810100B2004F099FA9DF8EE
:2052C0001310072004F094FA9DF817308BB1BDF81C50FFF7BBFD854205D0BDF81C204FF649
:2052E000FF739A4221D19DF817006946FFF766FEB0B102A90C2004F087FA9DF815303BB146
:205300004FF6FF71062004F073FA204611B030BD9DF81A10062004F06BFA204611B030BDEB
:2053200069460D2004F070FAE3E74FF0FF34ECE7F8B505460B2014460E46A84700232074AD
:20534000A37496B3E37463750820A847002701232376A07567740620A847A076FFF776FD3F
:20536000E0830920A84701280CBF3B4603236376FFF76CFDA0830A20A84701281AD066B971
:205380000323E375637E022B0CD0E37DA3F10203B3FA83F35B092375F8BD0223E375637E7A
:2053A000022BF2D101232375F8BD0720A8476675E074C9E7E775E5E730B591B00546FFF708
:2053C00045FD4FF6FF74A0423AD04022002168460DF086FB04F028FA6A4601461A48FFF7D3
:2053E000A7FF04F021FA18B3ADF800400C2004F013FA014602A800F0EBFB04F08BF90E903E
:2054000004F09CF9034668460F93FFF7E9FD044615B9204611B030BD04F032F980B104F01E
:2054200089F901466846FFF72BFE204611B030BD0D2004F0F1F90146684600F0C9FBD5E752
:205440004FF0FF34E5E700BFFD9700000120FFF7B3BF00BF0020FFF7AFBF00BF0649074A90
:20546000074B9B1A03DD043BC858D050FBDC09F0FDFDFBF7E9FE00007C3501000800002049
:20548000DC020020FEE7FEE7FEE7FEE7FEE7FEE7FEE7FEE7FEE7FEE700F01F03012199400F
:2054A000C0F3471000F068B808B501F0CFFD00B108BDBDE8084001F091BD00BF30B583B0DF
:2054C0000223002501F01F018DF8063012F00C03ADF80450144641EA401508D0042B26D0D5
:2054E000082B28D00C2B04BF03238DF8043014F0030306D0022B16D0012B04BF03238DF81B
:2055000005300F4A01A9284601F0AAFD230604D4284601F0A5FE03B030BD0121284601F029
:205520002FFE03B030BD01238DF80530E9E701238DF80430DBE702238DF80430D7E700BFF6
:205540009954000001F01F0141EA40101F28CABF054B4FF0A04300F01F00D3F8101521FA76
:2055600000F000F001007047000300500146014800F03CBBA005002070B50C4B1C689CB1B7
:2055800005460E4601E0246874B1237AAB42FAD1E36816EA0301F6D063682846002BF2D04A
:2055A00098472468002CF0D170BD00BFA0050020024B00221A60FFF777BF00BFA005002049
:2055C00030B5B0F84830622B83B004460BD0752B23D02BB100230320A4F8483003B030BD78
:2055E0006223A0F84830084601910DF081FA04F12C0502460199284604F02AFB012809D924
:205600007523A4F8483006491B22284604F020FB0128DFD8002003B030BD00F12C05F2E73A
:20562000642F010070B5838CA32B044631D023D8ABB39E2B30D104F108052021284604F0C1
:205640005BFB012817D92849042204F152000DF057FA58B9A323A3842021284604F04CFBC7
:20566000012808D994F852302F2B1BD01F4A102100231170A38470BDBC2B0DD100F1080578
:205680000A21284604F038FB0128F4D9BC23A384F6E700F10805DFE70023A38470BD9E2375
:2056A0008384C8E794F85330202B13D0284604F01DFB2044002680F851600F2204F1520151
:2056C00004F17A000DF030FA84F88960012384F89030DBE706490F2204F17A000DF024FAA3
:2056E000002384F88930F1E7802F0100DC3400204030010010B5B0F8503004466BB1853B16
:205700009AB20A2A29D80A2B27D8DFE803F03D2646262626262611261A00C0F88C307B3043
:205720000CF0E6FFC4F88C00D8B18D23A4F8503027492046FFF744FF012811D98F23A4F87B
:205740005030D4F88C3020469847012808D9214B00211022C4F88C101A700023A4F8503012
:2057600010BD1D4B84F8890007CBC4F87A001888A4F886009878C4F87E108523C4F88220C5
:2057800084F88800A4F8503014492046FFF718FF0128E5D98723A4F85030B4F8483053B144
:2057A000552B0BD00B4A00231021A4F848301170A4F8503010BD5523A4F848300849582210
:2057C00004F12C0004F044FA0128EBD8C8E700BF882F0100DC340020F82E0100E02F0100FD
:2057E000082F0100F0B5304D2B7813F0300683B0044614D11A0612D413F040071AD10028AE
:2058000045D01B0746D509F079FFB8B32023C4F88C70214625482B7000F03EFB2EE0A4B362
:20582000224800232146C4F88C3003B0BDE8F04000F032BB1D4800F013FB044638B31C4B98
:20584000014604F15205186809F002FD2722294604F10800019504F0B1FA019904F12C0098
:20586000272204F0ABFA4FF4A061A4F85060C4F88C6084F89060204609F024FF2046FFF7C4
:20588000D1FE94F89030012B07D003B0F0BD20232B70FAE709F02CFFF0E7204603B0BDE812
:2058A000F040FFF727BF00BFDC340020DC0000207C2F002008B54FF4A04009F0B3FCBDE8F9
:2058C0000840014800F0BABADC000020EFF3108072B6704780F31088704700BF10B51B4ADB
:2058E0001B4C00234FF0010C40FA03F1C90713D59178B9B1117892F801E001F01F0141EA49
:205900004E111F29C6BF01F01F01A6464FF0A04E0CFA01F1CEF808150133042B02F10302FB
:20592000E2D110BD117892F801E001F01F0141EA4E111F29C6BF01F01F01A6464FF0A04E61
:205940000CFA01F1CEF80C15E6E700BFB02C0100000300500F4A10B40F4C02F10C0C032006
:205960001378517803F01F0343EA41131F2BC6BF03F01F0321464FF0A04103F5E073033252
:20598000944541F82300EBD15DF8044B0F20FFF7A5BF00BFB02C01000003005010B50948E4
:2059A000FFF7D2F8084800F0ABFB48B1064C037A5B0801460372204600F06EFB0028F6D1AC
:2059C00010BD00BF90070020E80000200146014800F0C4BBE800002080B110B50446FEF740
:2059E00075FC2368C01AB0F5963F05D2207A032894BF0020012010BD002010BD0020704796
:205A000070B50546144689B1022907D006290CD129462B48BDE8704000F0A0BB2848294613
:205A200000F09CFB0646002832D170BD2448294600F094FB0646002835D0FEF747FC337A83
:205A400030602344102BA8BF10233372FEF73EFC3368C01AE401B0F5963FA4B208D2337AF5
:205A6000042BB38834BF19220A222BB9B48070BDB3881922002BF9D0C2F16400114904FB43
:205A800002F203FB0022A1FB02325209B28070BDFEF71CFC337A30602344102BA8BF1023E2
:205AA00033720C34D2E7334605480822294600F071FB06460028B8D047F6FF73C380BCE7FC
:205AC000E80000201F85EB5138B50546042003F095FE29460446224824B200F03FFB40B3E6
:205AE000B0F9062047F6FF739A422DD004EB84035B001C4C5A2112FB013284FB0234D217BD
:205B0000C2EB6414838824B2C48003B138BD04F15A0212B222EAE2721E2A134BA8BF1E22D0
:205B2000D201A3FB0232120902F5807292B2828038BD034608220A48294600F02BFB00280F
:205B4000E4D047F6FF73C3808388C480002BDDD147F6FF739C42DAD14FF48072E7E700BF7D
:205B6000E80000201F85EB518988888838B5094800F0C6FA60B1074D04462146284600F0BA
:205B80008FFB2146284600F087FA04460028F4D138BD00BFE800002000B5002183B00848E9
:205BA00000F058FA074B084A1B680093074800234FF4E131FEF7A2FF03B05DF804FB00BFC6
:205BC000E8000020041000209D590000900700200B684A6842600360704700BF08B5082255
:205BE0000CF046FFB0FA80F0400908BD0368DBB110B4002400E0134699420FD01A681C4686
:205C0000002AF8D100230B600368CBB11A461B68002BFBD111605DF8044B70470A686CB1E7
:205C2000226000221A60EDE700230B6003684BB11A461B68002BFBD1116070470260F0E742
:205C40000160E8E70160704730B405684DB12B46002400E01346994207D01A681C46002A1F
:205C6000F8D10D6030BC016070470A683CB1226000221A6005680D6030BC0160704702602D
:205C8000F6E700BF03689BB110B4002400E0134699421A6805D01C46002AF8D15DF8044B65
:205CA000704734B1226000221A605DF8044B704770470260F7E700BF03682BB100201B682F
:205CC0000130002BFBD1704718467047006848B1884202D105E0814203D000680028FAD1FC
:205CE00070470120704700BF00B58BB00246282168460CF065F96946024803F0F1FD0BB038
:205D00005DF804FB5430010008B3F8B50025114F0446012665B1EB070FD52178384603F056
:205D2000DFFD082E12D0013501360134002DF2D12178384603F0D4FDF5E72E2004F048F8A4
:205D40002178384603F0CCFD082EECD1F8BD024803F0C6BD683001005830010008B5034BDB
:205D60005B689847024B187008BD00BF00330100BC340020034B197806204A1C1A7003F0FC
:205D800037BD00BFBC340020F8B5FEF79FFA104E0746344600250C2003F03EFD2146FFF704
:205DA0001DFF103420B90135102DF4D10020F8BD062006EB051503F021FD2B7B8342F5D12A
:205DC000A868381AB0F5206F8CBF00200120F8BDB807002070B5184E002435460C2003F0C4
:205DE0001BFD2946FFF7FAFE103510BB0134102CF4D10F2406EB041C64465CF8100DDCF8B5
:205E00000410DCF80820DCF80C3066450FC4F3D1062003F0F3FC3073FEF758FA03460C20B9
:205E2000B36003F0F9FCBDE8704001460248FFF7CFBE002CDED1EBE7B807002010B5044663
:205E40004288406800210CF04BFE23886288A06803FB02F2BDE8104000210CF041BE00BF0B
:205E600030B44588ADB14368002202E00132AA420CD0194601330C78002CF7D101230B70BF
:205E80000588806802FB050030BC7047002030BC70472846F8E700BF10B4448882685CB192
:205EA0008A420ED0B0F800C0002301E0914209D00133A3426244F9D14FF0FF305DF8044B85
:205EC000704700234268D15C0029F5D00020D0545DF8044B704700BF83688B4208D8428863
:205EE000008800FB023081422CBF00200120704700207047418849B143680020194413F87A
:205F0000012B02B901308B42F9D170470846704738B50D4B0D4D1C68002818BF05463CB1BC
:205F2000211D2846FFF75AFE28B92468002CF7D14FF0FF3038BD064A064B9068201A801040
:205F400003FB00F038BD00BFE80800204C300100FC000020ABAAAAAAF8B50F4B1C68C4B14D
:205F60000E4F0F4E0F4D002004E0211D05F0DEFC24686CB1B368E31A9B1005FB03F3FB5C41
:205F8000002BF5D10028F0D1201D2468002CF1D1F8BD2046F8BD00BFE8080020D8080020D1
:205FA000FC000020ABAAAAAA2DE9F84F234CDFF8A0B0DFF88CA0DFF88C900546884604F125
:205FC000200754F8043FBBB19E68AEB1A5B1DAF80820AA1A91100C3209FB01F10CD05868B5
:205FE000DA6800FB012038B11BF801201B6842FA03F3DB0700D5B047BC42E2D1D5B1104B31
:20600000104A9B68EB1A9B1002FB03F30E490F480022CA5429460BF80320FFF733FEB8F12D
:20602000000F01D1BDE8F88F29460548BDE8F84FFFF732BF4FF0FF33E8E700BFB4080020E9
:20604000FC000020ABAAAAAAD8080020E8080020C009002038B10368072B04D80C4A52F880
:206060002330984211D00B4A1368072B0BD810B48160074903605C1C41F82300146001206C
:206080005DF8044B704700207047816001207047B8080020BC090020844638B339B3F0B50A
:2060A000C46845680B1B93FBF5F3591C1CD0114A966803EB430316EB830315D00E4FDFF8DD
:2060C0003CE01B68991B8A1007FB02F202FB054053B10C3108D030B11EF80220DCF8001085
:2060E0000A41D207EDD5F0BD0020F0BD70470846704700BFFC000020ABAAAAAAC009002017
:20610000124B1968F9B1124B9B68C91AD0B111F10C0F17D00F4BC268891001FB03F3416877
:2061200001FB032179B110B40B4C0268E35C1341DB0703D508465DF8044B70475DF8044BF6
:20614000FFF7AABF0021FFF7A7BF00BFE8080020FC000020ABAAAAAAC009002010B50446D7
:206160000846FFF7D5FE84B1431C02460DD06068E36800FB023038B1054B21689B5C0B410A
:2061800013F0010F08BF002010BD002010BD00BFC00900202DE9F041002843D03B4B0C4649
:2061A000002908BF1C4621460546FFF7D7FF00283CD000262046FFF7ABFE471C18D06A6893
:2061C000EC6802FB0044002120460CF089FCEB686A68E31A93FBF2F35A1C06D028682C493C
:2061E00001228240C85C0243CA542046BDE8F081DFF8A4804046FFF733FE074630B3254872
:206200003946FFF7F3FCD8F808602146BE1B381DFFF7DEFC16F10C0F2BD100216A6808461E
:206220000CF05EFC00242046BDE8F0812046FFF76FFE0130BDD11848FFF75CFE0028B8D17F
:20624000FFF78AFE06460028ECD0B3E7002EE9D03046FFF75DFE411CE4D0D8F8083000EB44
:20626000400013EB8007DDD000213846FFF79CFEC5E70A496A68EC68B31001FB03F302FBA6
:206280000344002120460CF02BFCA0E74C300100C0090020E8080020FC000020ABAAAAAA4B
:2062A00020B321B3C3684268CB1A93FBF2F35A1C1DD030B5104C056814F803C0012202FA0B
:2062C00005FE2CEA0E0C04F803C0C3684468CB1A93FBF4F3591C0CD0084C0068E15C02FA55
:2062E00000F021EA0001E154104630BD704700207047104630BD00BFC0090020D8080020B1
:2063000098B189B1C2684368891A91FBF3F14B1C0AD0064A036812F801C0012000FA03F33A
:2063200043EA0C035354704700207047D8080020A0B1A1B1C2684368891A91FBF3F14B1CFA
:206340000DD010B4074C0268635C012000FA02F223EA020363545DF8044B70477047002016
:20636000704700BFD808002088B179B1C2684368881A90FBF3F0431C08D0054B996800EBEC
:20638000400011EB800002D00430704700207047FC00002070B50B4B1C685CB105460E46E6
:2063A000012D09D01DB963680BB1984718B92468002CF5D1002070BDA3683046002BF6D08C
:2063C0009847F3E7D0090020054A01231361D2F8503513F0FF03FAD1C2F8FC3F0120704738
:2063E00000100040A1B119280ED8DFE800F00F180D0D2D24635E47410D130D0D0D807C7887
:20640000740D706C683D3A36012070470020704702207047384B1B780B6000207047374BA8
:20642000374AD3F80835A2FB03239B080A33DBB200200B607047334BDB7800200860002BDD
:20644000E4D001230B6070472E4B1B7800200860002BDBD004230B6070477D230B60002064
:20646000704700200860704710230B6000207047254B93F900300B60002070471F4A0123B6
:2064800082B05361D2F81C31002BFBD00020C2F81C01D2F81C310193019BD2F8483503F091
:2064A0007F035B420B6002B07047164B5B790B6000207047134B5B780B60002070470A23D2
:2064C0000B600020704720230B600020704703230B600020704708230B6000207047D82325
:2064E0000B60002070471A230B60002070470B230B600020704700BFBD340020001000404B
:20650000CDCCCCCC18010020BE3400200120704730B583B0FFF7DAF9BFF35F8F1D4B1B78AB
:20652000ABB11D4B1D4902224FF0FF34C1F80843C3F88021C3F88020BFF34F8FBFF36F8FA0
:20654000BFF35F8F03B0BDE83040FFF7C3B903F0FF02124B1049C3F83021D3F830410194DA
:20656000019CC3F83421D3F8342100924FF0FF34009DC3F8084302224FF44054C1F8802152
:20658000C3F804430A60BFF35F8F03B0BDE83040FFF7A0B91801002000E100E0001000408E
:2065A000144BD3F8FC0F28B1D3F85025D2B2032A01D000207047104A127802F0FF0072B13C
:2065C0000E4A1278053A7A2AF3D8D3F83021002AEFD1D3F83401B0FA80F040097047074ABA
:2065E0001378053B7A2BE5D892F8800080F00100704700BF0010004018010020D4090020F7
:20660000074A1378053B7A2B08D8064BD3F8303113B992F880007047012070470020704720
:20662000D4090020001000400D2801D001207047042A05D121B1034B1B680B600020704746
:2066400002207047580A002070B51B4CD4F85055EDB2032D82B02AD0184B194A1949C4F803
:206660000415C3F8102502F5DE421432C3F8142501264FF00062C3F80465C3F80425FFF7FA
:2066800047FFD4F8003243F01003C4F80032D4F80032022D43F40023C4F8003209D0002311
:2066A000C4F85831D4F858310193019B666002B070BDA66002B070BD0010004000F0014005
:2066C00038110040D409002070B5324B324D0022C3F8382184B0D3F838410094009CC3F87A
:2066E0000C21D3F80C410194019CC3F83421D3F834410294029CC3F830212C78D3F83031C3
:206700000393631F7A2B039A02D8023CA1420ADA8122002120480CF0E3F9FFF795FF00248E
:20672000204604B070BD2246691C0CF0B1F92B191A4E5B78174A3F2B9ABF9B00DBB2FF2392
:206740003370D2F84815164B01F07F01494249B21970042089B203F04BF83178032003F03A
:2067600047F8104B2A7810491A74D1F84C055860D1F8481599605200DA6058680238186007
:206780008122002104480CF0ABF9FFF75DFF204604B070BD00100040D4090020BD34002052
:2067A000BE340020580A0020008000407D2910B50C4609D801460A48A31C00F8013B2246F3
:2067C0000CF066F9002010BD064A0749074803F087F87D222146064803F082F8012010BD61
:2067E0006C0A00207030010080300100C42C01008430010010B4174B17490F22C3F8102564
:206800008A780A3A02EB8202C3F808250879CC798A794979120642EA0422024342EA014230
:20682000C3F86C260D4C0E4840F202210022C3F83415C3F838457F21C3F83C2540F2012298
:20684000C3F81405C3F81815C3F850265DF8044B704700BF00100040180100202110010076
:206860000800000608B5084BD3F8FC2F1AB1FFF7EBFE012008BD0122C3F8FC2FFFF7BAFFBC
:20688000FFF7E2FE012008BD0010004010B51C491C4C1D484FF0804200230B6023704B6028
:2068A00003708B6082B0CB600B74C2F80031D2F800310093012300991360D2F80031002BCF
:2068C000FBD00024C2F80041D2F80031019321460E48019B03F0CEF8214681220C480CF0D3
:2068E000FFF80C4B0122C3F8FC2FFFF783FF0A4A1378DBB21370FFF70BFE204602B010BDF6
:20690000580A0020BE340020BD34002008010020D4090020001000401801002000B51B4B08
:20692000D3F8FC2F85B052B3FFF78EFE174B0022C3F84821D3F8481103910399C3F8442189
:20694000D3F8441102910299C3F84C21D3F84C21019201220199DA6202E0D3F844211AB918
:20696000D3F84821002AF8D0084BD3F84801D3F84431B0FA80F0400905B05DF804FB0122BB
:20698000C3F8FC2FFFF736FFCEE700BF0010004010B50388044663B140F2D33293420DD18A
:2069A000822901D0012010BD134A1378053B7A2B08D940F2D3332380012010BD0023038050
:2069C000032010BD0D4BD3F830311BB992F88030002BEED00BF05EFC02F0C6FD02F09AFEB8
:2069E0008021FFF771FE0028E3DD80B202F08CFE034BDB689847DCE7D4090020001000407B
:206A0000B42E010010B57D2884B060D8364BD3F8FC2F002A4FD0354CFFF716FEE378002BEC
:206A200043D16378304ADBB20121C2F80C35D160D2F85035DBB2022BFAD100232C49C2F8EC
:206A40000415C2F80C31D2F80C1101910199C2F86C31D2F86C1102910299C2F85431D2F83E
:206A600054310393039BD2F8003223F01003C2F80032D2F80032012143F48023C2F800326B
:206A8000116005F0EDFD6FF002031C1A05F0E8FDE042FBD4144AD2F85035DBB20B2BFAD007
:206AA000FFF7D2FD002004B010BDFFF737FF0028B7D10220F7E701220C4CC3F8FC2FFFF73D
:206AC00099FEFFF7C1FDE378002BAAD0EDE7094A09490446094802F003FF2146084802F0BA
:206AE000FFFE012004B010BD00100040180100206C0A00207030010080300100C42C010095
:206B0000A03001007D2910B50C460CD801460D48A31C224600F8013B0BF0BAFF2046BDE84D
:206B20001040FFF76FBF084A0849094802F0D8FE214608487D2202F0D3FE2046BDE81040B1
:206B4000FFF760BF6C0A00207030010080300100C42C01008430010010B507280FD8DFE8F0
:206B600000F0101F0E0E404B52043D4B3D48C9B25971D0F8FC2F002A59D1002010BD012052
:206B800010BD012961D0002949D1364B01221A61D3F8500510F0FF00FAD1C3F8FC0F10BDEE
:206BA000A1F10B030F2B3AD82D4B2E4AC8B29870D2F8FC3F002BE0D001231361D2F85035B0
:206BC00013F0FF03FAD10A3901EB8101C2F8FC3FC2F80815D2F8FC3F1BB3FFF735FD00204D
:206BE00010BD31F007041AD11D4BC1F380011970FFF78EFC204610BD31F001000FD1184B73
:206C0000C9B2D97010BD164A164BC9B25170D3F8FC2F002AB1D0C3F80C15002010BD02205A
:206C200010BD0123C2F8FC3FFFF7E4FDD5E71C7993F807C09A795979130643EA0C23234334
:206C400043EA0143C0F86C3697E7064BD3F8FC2F002AC2D1C3F8FC1FFFF7CCFDBDE700BFEF
:206C60001801002000100040184B1B7803B1704700B503F0FF02164BD3F8301183B029B9FF
:206C8000D3F8342192B903B05DF804FBC3F83021D3F8302100920F4B00990F48012283F8E0
:206CA000802003B05DF804EB02F0C4BFC3F83411D3F83431019381220648019B0BF010FF6D
:206CC00003B05DF804EBFFF7BFBC00BF1801002000100040D4090020080100200346002273
:206CE00053E8000F00EA020143E8001C9CF0000FF6D1704710B580B1012800D010BD0E4CE7
:206D00002369A070002BF9D01A6822615B68012098472369002BF7D1F0E7074CA368012244
:206D20006270002BEAD01A68A2605B6800209847A368002BF7D110BDF00A002010B50B4C55
:206D4000237882B013B1852002B010BD08486360A3602361E36000F0B3F8019000F0BCF8D1
:206D600001980123237002B010BD00BFF00A0020F56C000038B5154DAB78044673B110B169
:206D80004368012098470020FDF752F8EB680133EB600020BDE83840FDF752B803F0FF00EB
:206DA000FDF746F864B12A6942B1944208D0134601E09C4204D01B68002BFAD122602C61E4
:206DC000EB68002BE2D100F09DF8DFE7F00A002038B5154D6B78044673B110B143680020F1
:206DE00098470020FDF724F86B6801336B600020BDE83840FDF724B803F0FF00FDF718F8AF
:206E000064B1AA6842B1944208D0134601E09C4204D01B68002BFAD12260AC606B68002BB9
:206E2000E2D100F081F8DFE7F00A002038B50B4C0020FCF7FDFF6368013B6360656825B196
:206E4000BDE838400020FCF7FBBF00F07DF865700020BDE83840FCF7F3BF00BFF00A002053
:206E600010B5074C23784BB9064B002808BF184600F02AFB08B90123237010BD852010BDF1
:206E8000BF3400200C31010000B583B0019000F04FFB00F055FB019800F03CFB00F040FBC3
:206EA000002003B05DF804FB034653E8000F00EA010243E8002C9CF0000FF6D1704700BFFC
:206EC000044A137923B90121106091801846704785207047040B0020084B1A68D20707D52F
:206EE000074A4FF080410123C1F8183513707047C02283F8002301221A60F1E700E100E027
:206F0000C03400204FF080430022C3F8042182B0D3F804210192019802210122C3F80413F3
:206F20009A6002B0704700BF4FF080430022C3F8002182B0D3F80021019201990122C3F806
:206F400004231A6002B070474FF0804201235360D2F80C3403F00113B3F1011FF8D0024B65
:206F600000225A71704700BF040B002010B54FF0804382B0D3F8002162B10021164AC3F84B
:206F80000011D3F80011507900910121009CC3F80813A8B14FF08043D3F80421CAB100222E
:206FA000C3F80421D3F80421019202210A4A0198C3F808131368012002B0BDE810401847E6
:206FC0001368517198474FF08043D3F80421002AE5D102B010BD00BF040B002070B5184DCC
:206FE00095F86A4082B044BB3022A818FF210BF077FD28464FF0FF3640F8046B2C22FF2191
:207000000BF06EFD0F4BA5F86840C022C5E9186483F8062340221A600B4BC3F87C41D3F846
:207020007C11019101984FF000420121204685F86A10C3F8042302B070BD082002B070BDD0
:207040000C0B002000E100E000600040034B93F86A00003818BF0120704700BF0C0B002078
:20706000F0B5444D2B1893F93030002B01DB0820F0BD8E78C6F34006002E0CBF0823002383
:2070800005EB830CACF1040C0CBF4FF00C0E4FF0080E02E001339E453ED95CF8044F01345F
:2070A000F8D145F823202A185CB282F8304016B9EA1882F858008A7856071ED4D70749D55D
:2070C0001F2887BF2C4A00F01F0606464FF0A04202EB8602D2F8006726F00206C2F8006746
:2070E000264FC60800F0070E17F806C0012202FA0EF242EA0C02BA558A7812F002020DD125
:20710000083C45FA84F5097895F8603043EA811385F860301046F0BD0420F0BD9B0003F1A4
:20712000804303F5C0430978D3F8104524F44F3424F44074C3F8104502020904D3F8100588
:2071400001F4403102F47C520A430243C3F810250020F0BD1F284E7887BF074F00F01F02FC
:2071600002464FF0A04702F5E072B60047F82260B6E700BF0C0B002000030050700B002060
:2071800030B4344C04EB000C82B09CF93030072B24DD083B44FA83F393F860309B09032B52
:2071A00047D0012B0CBF4FF400324FF440321F288ABF294B4FF0A04300F01F0003EB8000F4
:2071C000D0F8003723F44033C0F80037D0F800371A43C0F8002702B030BC7047DAB2072AEA
:2071E000F9D8980000F1804003F1400200F5C04052B29200D0F8105592B202F1804202F597
:20720000C04245F00105C0F810550020106012680192019A0029DED09CF9302054F8222092
:20722000002AD8D00D49012202FA03F3C1F80433D1E71F288ABF084A4FF0A04200F01F0354
:20724000D2F8102598BF0346DA4002F0010202321204ACE70C0B0020000300500060004079
:20726000194B034493F93030072B18DCDAB2072A14D810B49A0002F1804202F5C042134C3D
:20728000D2F81005012120F0010001FA03F3C2F81005C4F808335DF8044B704770471F28CC
:2072A0008ABF0B4B4FF0A04300F01F0003EB8000D0F8003723F44033C0F80037D0F8003719
:2072C000C0F80037704700BF0C0B002000600040000300502DE9F04F0022164689B0CDE95D
:2072E0000222724B724C73480122354604E0043383424FEA420211D019680129F7D1D4F819
:2073000004131142F3D01D60196800910433834246EA020600994FEA4202EDD1644BD3F82F
:207320007C21012A21D0F3B2D3B1634F01250024A30003F180432E4203F5C0434FEA450527
:207340000BD0D3F8100557F82420D3F81015C0F30520C1F3014102B190470134082CE7D176
:20736000002E16DB09B0BDE8F08F0022C3F87C21D3F87C3101934FF0A042019BD2F81025CF
:207380004E4B0292D3F810250392F3B2002B40F089804FF0FF334A4D0DF1100ACDE9063313
:2073A00000220492CAF80420A5F16408454C0027012614F9010B431C33D0C0F3C20E0EF151
:2073C00020030DEB030C00F007031CF8081C06FA03F31942C2B200F03F0022D008EB000177
:2073E00091F9301058F821909109B9F1000F4BD003294BD01F288BBFDFF8C0E04FF0A04ED8
:2074000002F01F0202460EEB82021CF818ECD2F800C71EEA030FCCF3014C1AD1BCF1030F1B
:207420003BD0A542C5D1002F9CD04FF0A0430299D3F81035214A9942D2F8102502D10399A8
:2074400091428FD0DDE904010293069003920791ACE7BCF1020FE4D1032904D0B9F1000F18
:20746000DFD0C847DDE74FF4403CD2F8003723F44033C2F80037D2F8003701374CEA0303DA
:20748000FFB2C2F80037E9E70329CAD11AF80EB04BEA030B0AF80EB0ACE70329DED14FF42F
:2074A000003CE2E746F000463FE700BF0061004000600040206100400C0B002000030050DA
:2074C000700B00206C0B0020104A1378E3B903784FF08041C3F34003C1F8803503780C4848
:2074E00003F00103C1F878350368DB0703D50123137000207047C02380F800330123036077
:20750000012313700020704785207047C134002000E100E0014B02681A607047800B002029
:207520004FF080434FF46072C3F80423704700BF4FF080434FF46072C3F80823704700BF69
:20754000014B00221A607047800B002010B54FF0804386B0D3F80443620703D5D3F808219D
:20756000002A62D1A30605D54FF08043D3F81421002A4FD1600605D54FF08043D3F8182199
:20758000002A3BD1210604D54FF08043D3F81C214ABBE20504D54FF08043D3F82021B2B96D
:2075A000A30512D54FF08043D3F824216AB10022C3F82421D3F82421214B0592059A1B68B8
:2075C000022006B0BDE81040184706B010BD0022C3F820211A4AD3F820310493012013682B
:2075E000049A9847DCE70020C3F81C01144AD3F81C3103931368039A9847CAE70022C3F8C2
:207600001821104AD3F81831029301201368029A9847B7E70020C3F814010A4AD3F8143125
:2076200001931368019A9847A4E70022C3F80821054AD3F8083100931368009A984791E7DE
:20764000800B00207C0B0020780B002008B5FFF77DFFBDE80840FFF789BC00BF074B0022AB
:20766000C3F8002182B0D3F800210192019A044AD3F808051368C0B202B0184700D00040AE
:20768000840B002030B41F4C437944F823201E4C03EB4303E35C93BB90F904308A78002B9C
:2076A00026DB03F16043520103F56143D2B283F8002390F90430002B09DB144D4FEA531C4C
:2076C000012203F01F0302FA03F345F82C3003680A88C3F8082543790879C97803EB430350
:2076E000E21850700120E0549170002030BC7047074D03F00F035201D2B2EA54D9E7082061
:2077000030BC70478C0B0020880B002000E100E014ED00E00368044A01211960437903EBBC
:2077200043030221D1547047880B002010B403680024C3F8004183B0D3F8004103680194C3
:207740000122019CC3F8442311B10368C3F8042303B05DF8044B70472DE9F041274E284FF7
:20776000DFF8A08084B000244FF48035D6F804332B4211D057F824300022E0B263B1C6F846
:207780004853C6F8085347F8242057F824300393D8F80030039A98470134032C4FEA450516
:2077A000E4D1164BD3F80423D10702D5D3F80021C2B9124BD3F80423920710D5D3F80421EE
:2077C0006AB10022C3F80421D3F804210D4B0192019A1B68052004B0BDE8F041184704B0D1
:2077E000BDE8F0810022C3F80021064AD3F80031029304201368029A9847DAE700B00040C9
:2078000040B100408C0B0020084B09491B684FF0E022A1FB03139B0C916903FB00F09369DA
:20782000CB1A23F07F438342F9D37047F001002083DE1B4330B44C689C4208D2002545605C
:207840000968016093420CD0002030BC704743600D6805600868E41A184493424C600860B2
:20786000F2D1201E18BF012030BC70474B689A4228BF1A460B68C0E90032D1E90030801AC4
:207880001A44C1E90020003818BF0120704700BF4B689A4228BF1A4662B10B68C0E90032E3
:2078A000D1E90030801A1344C1E90030101E18BF012070471346F1E700B50A480A4A0B4956
:2078C000126883B000234FF0010C0370ADF805308DF807308DF804C001A80B70904703B08C
:2078E0005DF804FBC2340020900D0020C5340020704700BF00B583B00D4B0E4900228DF894
:207900000420D3F82025ADF80620D3F8C0040A4A0968136800280CBF4FF480704FF0012013
:20792000034301A81360884703B05DF804FB00BF00700240900D00206C0C002010B5264B13
:20794000D3F80044C3F8004482B0BFF36F8FBFF34F8FBFF36F8FBFF34F8FE1050ED51F4837
:207960001F4A002302218DF80730ADF805308DF804100368012101A811709847A2050DD50A
:20798000164A17491268002303208DF80400ADF805308DF8073001A80B709047630519D5F7
:2079A0000F4B1A78B2B10C49012000221A70C1F808058865BFF36F8FBFF34F8F074BADF86C
:2079C000052004211B688DF804100DEB01008DF80720984702B010BD00700240900D0020CF
:2079E000C2340020F8B54B680B4F934228BF13461D460C4606461A46096838460BF048F817
:207A0000C6E90075D4E90020401B2A44C4E90020003818BF0120F8BD980D002070B54B684D
:207A2000934228BF13460D461C4606465BB933607460D5E90032121B2344C5E90032201E13
:207A400018BF012070BD044B0968224618460BF01FF83060ECE700BF980D002030B53A4A19
:207A60004FF0010C13680CFA01F423431360030683B0054610D4354B1B681C420AD1344B45
:207A80008DF8060006221B688DF804208DF807C001A8984703B030BD2E4B00F00F0133F8EF
:207AA000113003F1804303F51C331A68E2B100221A60BFF36F8FBFF34F8F4FF080538028DC
:207AC000D3F8303121D0082B04BF234BC3F81C2C224B00221A70224B03EB01120801927B85
:207AE000032A29D01B583BB3184B19682140D1D1174B8DF8065006221B688DF804208DF802
:207B0000071001A8984703B030BD082B04BF124BC3F81C2C114A134B0021117093F89E202C
:207B2000032A03D0D3F89030002BDDD16FF001010648FFF7B9F9D7E7012303FA01F1C943AD
:207B40000248FFF7B1F9CFE76C0C0020FC0B0020900D00201C31010000700240C3340020F2
:207B6000000D0020700C0020064B93F900201878002AB4BF0021102100F00F031944FFF76B
:207B80006DBF00BFC53400204FF08053D3F83031082B03D1114B0022C3F81C2C104B114966
:207BA00093F88E200020032A087002D0D3F8803003B1704700B56FF0807183B00A48FFF78F
:207BC00073F90A4B062108221B688DF80410ADF8062001A8984703B05DF804FB007002406B
:207BE000700C0020C3340020FC0B0020900D00204FF08053D3F83031082B03D1144B002228
:207C0000C3F81C2C134B144993F81E210020032A087003D0D3F810312BB170470F486FF4EB
:207C20008071FFF741B900B56FF4807183B00B48FFF73AF90A4B062188221B688DF8041069
:207C4000ADF8062001A8984703B05DF804FB00BF00700240700C0020C3340020FC0B00207F
:207C6000900D00202DE9F04FDFF8E882DFF8E892D8F80040D9F80030234089B000F0C9807A
:207C800013F0012400F0C88094FAA4F4002C00F0C880B4FA84FA55460F2D1BD8DFF8BC92DF
:207CA0004FEA0A1B09EB0A1659F80B30B289716806A898476AF07F077FB2CDF804A008B9EA
:207CC00049F80B00012303FA0AFA6FEA0A0A05F0080B2CE0AAF1100B012303FA0AFA4FFA8E
:207CE0008BF30193954B5FFA8BF51BF0080B6FEA0A0A2C4603EB051640F09B800395904AF6
:207D000005F594734FF0000B52F82330B28971683768029306A8B847069A22B1079A029BD5
:207D20009A42C0F0E880019F019400B930604FF08053D3F83031082B03D1814B8222C3F861
:207D40001C2CD8F80030079A03EA0A03C8F80030B3681344B3607B4B0121002F197006998C
:207D600075DBBBF1000F00F08D80754BC3F8A017C3F8A4274FF08053AD00D3F83021082A36
:207D800040F09380D3F83431002B40F08E80002F6D4B6E4AB4BF042628263544EEB2B8BFED
:207DA0009846019B664D06F18046A8BF904606F51C3608EB430800270124C5F80471BFF3E1
:207DC0006F8FBFF34F8F3460BFF36F8FBFF34F8F0220FFF719FDD5F80431002BEDD01E20EB
:207DE000FFF712FDD5F874349A0606D40220FFF70BFDD5F874349B06F8D50120FFF704FD74
:207E0000B8F8003003F1804303F51C331B68002BD3D009B0BDE8F08F93FAA3F4002C7FF493
:207E200038AF1023454E0393254601934FF0FF3A65E7434BD3F8C034D9037DD5B2897168AD
:207E40003468019F019506A80023A0476DE7BBF1000F6AD105EB85039B0003F1804303F58C
:207E60001C33AD00C3F80016C3F804264FF08053D3F83021082A03D1D3F83431002B86D06B
:207E8000042313E005EB85039B0003F1804303F51C33AD00C3F80017C3F804274FF0805340
:207EA000D3F83021082A3FF46DAF28232B44DBB203F1804303F51C3301221A60BFF36F8F93
:207EC000BFF34F8F214A204B1D4913EA270338BF1346019A33F8122002F1804202F51C326D
:207EE00003E0D1F80031002B93D11368002BF8D009B0BDE8F08F02245146B4734846FEF764
:207F0000D3FF039B8DF81630114B8DF8174006221B688DF8142005A89847D9F80030D8F82D
:207F2000004023407FF4ACAE73E7054BAD00C3F8A016C3F8A42699E70395E7E6700C002003
:207F400000700240C33400201C3101003C310100900D00206C0C0020FC0B0020000D0020F3
:207F600038B5224BD3F86C44C3F86C44BFF36F8FBFF34F8F4FF08053D3F83021082A28D029
:207F80009CB1012594FAA4F3B3FA83F21146D3B10F2AA2F1100005FA02F30DDDC0B224EA12
:207FA0000304FFF75BFD002CECD1114B1B787BB9BDE83840FFF756BE05FA02F241F0800095
:207FC00024EA0204EDE720211020FFF747FDD9E738BDD3F83431002BD2D1064A136823F07D
:207FE000011103F001130C431360C9E700700240C3340020940D002010B54FF0805382B063
:20800000D3F83031082B03D1164B0022C3F81C2C154B164C93F85E200021032A217006D027
:208020001B6D73B102B0BDE81040FFF71BBE10486FF40011FEF738FF2378002BF2D002B0EC
:2080400010BD6FF400110A48FEF72EFF094B062105221B688DF80410ADF8062001A898475A
:20806000EAE700BF00700240700C0020C3340020FC0B0020900D00204FF08053D3F83031E9
:20808000082B03D10A4B0022C3F81C2C094B0A4993F89E200020032A087003D0D3F890304C
:2080A00003B1704705486FF00101FEF7FDBE00BF00700240700C0020C3340020FC0B0020AC
:2080C0004FF08053D3F83031082B03D10A4B0022C3F81C2C094B0A4993F8AE200020032A94
:2080E000087003D0D3F8A03003B1704705486FF00201FEF7D9BE00BF00700240700C0020E7
:20810000C3340020FC0B00204FF08053D3F83031082B03D10A4B0022C3F81C2C094B0A49BB
:2081200093F8BE200020032A087003D0D3F8B03003B1704705486FF00401FEF7B5BE00BF50
:2081400000700240700C0020C3340020FC0B00204FF08053D3F83031082B03D10A4B0022D7
:20816000C3F81C2C094B0A4993F80E210020032A087003D0D3F8003103B1704705486FF0F0
:208180008001FEF791BE00BF00700240700C0020C3340020FC0B00204FF08053D3F8303191
:2081A000082B03D10A4B0022C3F81C2C094B0A4993F8CE200020032A087003D0D3F8C030CB
:2081C00003B1704705486FF00801FEF76DBE00BF00700240700C0020C3340020FC0B002014
:2081E0004FF08053D3F83031082B03D10A4B0022C3F81C2C094B0A4993F8DE200020032A43
:20820000087003D0D3F8D03003B1704705486FF01001FEF749BE00BF00700240700C002017
:20822000C3340020FC0B00204FF08053D3F83031082B03D10A4B0022C3F81C2C094B0A499A
:2082400093F8EE200020032A087003D0D3F8E03003B1704705486FF02001FEF725BE00BF43
:2082600000700240700C0020C3340020FC0B00204FF08053D3F83031082B03D10A4B0022B6
:20828000C3F81C2C094B0A4993F8FE200020032A087003D0D3F8F03003B1704705486FF0F1
:2082A0004001FEF701BE00BF00700240700C0020C3340020FC0B002010B54FF0805382B075
:2082C000D3F83031082B03D1154B0022C3F81C2C144B154C9A7F0021032A217006D01B69D4
:2082E00073B102B0BDE81040FFF7BCBC0F486FF40031FEF7D9FD2378002BF2D002B010BD88
:208300006FF400310948FEF7CFFD094B062101221B688DF80410ADF8062001A89847EAE7D9
:2083200000700240700C0020C3340020FC0B0020900D002010B54FF0805382B0D3F83031BF
:20834000082B03D1154B0022C3F81C2C144B154C93F86E200021032A217006D01B6E73B156
:2083600002B0BDE81040FFF77DBC0F486FF48001FEF79AFD2378002BF2D002B010BD6FF4F6
:2083800080010948FEF790FD084A062312688DF80430ADF8063001A89047EBE700700240FC
:2083A000700C0020C3340020FC0B0020900D002010B54FF0805382B0D3F83031082B03D1EA
:2083C000164B0022C3F81C2C154B164C93F87E200021032A217006D01B6F73B102B0BDE872
:2083E0001040FFF73FBC10486FF40001FEF75CFD2378002BF2D002B010BD6FF400010A4875
:20840000FEF752FD094B062107221B688DF80410ADF8062001A89847EAE700BF00700240C3
:20842000700C0020C3340020FC0B0020900D002010B54FF0805382B0D3F83031082B03D169
:20844000164B0022C3F81C2C154B164C93F82E200021032A217006D01B6A73B102B0BDE846
:208460001040FFF7FFBB10486FF48021FEF71CFD2378002BF2D002B010BD6FF480210A4835
:20848000FEF712FD094B062102221B688DF80410ADF8062001A89847EAE700BF0070024088
:2084A000700C0020C3340020FC0B0020900D002010B54FF0805382B0D3F83031082B03D1E9
:2084C000164B0022C3F81C2C154B164C93F83E200021032A217006D01B6B73B102B0BDE8B5
:2084E0001040FFF7BFBB10486FF40021FEF7DCFC2378002BF2D002B010BD6FF400210A4836
:20850000FEF7D2FC094B062103221B688DF80410ADF8062001A89847EAE700BF0070024047
:20852000700C0020C3340020FC0B0020900D002010B54FF0805382B0D3F83031082B03D168
:20854000164B0022C3F81C2C154B164C93F84E200021032A217006D01B6C73B102B0BDE823
:208560001040FFF77FBB10486FF48011FEF79CFC2378002BF2D002B010BD6FF480110A4855
:20858000FEF792FC094B042206211B688DF80410ADF806200DEB02009847E9E70070024075
:2085A000700C0020C3340020FC0B0020900D002030B41B4A147884BB1A4D1B4B2860012199
:2085C000117040201A4607E010F0080F0CBF40204FF40070013110320929A2F89C0082F828
:2085E0009E40C2F89040C2F89840C8B2ECD101224020002107E010F0080F0CBF40204FF43A
:20860000007001321033092A9881997319609960D0B2F0D1002030BC7047082030BC7047D9
:20862000C4340020900D0020700C00200249034A00230B6013707047900D0020C434002094
:208640006B4B4FF4006210B5C3F80024BFF36F8FBFF34F8F4FF08053D3F83021082A6AD041
:208660000D2A14D10020FBF7E3FB624BD3F8002C002A00F093800322C3F8142D0020FBF7EA
:20868000DFFB4FF08053D3F83031082B57D0584A0123C2F80035BFF36F8FBFF34F8FD2F8A9
:2086A00000341B05FBD54FF40063C2F80034BFF36F8FBFF34F8F4FF08053D3F83031082B51
:2086C0004CD04B4B4C494D488024C3F81C45002240F2FF14C3F830250C604FF080510260A9
:2086E000D1F83011464C4748082908BFC3F81C2C0023454A2370037002214FF080531170E6
:20870000D3F83021082A11D00D2A13D10020FBF78FFB384BD3F8002C002A49D00022C3F8D9
:20872000142DBDE810400020FBF78ABBD3F83431002BEBD110BDD3F83431002B92D10020EA
:20874000FBF776FB2B4BD3F8002C002A46D0C022C3F8142C0020FBF773FB98E70020FBF71B
:2087600067FB244BD3F8002C7AB30022C3F8142C0020FBF765FB4FF08053D3F83031082B04
:208780009FD11B4B40F2E3714022C3F80018C3F80428BFF36F8FBFF34F8F92E749F27532C6
:2087A0000321C3F8002CC3F8141DC3F8002C65E749F27531C3F8001CC3F8142DC3F8001C04
:2087C000BDE810400020FBF73BBB49F27531C3F8001CC3F8142CC3F8001CC9E749F2753280
:2087E000C021C3F8002CC3F8141CC3F8002CB1E70070024000E006406C0C0020FC0B0020B0
:20880000C3340020C5340020C4340020124B00221A7038B94FF08053D3F83021082A13D0D3
:208820000E4900E00E490F4B0F4AC3F80413C02082F82703802151600122C3F80425BFF396
:208840006F8FBFF34F8F7047D3F834210449034B002A18BF1946E6E7C23400200714C001F9
:208860000714E0010070024000E100E0024B1878003818BF01207047C4340020034B1878CF
:20888000012894BF00200120704700BFC434002010B50020FBF7CCFA174B1B7803F0FF0405
:2088A00063B1164AD2F82C356BB14FF080530021D3F83031C2F82C15082B0AD00020FBF784
:2088C000BFFA204610BD1C460020FBF7B9FA204610BD0B4BD3F8002C4AB949F27532C0213F
:2088E000C3F8002CC3F8141CC3F8002CE6E7C022C3F8142CE2E700BFC234002000700240C5
:2089000000E00640024B034AC3F80823704700BF0070024004148001024B034AC3F8042374
:20892000704700BF0070024004148001014B00221A707047C2340020064B10F0800FA3F13D
:20894000900208BF134600F00F0003EB00139889704700BF000D0020064A010600F00F0348
:208960004CBFD2F81005D2F81405D84000F00100704700BF007002402DE9F84347B2002F80
:2089800000F00F0504464FF00000B4BF80464FF010080E46FBF74CFA55B9324B1B78A3422B
:2089A00006D010240020FBF74BFA2046BDE8F8832D4BDFF8DCC01C68DCF80010E44308EB63
:2089C0000502A4B201230C4393401C4025D1002F2ADB264A2648DFF8BCE02F0102EB0519E2
:2089E00042F807E005EB450500EB850841EA030E96E807001F4DCCF800E00027802388E899
:208A00000700C9E9018789F80E700020C5F80431FBF716FA2046BDE8F88311240020FBF735
:208A20000FFA2046BDE8F8833268134F134802F0604205EB4508B2F1005F07EB880800EB10
:208A400005194FEA051706D0B268D20754BF0C4A0C4AC251CAE7B268D50754BF0A4A0B4AA5
:208A6000C251C3E7C53400206C0C0020700C0020900B002000E100E0000C0020000D002017
:208A8000E57900001D7A00006D78000091780000FC0B0020357800002DE9F04147B2002FB0
:208AA00000F00F0504464FF00000B4BF80464FF010080E46FBF7BCF955B91D4B1B78A342B0
:208AC00006D010240020FBF7BBF92046BDE8F081184B194A1C681168E443A844A4B20123FA
:208AE0000C4303FA08F31C401BD10B431349A1F1900C11EA270138BF6146280101EB05151F
:208B0000AC6037680F5013600D4B716869608022AC730020C3F80421FBF792F92046BDE895
:208B2000F08111240020FBF78BF92046BDE8F081C53400206C0C0020FC0B0020000D002078
:208B400000E100E000487047980D0020044B40F48070C3F81805BFF36F8FBFF34F8F70474E
:208B600000700240010718D4020600F00F0309D40B4A9B001A445068A0F10100B0FA80F0B6
:208B800040097047074A03F5847352F82300A0F10100B0FA80F0400970470020704700BFE6
:208BA0004074024000700240064BC3F80C05BFF34F8F40F48070C3F80C05BFF36F8FBFF30E
:208BC0004F8F7047007002400F4B002202604260D3F880240270D3F884244270D3F8882451
:208BE000D3F88C1442EA01224280D3F89024D3F8941442EA01228280D3F89824D3F89C3494
:208C000042EA0323C3807047007002404FF08053D3F83021082A07D00E4B0122DA64BFF3B3
:208C20006F8FBFF34F8F7047D3F83431002BF3D1EFF3108172B6074B0122DA64BFF36F8FD2
:208C4000BFF34F8FDA64BFF36F8FBFF34F8F81F310887047007002404FF08053D3F8303153
:208C6000082B03D1144B0022C3F81C2C134B14499A7B0020032A087018D010B51C6882B071
:208C800024B102B0BDE81040FFF7C0BF6FF480310C48FEF709F90C4BADF8064006221B6897
:208CA0008DF8042001A8984702B010BD05486FF48031FEF7F9B800BF00700240700C0020F0
:208CC000C3340020FC0B0020900D0020034B01221A65BFF36F8FBFF34F8F70470070024000
:208CE000034B01225A65BFF36F8FBFF34F8F704700700240014B1878704700BFC534002030
:208D000038B54FF080530446D3F83021082A23D00020FBF78DF814F0800F224814BF002240
:208D2000102204F00F0101230A4403FA02F2036814F0080423EA0203036008D11A4B01F576
:208D4000947143F82140BFF36F8FBFF34F8FBDE838400020FBF774B8D3F83451002DD7D1B2
:208D60002846FBF765F814F0800F0E4904F00F0414BF00221022A31801229A400B6840F2C1
:208D8000C57023EA0202084B0A6000EB4404C3F80048C3F80458D3F804382846BDE83840F1
:208DA000FBF74EB86C0C00200070024070B5044682B00020FBF73CF8220621D43B483C4965
:208DC00004F00F0301224FEA031C00EB0315103302FA03F30A6833EA020652D140F80C607C
:208DE000344822EA03020A60026822EA030303600323AB73002002B0BDE87040FBF720B868
:208E0000230704F00F0013D4802C2B4A3DD000F2DA335B00C2F80038D2F80438D2F80418D8
:208E2000DBB243F002030B43C2F80438D2F80438204D1F4E2A6831680123834061EA020CDE
:208E40001CEA030FD6D08DF8064021EA03011B4C316013432B60062322688DF80430040130
:208E6000174B00261E5103EB0013032101A88DF8071099739047002002B0BDE87040FAF796
:208E8000DFBF2046FFF73CFFB2E740F2B473C2F80038D2F80438D2F80418DBB243F0040306
:208EA0000B43C2F80438D2F80438C1E7700C0020FC0B00206C0C002000700240900D0020F6
:208EC000000D0020FFF772BF70B51B4C1B4A23681B4D106895F900101A4ADB439BB203432F
:208EE0002878D2F880640029B4BF0021102100F00F0C012261448A401A4282B019D106F02B
:208F000080066FF001110D482E70FDF7CDFF23680D490022ADF805208DF80720052243F0D4
:208F2000010309688DF8042001A82360884702B070BDFFF73BFFE2E76C0C0020FC0B002081
:208F4000C534002000700240900D00202DE9F843DFF82082D8F80453002D00F0F1800024E6
:208F6000DFF814922946A6460127804A91FAA1F3B3FA83F04FEA800C624493B3166807FAB8
:208F800000F321EA030136B1C2F800E0BFF36F8FBFF34F8F1C430029E7D14FF08053D3F8F1
:208FA0003021082A29D0724F04F4000534F4000410D0DFF8C881012694FAA4F3B3FA83F2DD
:208FC00006FA02F19BB124EA010458F822309847002CF1D13B780BB9FEF744FE4DB9BDE877
:208FE000F883D8F880014A460028CDD1BDE79847E2E7BDE8F843FFF767BFD3F834315C4F2C
:20900000002BD1D13B78002B40F08C80A00240F19080584B5748DFF868C140F2A972C3F83C
:209020000028D3F8041811F0FF011CBFD3F804381940504B40F2AA72C3F80028D3F8042822
:2090400012F0FF021CBFD3F804381A4040F2AB73C0F80038D0F8043813F0FF031CBFD0F8E5
:2090600004080340434840F2AC76C0F80068D0F8046831400CD0DCF8006040F2A97E0E4343
:20908000CCF80060C0F800E8C0F80418D0F80418384940F2AD70C1F80008D1F804080240AC
:2090A0000DD0DCF8000040EA0240CCF8000040F2AA70C1F80008C1F80428D1F804282D4A71
:2090C00040F2AE71C2F80018D2F80428134010D0D90748BF44F40004DA06264A40F2AB7183
:2090E000C2F80018C2F80438D2F8043848BF44F00104DCF8003033F001121CBF05F0807167
:209100000C4313F0011F3FF44FAF6B0544BFCCF8002044F4806447E7D3F83441FCB9144FB3
:209120003B7833B104F4000534F400047FF441AF54E704F4000534F400047FF43AAF4BE71A
:209140004FF08053D3F83021082AE5D0084B1B78002B7FF444AFBDE8F843FEF783BD044B1F
:209160001B78002B3FF438AF39E700BF00710240C334002000700240807102405031010007
:20918000940D002070B51B4E1B4B34681B68240C24041C4313D0012594FAA4F000B3B0FABC
:2091A00080F20F2A10460EDDA2F1100305FA02F224EA02041A07D8B20DD5002CECD140F26E
:2091C000FF13336070BD030705FA02F20CD440F0800024EA0204FFF7E9FD002CDCD1EEE792
:2091E0001020FFF7E3FDF8E724EA0204002CD3D1E5E700BF6C0C0020FC0B002038B50E4C15
:209200008025C4F8845163681B0600D438BDFFF7B9FF0A4B0022C3F80425BFF36F8FBFF3F8
:209220004F8FC4F88450BFF34F8FBFF36F8F4FF0FF32C3F8082338BD00E100E000700240C2
:2092400010B50020FAF7F4FD104B1B782BB900240020FAF7F5FD204610BD03F0FF04FFF72F
:2092600091FF0B4AD2F8003413F40073EFD10121C2F82C15D2F80014890544BF1C46C2F829
:209280002C350020FAF7DCFD204610BDC23400200070024038B51B4C8025C4F88451636833
:2092A0001B061AD4184B0022D3F80413C3F80813C3F80025BFF36F8FBFF34F8F4FF0805132
:2092C0000020D1F83011082908BFC3F81C2C0F490F4B087001221A7038BDFFF753FF0A4B00
:2092E0000022C3F80425BFF36F8FBFF34F8FC4F88450BFF34F8FBFF36F8F4FF0FF32C3F82D
:209300000823CFE700E100E000700240C3340020C434002010B50446FFF748FD63B2002B40
:20932000124804F00F044FF0010117DBD0F81425A14022EA0102C0F81425BFF36F8FBFF355
:209340004F8F0B4A0B48094912EA230238BF02460123125D9340C1F8083310BDD0F81025B1
:20936000A14022EA0102C0F81025E6E700700240103101003031010070B5044640B2002864
:2093800034DB04F00F05244A2449525D012303FA02F2C1F80423D1F81425EA40D20700D55D
:2093A00070BDD1F81425AB401343C1F81435BFF36F8FBFF34F8F002DF2D00028F0DB14F015
:2093C0000806EDD13046FAF733FD2046FFF798FC134910350B68012202FA05F523EA0503F8
:2093E0000B603046BDE87040FAF72ABD04F00F050C4A0A49525D012303FA02F2C1F804230A
:20940000D1F81025EA40D607CAD4D1F81025AB401343C1F81035CAE73031010000700240A7
:20942000FC0B002010310100020610B5044607D50A4BC3F81845BFF36F8FBFF34F8F10BD56
:209440000307F5D4064B00F00F02920013445B68012BEDD1FFF754FCEAE700BF00700240C9
:209460004074024010B5084CD4F8003182B04BB1064B1B6898470023C4F80031D4F80031F2
:209480000193019B02B010BD00000140D80D002070B5114B114A1D781160DDB9104E027887
:2094A00001211970C6F80C25416804464FF47A720023C803490C09F059F9C6F80405237AFE
:2094C000084A5B01DBB282F810334FF480331360284670BD082070BDC7340020D80D00201B
:2094E0000000014000E100E0044B054901220220C3F804231A600870704700BF00000140FD
:20950000C734002010B504460020FAF791FC0E4A1378072B11D80D492370581C1070D1F8DF
:209520000805012202FA03F30343C1F8083500240020FAF785FC204610BD04240020FAF7AB
:209540007FFC204610BD00BFC634002000000140034B044A00F5C07043F82020704700BF91
:20956000000001403546526E0D480E4A0E49002310B503800D480E4C03800E481360037092
:20958000C2E902332046C2E904335360FCF720FB04F108000449BDE81040FCF719BB00BF1D
:2095A0009C3400206C0E00204C3001009A340020DC0D0020C83400202DE9F041154ADFF814
:2095C0006880154FDFF864C0144E0C46802914494FF00003C2E90033C2E90233C2E90433A8
:2095E0000B7005464146384628BF8024ACF800303380FCF7EDFA414607F10800FCF7E8FA58
:2096000022462946074809F043FA34802046BDE8F08100BF6C0E0020DC0D00209A3400206E
:20962000C8340020EC0D00204C3001009C3400202DE9F0410E4A0F4B14781F88E519802DB1
:2096400003DD00252846BDE8F081DFF8308022464146064609F01CFA074B198821443A46D8
:20966000301958FA81F109F013FA2846BDE8F081C83400209A3400209C340020EC0D002040
:2096800010B5134B134C144A94F800C01B881288634452FA83F39BB21A18802A16DC013BA1
:2096A0001BB2002B0EDB0D4A591C03EB000E11447244013B1BB211F801ED02F801E9B3F16E
:2096C000FF3FF6D160442070012010BD002010BD9C340020C83400209A340020EC0D002063
:2096E000074A1388834209DB0649B1F800C080B21B1A604408801380012070470020704748
:209700009A3400209C340020014B1880704700BF9A340020044A054B12881B7804481344B5
:2097200050FA83F0704700BF9C340020C8340020EC0D002000487047EC0D0020014B1888CD
:20974000704700BF9A3400200549064A064B128808781B88104453FA80F080B2704700BF40
:20976000C83400209C3400209A34002030B50E4C0E4D84468E460FCCCCF80000CCF8041040
:20978000CCF80820CCF80C3003CCCCF81000CCF814100FCDCEF80000CEF80410CEF80820E8
:2097A000CEF80C3030BD00BF6C0E0020DC0D002010B584468E460068DCF80410DCF80820A9
:2097C000DCF80C30084C0FC4DCF81000DCF8141003C4064CDEF80000DEF80410DEF808209F
:2097E000DEF80C300FC410BD6C0E0020DC0D0020014B23F8101070476C0E0020014B33F8C5
:20980000100070476C0E0020024B0C3803EBC000FCF7DEB9DC0D0020024B0C3803EBC000D6
:20982000704700BFDC0D002001490248FCF7D6B94C300100E40D002008B5FBF7B9FEBDE8FA
:209840000840FCF787B800BF00B583B0FAF788FC05F062FF02F0FAFF08F064FC02F0F6FFF2
:2098600008F0CAFB4FF08053F420CE2136228DF800008DF801108DF80220D3F8A8208DF8E4
:209880000320D3F8A43001936B4603CB024B1860596003B05DF804FBB0070020014800212D
:2098A00000F0E8B8B001002010B5FCF70FF80446BFF35F8F00F080F900B930BFBFF35F8FED
:2098C0002046BDE81040FCF705B800BF0AB90020704708B508461146FBF796F9002008BD5C
:2098E0000FB400B583B004AA054852F8041B019204F026FF03B05DF804EB04B0704700BF8C
:20990000280100202DE9F8432E4D2A688242044655D0002A40D0134601E0002B3CD01B683F
:209920009C42FAD1002B37D0274EA37B376853B1A36843B18C4206D000223460832104F124
:209940000C0098472A68944228D02AB11368A3422FD01A46002AF9D1A37BE3B12D680023C4
:20996000A373C5B14FF002084FF00109AB7BDB070ED5AB68224605F10C00872143B1356030
:2099800085F80E809847023801280DD985F80E902D68002DEAD13760BDE8F88323682B602F
:2099A000A37B002BDAD1F6E729462846FFF7AAFFEEE723681360A37B002BCFD1EBE7134673
:2099C000B0E700BF081000200410002038B583687BB104460A4804600220A07304F10C008B
:2099E0000D4698470238012804D9832D02D00123A37338BD21462046BDE83840FFF782BF23
:209A000004100020F8B5134A134B146800221A70D4B1124F0125022601E02468A4B1E37B2E
:209A2000002BFAD0A368E581002204F10C008221002BF2D03C60A67398470238012804D939
:209A4000A5732468002CEAD1F8BD21462046FFF759FFE2E708100020CC3400200410002056
:209A6000034B1878FF281ABF421C1A7080207047CA340020F8B5164A1568854207D0044639
:209A800035B12B4600E01BB11B689C42FBD1F8BD002CFCD00F4EA368256001251460002240
:209AA0003768A573A2815BB10A460221A1733460812104F10C0098470238A84202D9A5730C
:209AC0003760F8BD21462046FFF71CFFF8E700BF0810002004100020014B8B221A70704718
:209AE000CA3400202DE9F0412D4D2B78FBB92D4E3078B8B12C4C2D4A237803EB43010133B4
:209B000003F01F03237002EB810301385C6852F821801F7AC0B2307064B1812F1FD0A37BC7
:209B2000DB071ED42B781844C0B2BDE8F081FFF769FFDCE71E4B1C685CB9F3E7A37B13F0AC
:209B4000010F20464246394601D0FFF73FFF246804B32B78002BF1D0FFF754FFEEE701236F
:209B6000A373A368002BDDD012490C600221A1734246394604F10C0098470238012805D9C6
:209B8000832F03D001233078A373CBE721462046FFF7B8FE30782B781844C0B2BDE8F08104
:209BA000CC340020CB340020C9340020840E00200810002004100020034A044B10781B7874
:209BC0001844C0B2704700BFCC340020CB34002030B40F4C94F800C0BCF1200F15D00D4B5E
:209BE0001B78634403F01F030CF1010C03EB430384F800C0084C44F8232004EB8303054609
:209C000019725D60002030BC7047012030BC7047CB340020C9340020840E002038B5837B9C
:209C2000034CDB07256801D5FFF7D0FE256038BD0410002018B1837B013B012B00D970475F
:209C4000024A0123C3731370704700BFCC34002010B5C38B04462BB1B72B0ED00023E383C3
:209C6000032010BD002A3BD092B20160028380F82030002A30D0B723E38394F82030062B56
:209C80000ED0184A238B12682068D18B8B4298BF194607F0C9FF062384F82030002010BD54
:209CA000114B187810F00403EBD110F00100D8D00C49228B0968C88B824209D9121A22830F
:209CC000C98B236801220B44236084F82020D2E7216823830A442260002384F82030BDE7A9
:209CE000022010BD7C2F0020DC3400204369008A181A80B2704700BF30B4C38B002B31D00C
:209D0000B3F5837F28D1438B002B35D0284A294B12681B884260022480F820404383028AAD
:209D2000002A35D02BB34268C36892F800C083F800C0438B028A4568C468013B013A0135DC
:209D400001349BB292B261454560C46043830282E6D1838A934220D00023C383032318460E
:209D600030BC7047438B828A8468C4600282002BD5D14FF48373C38390F82030022B11D09C
:209D80000D4B1B7813F00203C0D1184630BC7047002BEED0838A9342DED1002380F82030D9
:209DA000C383DCE7032380F820300023D7E700BF782F0020AC340020DC3400200023816011
:209DC0004261C16002824383C36180F820307047FAF70CBF10B5044608F08AFE01462046DA
:209DE000FAF712FFBDE810400A20FAF7FFBE00BF08B50448FCF722F8BDE808400248FCF795
:209E00001DB800BF3C010020300100200148FCF771B800BF3001002038B50E48FCF720F83D
:209E2000044678B10C48FCF71BF80546206058B1FFF7FEFB05F19A01A5F8800005F182006C
:209E4000FFF794FC204638BD21460248FCF724F82C46F7E7300100203C010020006800F10A
:209E60009A018230FFF782BC10B5044621460748FCF732F800B910BD21680548FCF70CF82C
:209E800021460248BDE81040FCF706B8300100203C01002010B5044621460948FCF71CF8EF
:209EA00000B910BD2468B4F880102046FFF784FB04F19A0104F18200BDE81040FFF778BC53
:209EC00030010020054A82B010685168044A6B4603C3DDE90001136802B01847B007002090
:209EE000003301008279437990F804C09B1A13EA0C0F07D00368511C9B5C01EA0C028271CC
:209F0000184670474FF0FF30704700BF2DE9F041134A14491448154CDFF84480114F124E2F
:209F2000FFF7DEFC1248FFF755FF04F15405237C13B1637C012B04D91C34AC42F7D1BDE869
:209F4000F081424639463046FFF7CAFC0948FFF7C7FC2046FBF7C8FE0A20FFF739FFEBE705
:209F60004C2D0100BC2C0100C42C010058270020B4310100CC31010010B5054A054C012183
:209F8000A368117000219847E368BDE810401847CD3400209432010001480021FFF76ABD27
:209FA0006800002070B5134E337803B170BD04460D4605F0BFFD034684B10F4B2068616890
:209FC00003C395B10D4BA868E96803C30A480122002105F0C3FE0123337070BD59689A68F3
:209FE000054C0068DB680FC4EBE70549024805F0BDFFEBE7CE3400208C15002094150020F9
:20A000002831002010B50021084682B0FFF7CAFF174B002403F1540193F820201AB193F8B2
:20A020002120012A15D01C338B42F5D1204605F015FE04B9C8B102F045FA40230246214606
:20A040000020009300F0A0FB00F01CFA002002B010BD1A7CFE2A02D003F11004E3E75A7CE5
:20A06000802AE0D003F11004DDE74FF0FF30EEE748270020054B187B30B1B3F84E00DB8AC6
:20A08000C01AB0FA80F04009704700BF9C1500202DE9F0471B4CDFF870909DF824A01646FC
:20A0A00080460D464FF4B072002120461F4608F017FDB9F82030B34205D1089952463846A7
:20A0C00002F05AFA18B900263046BDE8F087F023E37301264FF0FF334FF2F00284F80D8074
:20A0E0002673E364A4F85030A4F85820C4F8089028686968AA68EB681C340FC43046BDE8F8
:20A10000F08700BF9C1500207801002010B5044600F13C0394F8501090F85100228A82B0BD
:20A12000CDE900102146207EFFF7B2FFF8B1114B627D206A617FB4F81EC058619A73608B24
:20A1400019760022217FA3F81AC01882606D83F85C209974A17D83F85410217D83F8531055
:20A16000E17D186083F8521083F85520012002B010BD00BF9C1500202DE9F0414F4D2B7B83
:20A18000B5F84E40002B73D195F85C30032B5CD0FFF770FF064620B1AB68BDE8F041DB69F3
:20A1A0001847D5F84480464F01F0F6FC01F08EFC686C01F059FCA5F84E003868FBF7A0FF86
:20A1C0000446002838D1B8F1000F5AD0B5F84E30B5F84C209A4201D9A5F84C30B5F85030E2
:20A1E0004FF6FF7293420AD0B5F84E10914206D0CB1A002BB8BF5B42B3F5007F44DC95F84E
:20A200005B30002BC8D06B6C002B43D0B8F1000F4AD001F0B3FE002385F85B30AB68BDE884
:20A22000F041DB69184723683BB321463868FBF733FF04460028C6D0204601F015FCB5F889
:20A240004E308342EFD82660EFE7002001F03EFC4FF6FF739C42A5F84E309DD0194801F0DE
:20A2600057FE02F00DF8AB68BDE8F041DB69184705F16400FAF78AFC86E7FAF727F8206038
:20A28000D3E7B5F84E30A7E70F48A5F8501001F03FFEB4E70B4885F85C3001F039FE01F0B9
:20A2A000C9FD01F0EDFFB6E70123084885F85C3001F02EFE01F0D0FFABE700BF9C150020E2
:20A2C0009C010020D0310100E0310100F8310100094A137B73B110B4044640B102F11C0C64
:20A2E000BCE80F0020606160A260E36001205DF8044B7047184670479C15002010B5FFF708
:20A30000B9FE134C78B994F9582094F85830002A03F10103B4BFDBB203F07F03002084F8AA
:20A32000583001F057F9FBF721FC01F0F9FB06F0D9FA01F0FBFF94F841305B0602D4002355
:20A34000237310BD034802F0F3F80023237310BD9C150020C8150020024B032283F85C20B5
:20A3600002F006B89C15002008B50F4B1A7B8AB19A6C511C0ED082420DD9101AB0F5967F96
:20A38000986407D2586C28B101F07AFBBDE8084000F0C4BF08BD00210322996483F85C2086
:20A3A000BDE8084001F0E4BF9C15002010B5084C237B5BB194F840200146D20804F11C006A
:20A3C00008F056FBB0FA80F0400910BD184610BD9C15002010B5FFF74DFE88B1114C94F9DF
:20A3E000522094F85230002A03F10103227BB4BFDBB203F07F03F02184F85230E17302B98B
:20A4000010BDFFF737FE08B984F85C00A3681B68984701F085FB044801F07AFDBDE8104024
:20A4200001F0A6BF9C1500200432010010B50A4C237B03B910BDFFF71DFE08B984F85C00D2
:20A44000A3681B68984701F06BFB044801F060FDBDE8104001F08CBF9C1500200432010065
:20A46000074B9A7B187B1AB9003818BF0120704728B193F85C00012894BF002001207047F4
:20A480009C150020024B1B7B03B97047FFF774BE9C1500202DE9F041744D2B7B06460C4650
:20A4A0002BB16A7B237E9A4209D0BDE8F081FFF7E1FD98B12B7B002BF3D1BDE8F0816C48F3
:20A4C0001022214608F0D4FA0028EED1628AEB8A9A4216D2BDE8F041FFF74EBE637D012B2D
:20A4E000E3D82046FFF712FE0028DED0AB681B689847604801F00CFD01F066FE01F0C0FE44
:20A50000D8E7E17D95F8520001F0BEFF628A002840D14FF6FF739A4204D095F857300133BD
:20A5200085F8573095F85210E07D01F0ADFF48B1B5F84E20EB8A9A4257D0FFF79BFD0746C7
:20A54000002868D022460121304600F0CBFEE8B1304601F013FB0746002843D090F806803E
:20A56000304601F00BFB002846D0638A8380637E8371AB6CABB96B8BC3EB03135B01AB64CB
:20A58000AB7B1BB117B16B6C9F4217D02B7B002B8BD09FE7EB8A9A42F8D1374801F0B8FC72
:20A5A000F4E7002FF2D06B6C9F42EFD16B8BAA7BC3EB03135B01AB64002AE7D0607E4146C7
:20A5C00001F062FF0028E1D095F90F20EB7B002A03F10103B4BFDBB203F07F03EB7301F047
:20A5E000CDFCD3E74FF0F008BAE7E37D234885F85230FFF7EFFEA5E7304605F08DF90028AE
:20A60000C4D01F4B0146012218682346FBF7C2FD0028AAD1BAE701F089FE384601F056FABD
:20A62000637D012B12D92B7B002B8BD0FFF722FD08B985F85C00AB681B68984701F070FA78
:20A64000104801F065FC01F093FE7BE72046FFF75DFD0028E7D0AB681B689847054801F024
:20A6600057FC01F0B1FD01F00BFEDCE79C150020B8150020143201001C320100383201006C
:20A680009C0100200432010011B1084801F040BC10B50A460321044600F024FE20B12046FB
:20A6A000BDE8104000F056BE10BD00BF5432010038B591F823300C460546BBB1FF2B1BBFB8
:20A6C0000D4A508B4FF0FF3343430A460020294606F062F818B194F92530002B00DB38BD7C
:20A6E000218C2846BDE8384001F06ABC0A460146184606F02DF8EEE79C15002070B5154DCE
:20A700000E4695F85910044601F0BEFE08B185F8594095F85830A34200D070BD95F85C3019
:20A72000012B76B207D001F06FFC002EF5DA032385F85C3070BD002E02DA01F065FCF6E700
:20A740000223054885F85C3001F0E2FBBDE8704001F05ABC9C1500206432010070B505467C
:20A760000E461C463AB924B11DB1064BAE801B7B23B9012070BD01F0E5FBF4E7FFF7FCFCB4
:20A78000012070BD9C1500202DE9F047264C82B09846237B9DF828A005460E46174653B1D0
:20A7A000102204F11C0008F063F980B34FF0F009FFF7A4FD01E04FF0F0093B463146CDE939
:20A7C000008A28460122FFF763FC0122A27340F60842228280201E2214492276A4F84E00EE
:20A7E0003C2213486161002362834FF0FF310222A37484F85290A16484F85330A4F85430AA
:20A8000084F85C2002B0BDE8F04701F081BB94F9523094F85290002B09F10109B4BF5FFA0D
:20A8200089F909F07F09C3E79C150020000480007032010002484FF4B072002108F050B9A2
:20A840009C150020114A907918B992F82A10632901D00120704792F82910A9B992F82B30EF
:20A86000042B10D10A4B187B70B193F80DC092F82D00604507D1B3F84E3082F82D005BBA4E
:20A88000D385012070470846704700BF782A00209C15002070B5174A0546118816482B221C
:20A8A00007F0B0FA04461548FFF780FD08B9002070BD1349002005F0FFFE1049064600209C
:20A8C00005F0FAFE14B1A278032A06D00028EED0002EECD04369B342E9D1084C0FCC002629
:20A8E00048F2FE0129806E80AE80AA60EB60EE80012070BDAC340020782A0020902A0020AD
:20A90000B81500202DE9F04F784BDFF8E89119888FB02B22484607F075FA18B18378032BCF
:20A92000054603D000200FB0BDE8F08FC2780592002A00F0C88003796C79190903F00F003E
:20A940006B7804900133DB00DBB2A3EB1413083BC0F110069B1BC1F1100A93FBFAF30133F4
:20A96000DBB29A424FEA141406910793DAD8604B0FCB0AAF87E80F006B780133DB00DBB2EF
:20A980001C1B083CA61BEB7896FBFAF60136F6B2F41AE4B2A642039640F2A280069A049803
:20A9A0000995A5EB0901012B08BF02464B1B103310319B1A08910AFB045101F108080293FB
:20A9C000002307EB020B4646C2F110021D469846029B9819B0F5A06FA4D83146584601929D
:20A9E00008F056F8384605F039F9019A00286ED008F101035FFA83F81DB9B8F1010F91D8A2
:20AA000001259DF82800FF288CD0BDF82800BDF82AC040EA0C0080B2E8B9BDF82EC0BDF8F3
:20AA20002C0040EA0C00BDF830C040EA0C00BDF832C040EA0C00BDF834C040EA0C00BDF868
:20AA400036C080B250EA0C033FF46CAF18B9BCF5807F3FF467AF039B0134E4B2A342564485
:20AA6000B6D8099D049ADDE90531012B18BF0A4607990492C81AC0B2089B0AFB00FA0AF18E
:20AA8000080003449B1AB3F5A06F3FF64BAF049B174A05EB000AC3F1100403F118060FCA1F
:20AAA00087E80F005146224659FA86F007F0F0FF049B2246F918504607F0EAFFEB78013B3D
:20AAC0000120EB702FE701200FB0BDE8F08F3846019205F09FF9019A002889D1054690E763
:20AAE000A5EB090310330893BCE700BFAC340020902A0020782A0020002919DBCB0717D404
:20AB00004378ABB92DE9F041425A40F263439A4200EB010409D1194D2B7B33B16A7BE37885
:20AB20009A4202D1A3789A0604D50020BDE8F08100207047124AA788D2F800800C20DE09DD
:20AB4000FEF76AFE01464046FBF708FB7FBAB5F84E10A578BFB2B94294BF002101218E42A3
:20AB6000C5F380131CBF45F04005A57086EA01023946BDE8F041FFF7F1BD00BF9C15002024
:20AB80009C0100202DE9F0412A4F2B4E398882B001230DF10702304607F0CEF8002841D035
:20ABA0009DF80730062B3DD0044606F1060814E013B9A378632B16D03988A31BC91A204625
:20ABC00000230DF1070289B207F0B6F8044648B39DF80730062B804624D0112B22D03A2BDC
:20ABE00020D02B2BE4D1237888F8003065780135ED00684207F06CF8C0B139882839304601
:20AC000089B207F08FF83A88A31B9A420EDDD21A6119204607F04AFF98F800308DF80730AC
:20AC2000062BDAD1012002B0BDE8F081002002B0BDE8F081AC340020782A00202DE9F04F50
:20AC4000DFF8908298F80C3089B053B39B4C228B48F2FE039A4224D0237EFF2B21D0FFF7AF
:20AC600009FA054678B904F1080004F0F7FF28B1934BE27993F806319A4217D009B0BDE879
:20AC8000F04FFFF7DFBD04F11807FFF77BFF3846FFF78CFB28B13946002005F00DFD0646A1
:20ACA00058BB0125284609B0BDE8F08F854E3288B2F59F6FF6D804F12801283A04F130005B
:20ACC00007F0F4FEA37984F82830B8F84E3098F80D20C4F829505BBA40F263416185E38542
:20ACE000A57184F82D20082006F0F2FF31882839204689B207F016F8C0E708F11C010020C9
:20AD000005F0DAFC0190002847D03946002005F0F9FC002841D0D6F814A0BAF1000F00F0AA
:20AD2000BC80019B534500F0C080674B03969B6902934FF000090F250DF11008029B5146C9
:20AD400040469847DFF890E12946C34670464246002312F8016B10F801CFB44502D101331F
:20AD6000102BF6D19D420CDADAF814A009F10103DBB2BAF1000F14D0019A524511D099466B
:20AD8000DCE700211BF8013B1EF8012F9A4206D101311029F6D10D46E6E7002582E7CDB228
:20ADA000E2E7C1F1100AC5F118081AFB09885FFA88F918F007081FBFC8F108085FFA88F811
:20ADC000C1445FFA89F9039E9B464B463D4A02931288D118B1F5A06FDFDC3C490888283004
:20ADE00021184844283A2044039107F05FFE03994A460846002107F073FEA279029B84F8A9
:20AE000028202B22A271B3F1080248BF03F1FF32D21084F829202C4A84F82BB0D2F818B0AA
:20AE20002B4BCDF80890032284F82A2005EB051284F82C204FEA081284F82D20A9EB0804C9
:20AE40000DF110084544C146DDF804801C4472699045A4EB0A040AD031464846D8475246B0
:20AE60002946204607F014FE7669002EEFD1C84631464046DDF80890D84798E80F0087E892
:20AE80000F00484606F024FF0E4B0C481988283989B2012506F046FF04E7D34608239946A3
:20AEA0000F254FF0010AD84690E708234FF0000B99460F254FF0010AD84687E7782A00205F
:20AEC00048270020AC34002094320100AA340020A02A00209C1500208F2A002008B50C4A77
:20AEE000137B43B10B4B0C491B88527B2C3358185B5C9A4203D0BDE8084006F0CFBEC178D7
:20AF00008078FFF7FBFBBDE8084006F0C7BE00BF9C150020AA340020782A00202DE9F0414E
:20AF20008EB02622002104A807F0DAFD444A454C1188454B207B01F12C02D618D25C8DF84C
:20AF4000322010B1607B904204D006F0A7FE0EB0BDE8F0813D4A1588083300222C3D6D1A7D
:20AF6000CDE90422CDE906220FCBADB26F46032D87E80F00E9D97378227E8DF835308DF8BF
:20AF800033205B06F278ADF8302047D40424AC4250DA4FF0000820E0621CAA42D5DA321998
:20AFA000507802300444AC42CFDC052B21D10328CBDD7318DA788DF834200732D210131DC0
:20AFC0008342C2D10431314408A8CDE90888CDE90A8807F05DFDAC422CDA335D2146002BCA
:20AFE000DAD10134A542F6DA06F058FE0EB0BDE8F081062BEFD10528A7DD731813285B795E
:20B000008DF83330E7DD0631731870589A685968DB680DF1100CACE80F00DCE7132D94D9C7
:20B0200004F11C001022311D07F022FD00288CD11424ACE704A93846FFF73AFB85E700BF98
:20B04000AA3400209C150020782A0020AC34002008B5084B1B7B4BB10748017EA1F1FF015D
:20B06000B1FA81F108304909FFF70EFBBDE8084006F014BE9C150020782A0020F0B59DB0F0
:20B080005C22002105A807F02BFD924A0D9240F60841914A914FADF82E1001211488ADF84A
:20B0A00024108F4A1E2107F108038DF831103C211688ADF832100FCB2C3CA41BA4B201AD94
:20B0C000172C85E80F0003D806F0E8FD1DB0F0BD06F12C03DE19DB5D8DF82C3073783779B0
:20B0E0008DF82B30738896F805C08DF82DC05BBA27F07F0CF168ADF826308DF828C0B06820
:20B1000032697369C7F3C20C07F007078DF82A70182C05AF8DF829C00FC718BF182100F0D0
:20B12000D480725C002ACFD04B1CA342CCDA7318587802300F18A742C6DC023A062AC3D8EC
:20B140000FF2040C5CF822F05BB2000005B20000B5B10000C9B00000C9B00000C9B00000E3
:20B1600065B100002028AFD19A788DF86420802AAAD85A7A187A1031120406EB010C42EAC3
:20B1800000627058D97A0A43997ADB788DF8653042EA0122DCF80C30DCF804101892DCF8A0
:20B1A00008200DF1500CACE80F00A74280F28D803946B6E7102887D13144DA79887942EA61
:20B1C0000022ADF83420087A5A7A42EA0022ADF83620887B8A7AD97A41EA0221DA7BADF813
:20B1E000241042EA0022ADF83220DA788DF82E201A798DF82F205A795B7B8DF830208DF847
:20B200003130D2E707287FF75FAF721893F807E092F804C05A79120442EA0C6242EA0E0258
:20B2200093F806E093F802C0DB788DF84D3042EA0E2212920CF10702D210D31D83428DF8D9
:20B240004CC0BFF641AFBCF1800F3FF63DAF083131440EA807F01CFCA7E705287FF734AF59
:20B260001A7993F803E093F802C08DF868C0D10941EA4E018DF8691059798DF86C10C2F3F9
:20B28000011102F00F028DF86A108DF86B20BCF1000F8AD0BCF1070F0DD0BCF1020F7FF4A3
:20B2A00013AF07287FF710AF9A79DB798DF86E208DF86F3079E707287FF706AF9A79DB79A9
:20B2C00043EA0223ADF86E306FE705A92846FFF7E1F8F9E600048000AC340020782A002073
:20B2E000AA340020F0B583B005460E46174604F0EDFA044610B1204603B0F0BD0C20FEF7AF
:20B300008BFA22460146CDE900670123284604F067FA0446204603B0F0BD00BF70B50446B7
:20B32000FFF7B0F8084B094D198809482C314B1900225A70944218BF20464A550223BDE8AB
:20B3400070409B2105F000B8AA340020782A0020BC1700202DE9F04F8FB08146FFF792F846
:20B3600001F03AF818B1B9F1000F00F02381934B934A1B88934E2C339C18717B995496F8DB
:20B380005230637001F028F8002866D0FF231A46A270E37096F8532096F85430B17B8A4DEC
:20B3A000002A03F0070314BF6FF07F02002243EAC10313432371F27B62710023A371E371EB
:20B3C0000FCDA060E1602261636101F005F8002848D13378002B45D07178B778F578A37651
:20B3E000CA0142EA07122A430220227749080622072B2076E176627600F0D680022B40F002
:20B40000D980B2796377F379A277E37726234FF0270E4FF02908CDE90B3E2823CDE9093881
:20B420004FF02B0A2A23CDE9073A4FF02F0B2E23CDE9053B2D222C23CDE90332252302932E
:20B4400023232020019321234FF0300A4FF0240B4FF022081A460D9027E0B6F84E301A0AEA
:20B46000DBB295E71E231F22CDE90B3221212023CDE9093123252223CDE9073527272623C3
:20B48000CDE905374FF0250C2423CDE9033C1D2302931B231820019319234FF0280A4FF043
:20B4A0001C0B4FF01A081A460D904FF0040E04F800E00E20A054019A96F810C0B18A777C91
:20B4C000B57CF38A4FF0000E04F808E004F802C0029A04F80B70A5540B9A357E080AA05465
:20B4E0000C9A96F84000A154099A190AA1540A9AA354B368079A198C738B0F0AA754089A78
:20B50000A154039A04F802E0049AA554059A190AA154069AA35480B900F05EFF20B92B4B01
:20B52000B9F1000F08BF9946534601229B2148460FB0BDE8F04F04F007BF0D9AF16B96F8B8
:20B540004130019302F11C06A3184FEA1168C1F3074702964FF0080BC1F30726C9B204F820
:20B560000AB01B4D98749E759E76D975D9760198029ED8741E21597483F8148083F8188026
:20B580005F755F760023A35102F1200E02F1300A0FCD04EB0E0C44F80E00CCF80410CCF8D2
:20B5A0000820CCF80C30B7E7F388E3771B0A6077A3772BE70FB0BDE8F08F00BFAA34002028
:20B5C000782A00209C150020B8150020BC170020C81500202DE9F041044600F073FF344E86
:20B5E0000746706C00F04CFA0546FEF74BFF337B002B5BD0726C002A58D0002F56D0002DAC
:20B6000054D0B37B002B51D02A4B727BB3F800C0294B0CF12C0C00210CF803209C44002CC2
:20B6200096F858308CF803300CBF0B4680238CF8013005238CF8043012238CF80530802358
:20B640008CF802108CF806108CF807307868BB6806F11C023E68FF68CCF80C008CF81A105C
:20B660008CF81B108CF81C1003CACCF81030CCF81E001423A2F108000622CCF81470CCF8B2
:20B6800008608CF81D408CF81820CCF822108CF81930AB68E968CCF826300222CCF82A1042
:20B6A0002E23BDE8F0419B2104F04EBEBDE8F0819C150020AA340020782A002030B583B0E8
:20B6C0000D4614460190FEF7DDFE0D4A0D4BB2F800C00D4A0198527B0CF12C0C00210CF82C
:20B6E00003209C4403228CF8011004239B218CF802508CF8034003B0BDE8304004F024BE6F
:20B70000AA340020782A00209C15002008B5074804F070FD064804F06DFD064804F06AFDD6
:20B72000BDE80840044804F065BD00BF6C010020600100205401002048010020704700BF99
:20B74000014B00221A7070479C15002008B500F0A3F908B1808808BD4FF6FF7008BD00BF62
:20B76000B0B138B50446858800F096F968B183884FF6FE722B44934207D8204600F08CF9CE
:20B7800048B18088284480B238BD4FF6FF7038BD4FF6FF7070474FF6FF70F3E770B5054603
:20B7A000FFF7DEFF0B4B0446586CFFF7D9FF2B680646BF3423B9B442B4BF0020012070BDFF
:20B7C000F8F784FD2B68C01AB0F5963FF3D9002070BD00BF9C15002008B500F05DF928B18D
:20B7E0008088B0F5007F8CBF0020012008BD00BF10B50446FFF7B4FF034620461C4600F054
:20B800004BF940B18388B3F5007F05D8B4F5004F8CBF0020012010BD002010BDF8B50D46A6
:20B8200078B30446FFF79CFF0646204600F034F938B38388B3F5007F23D8A5B32846FFF75F
:20B840008FFF0746284600F027F960B38388B3F5007F28D8B7F5004F25D8B6F5004F20D860
:20B860001A4E736CA3422AD09D4221D02046FFF777FF06462846FFF773FF864211D22046CD
:20B88000F8BD9DB12846FFF76BFF0446284600F003F958B18388B3F5007F07D8B4F5004F21
:20B8A00004D82846F8BDB6F5004FE8D90020F8BD2046FFF773FF0028D8D02846F2E72846A6
:20B8C000FFF76CFF0028DAD1736CCDE79C15002018B370B5144B8688DD8A044600F0DCF8FE
:20B8E000C0B183884FF6FE723344934212D8204600F0D2F8A0B18088304482B2A3884FF650
:20B90000FF715819884228BF0846904238BF104680B270BD4FF6FF72F0E74FF6FF707047D1
:20B920004FF6FF70E8E700BF9C15002070B5054608460C4600F090F898B10B4B9B685B6906
:20B9400098470646284600F087F838B1064B9B685B699847B04201D2204670BD2C462046CF
:20B9600070BD4FF6FF76EDE79C15002008B50C4BD3F82821824204BF0022C3F82821D3F89B
:20B980000421824204BF0022C3F80421054B01461868FAF785FCBDE8084000F0E9BC00BF2F
:20B9A0009C1500209C0100202DE9F843284D2B7B0026002B3DD0274F81463868FAF7A0FBC6
:20B9C0000446002835D04FF6FF780DE0B5F84C200A44424528BF4246934215DD214638681C
:20B9E000FAF75AFB044620B3AB685B692046002BF4D0984740450346F0D0EA8A8242EDD84E
:20BA0000A98A20460029E1D1AB68DB6898470028E4D0B9F1000F0FD1AB6821469B69304614
:20BA20009847214606463868FAF736FB04460028DAD13046BDE8F88321463868FAF794FC77
:20BA4000F9F7C4FFF9F7C8FF0028E5D1C6E700BF9C1500209C010020024B01461868FAF79F
:20BA60007DBB00BF9C01002020B1044B9B685B6903B118474FF6FF70704700BF9C1500201D
:20BA800008B5044B01461868FAF76EFCBDE8084003F03CBF9C01002008B5044B014618680D
:20BAA000FAF762FCBDE80840F9F790BF9C01002008B5054B01461868FAF756FCF9F786FFC2
:20BAC000BDE80840F9F788BF9C01002070B5124D696C81421FD0114E04463068FAF728FC24
:20BAE00021463068FAF70CFC696C3068FAF73CFC03F00CFF03F088FF03F068FF21463068E7
:20BB0000FAF732FC03F002FF002103F027FF01236C6485F85B3070BD9C1500209C01002021
:20BB2000F8B5144E0020FFF7D1FF3068FAF7E8FAD8B1114D04460027D5F828313068A342AA
:20BB4000D5F8043108BFC5F828712146A34208BFC5F80471FAF7A4FB00F00AFC21463068FC
:20BB6000FAF79AFA04460028E6D1BDE8F840FEF789BC00BF9C0100209C15002008B503F003
:20BB8000A5FE03F091FE034B01461868BDE80840FAF7E4BA9C01002038B5FEF76BFA20BB10
:20BBA0000546FFF701FF0446F8B1144B01461868FAF7DAFBF9F70AFFF9F70EFF68B9104DF1
:20BBC000D5F82831A3B16B6CA34209D00120FFF7EBFE38B10446204638BD094BC3F8285140
:20BBE000204638BD6B6C002BFAD10024204638BDC5F8284100F012FBE5E700BF9C01002033
:20BC00009C150020024B03491868FAF723BA00BF9C0100206DB9000030B5144D144995F89A
:20BC2000553080249C40A1FB0434124BA20983B02A665B689847E4090F4A2B6E81B204FBAD
:20BC400001F10E48A2FB012104EBD1315A1A0368009301202A66A5F85600094A002305F16A
:20BC6000A400F8F74BFF03B030BD00BF9C150020D34D6210003301000180008004100020BC
:20BC800041BD000008B5054BD3F80401FFF7F8FE18B1BDE80840FFF75DBB08BD9C15002083
:20BCA00010B5174C94F85A30207E013382B084F85A30FFF78FFC94F85A30042B19D8114B29
:20BCC0005B6898471049114A80B2A1FB0031490A01EB81010E4BA0EBC1101B68009300F58E
:20BCE000A071002389B204F1E400F8F707FF02B010BD084802B0BDE81040FEF797BB00BF8B
:20BD00009C15002000330100CDCCCCCCA1BC0000041000207C3201000348002290F85C114B
:20BD200000F59670FFF7CABC9C150020024B1B7B03B97047FEF7E2BA9C150020FEF7A2BBB1
:20BD400010B582B0FEF78CFB38B3194C94F8563073B9637C217C94F855200B449A42BCBFBF
:20BD6000013284F8552002B0BDE81040FFF754BFFEF780F998B1B4F84E30A4F850300020D2
:20BD8000FFF7E8FA0B4A216E1068009000230A4A0A4884F85630F8F7B1FE02B010BDA37CD8
:20BDA000002BE8D094F857209A42EBD2E3E700BF9C1500200410002041BD00004016002002
:20BDC00010B5174B174C5B68012282B084F85A2098471549154A80B2A1FB0031490A01EBF1
:20BDE0008101134BA0EBC1101B68009300F5A071002304F1E40089B2F8F780FE94F9582042
:20BE000094F85830207E0133002AB4BFDBB203F07F0384F8583002B0BDE81040FFF7DABB67
:20BE2000003301009C150020CDCCCCCCA1BC00000410002000B50F4883B0F8F7C1FEB0B1ED
:20BE40000D4B5B6898470D490D4A80B2A1FB0031C90AC1EB01110B4BA0EB01201B68009393
:20BE600000F5F0610023034889B2F8F747FE03B05DF804FB7C170020003301008988888890
:20BE800089BE00000410002008B5FEF7F3F850B9094B1A7B42B15A6C32B1B3F84E204FF69E
:20BEA000FF739A4200D008BD0020FFF737FABDE80840FFF7BFBF00BF9C15002010B5124C44
:20BEC000237B43B9FFF7B6FFFEF7DCFABDE810400E48F8F739BE3C20FEF746FA3C2004F040
:20BEE000C7FC237B002BEDD0636C002BEAD0B4F84E204FF6FF739A42E4D0FEF7C3FABDE88D
:20BF000010400248F8F720BE9C1500209C17002010B5FEF7A5FA48B1094C94F8553013B19A
:20BF2000627C9A4202D200F057FA00B110BD637C84F8570084F85530BDE81040FFF76CBEEC
:20BF40009C1500200A490B7B03B9704700B5094A83B0126800920023C1F80401064A01F15A
:20BF6000C4001946F8F7CAFD03B05DF804FB00BF9C1500200410002085BC000010B50C4CBF
:20BF8000237B82B08BB1A37B7BB10A4B5B689847094B0A4A1B680093C0F3080000F58071F5
:20BFA000002304F1E400F8F7A9FD02B010BD00BF9C1500200033010004100020C1BD0000FB
:20BFC00010B50E4C227B82B00AB902B010BD03468C469A6859680068DB68A4F85CC104F5F6
:20BFE000967EAEE80F00064A0023126800927046044A1946F8F782FD02B010BD9C150020E8
:20C000000410002019BD0000144B1A7B02B97047197EFF29FBD010B55C8B114B82B004FBED
:20C0200001F15B68CC0198470E4B80B2A3FB00231B0BC3EB0313A0EB432000F5F05080B214
:20C04000094B0A4A1B680093844288BF241A002307482146F8F752FD02B010BD9C15002070
:20C06000003301008988888804100020C1BD0000801600202DE9F041344CF8F727F9237B8F
:20C08000002B3AD0D4F8285115B12846BDE8F0810746606C18B1FFF70BFD002853D02C4B3A
:20C0A0002C4E5B68984700EB800303EB031303EB032300EB430080B245F25553984230682D
:20C0C0001FD9FAF71DF80446B8B14FF6FF7706E021463068F9F7E0FF04460028D5D02046C3
:20C0E000FFF7E6FC0028F3D12046FFF7BDFC0DB1B842EDD207462546EAE700252846BDE82F
:20C10000F081F9F7FDFF04460028F6D04FF0000806E021463068F9F7BFFF04460028B4D0BA
:20C120002046FFF7C5FC0028F3D12046FFF7B4FC0028EED0036815B1FA1A4245E9D9A7EBE4
:20C1400003082546E5E7656C9FE700BF9C150020003301009C01002030B583B0FFF78AFF2E
:20C160000546FFF78DFC30B104462846FFF794FC2046FFF7EFF80F4C237BC3B10E4B5B680A
:20C1800098470E4A0E4BC0F30721A2FB012180B24FF4345202FB11011B68009301F5B4515A
:20C1A000084A002389B204F58470F8F7A7FC03B030BD00BF9C150020003301000B5BB005D1
:20C1C0000410002059C1000010B50F4C237B82B0C3B10E4B5B6898470D4A0E4BC0F3072127
:20C1E000A2FB012180B24FF4345202FB11011B68009301F5B451084A002389B204F58470C8
:20C20000F8F77CFC02B010BD9C150020003301000B5BB0050410002059C1000010B50A4CAF
:20C22000237B82B06BB1094B5B689847084B094A1B680093C0F30801002304F58470F8F7A5
:20C240005DFC02B010BD00BF9C150020003301000410002059C1000010B5084C237B03B981
:20C2600010BD04F18400F8F7ABFC0028F8D104F18400BDE81040F8F789BC00BF9C150020BF
:20C2800010B50C4C237B82B00BB902B010BD04F18400F8F795FC0028F7D0074B074A1B6860
:20C2A00000934FF41641002304F18400F8F726FC02B010BD9C150020041000202DBD000036
:20C2C00010B5134C13482168134A82B0002300914FF4F051F8F712FC1048F8F771FCA8B185
:20C2E0000F4B5B6898470F490F4A80B2A1FB0031C90AC1EB0111A0EB01202368009300F542
:20C30000F0610023054889B2F8F7F8FB02B010BD041000209C170020BDBE00007C1700208B
:20C32000003301008988888889BE000010B50F4C2046F8F72BFC04F12000F8F727FC04F1A9
:20C340004000F8F723FC04F16000F8F71FFC04F18000F8F71BFC04F1A400F8F717FC04F125
:20C36000D800BDE81040F8F711BC00BF001600200848037B03B9704700B5074A83B011684C
:20C3800000910023054A19466430F8F7B7FB03B05DF804FB9C150020041000203DBD000000
:20C3A000044B187B20B193F85C00003818BF0120704700BF9C150020054B187B30B193F81D
:20C3C0005C00A0F10200B0FA80F04009704700BF9C150020704700BF014B1878704700BFFC
:20C3E000CF34002008B50C48002340F2FF214FF0D052C0E90013C0E9023203F07DFCFEF739
:20C4000019FAFFF7FFFBFFF75BFFFFF77FF9BDE8084004F013BA00BFBC17002010B50A4CE0
:20C42000237B012B00D010BDFFF716FB0028FAD0D4F82831984204BF0023C4F82831BDE8FD
:20C440001040FFF795BF00BF9C150020034698B10A4671B110B40A4C03CC18605960D1685B
:20C460001269DA604FF0010C996060465DF8044B70478C466046704784466046704700BFAC
:20C48000B8150020704700BF7F2801DD7F290EDD884206DC13DA081A7028D4BF00200120FA
:20C4A0007047401A0F28CCBF00200120704701F58071081A1028D4BF0020012070470020C5
:20C4C000704700BF2DE9F041174F3A7B12B197F84020EAB990461746144C002604F1540528
:20C4E000237C13B1637C012B05D01C34A542F7D13046BDE8F0812378FE2B42460CD087B10E
:20C500002146384606F0B4FA002808BF2646ECE74FEAD2082C37DFE76378802BE5D0002FBE
:20C52000EED12646E1E700BF9C1500205827002000B5027D85B0073200230146D208684645
:20C54000CDE90033CDE9023306F0A2FA6846084903F00CFD684603F081FB08B103F07AFB3C
:20C56000044B002283F8402005B05DF804FB00BF283100209C150020A0B3F0B54B1E7F2B52
:20C5800085B00C4606D812F04001154605D1084605B0F0BD002005B0F0BD164B0026E71D05
:20C5A000C3E90066C3E902660146FA08184606F06FFA4FF0FF31016104750146FA104575FA
:20C5C0006846CDE901660096039606F061FA6846094903F0CBFC684603F040FB18B1012090
:20C5E00005B0F0BD704701460122684603F0B6FBF5E700BFC81500202831002010B4164B30
:20C6000016490022C3F8402183B0D3F840210192019AD3F8102522F00F0242F00802C3F8D6
:20C620001025D3F8082542F00302C3F80825D3F804254FF480344FF4807022F00302C3F8BE
:20C640000425C3F80443C1F88001086001221A6003B05DF8044B70470080004000E100E0E1
:20C66000024B01225A64D3F84405704700800040074BD3F8402102B97047002282B0C3F802
:20C680004021D3F840310193019B02B000F002B800800040054B186838B110B400241C6094
:20C6A000D0E901215DF8044B10477047CC1700202DE9F0410488752C064607D07C2C37D0A4
:20C6C000A4B1002303800320BDE8F081DFF8D0802E4D98F800202E4F00233B602B6012B349
:20C6E0002C4CE256002A41DB2B6832E0FDF7B8F9294B2A4F1870254D3A682C60002A43D0A8
:20C700002346244C984604F8038000219368802098472B6801332B6057F82320002AF2D177
:20C72000DBB21F4A1370752333800120BDE8F081194B1B788B4216D1144D164CDFF86080D9
:20C74000134F3A682B6801323A60E25C02F07F02E25498F80020013393422B60C1DB3B680B
:20C76000002BB9D1DFE70120BDE8F0810B4A52F82320094B00201978FDF72AFA0028E0D12F
:20C780007C23338001209FE71346CAE7D4170020D0170020EC0A0020D13400202001002008
:20C7A000D034002070B50488672C06461BD0792C33D05CB300230380032070BD1E4C1F4A5A
:20C7C00023680025D554591C1D4B216028461978FDF7FEF91B4B2A4618688521FDF7F8F957
:20C7E00030B300232360184C134D06E00A28E5D00D28E3D02B687E2B15DD2046FDF772FB42
:20C80000431CF3D167233380012070BDFDF728F90B4A094B10701C60E5E7852901D0012044
:20C8200070BD054CDDE705495A1CC8542A60E4E779233380012070BD58180020D817002045
:20C84000D2340020041000205C180020064B074810B40021064C1C607F229A8099715DF87D
:20C86000044BFDF707B900BF5C180020C00100206418002012490B78E3B930B4114C124DCB
:20C8800022682B681148134482EA52222A6002680F4D1344013202600E4A13602A68012031
:20C8A000087098B203EBF2232B6002EBC202226030BC7047074A002350880B70704700BF15
:20C8C000D3340020E8180020E4180020F0180020EC180020F41800202DE9F04FDFF87C9045
:20C8E000DFF87C80DFF87CB0DFF87CE0DFF87CA0D8F80070CBF8000000260122C9F80060CF
:20C90000CEF80010CAF800201823354634460CE00CEB02070126013B80EA5025324401EB9F
:20C92000C100344607EBF12107D005EB000C002CEED0013B4FF00004F7D1074B1C704EB1D7
:20C94000C9F80050CBF80000CAF80020C8F80070CEF80010BDE8F08FD3340020E4180020B4
:20C96000F4180020E8180020EC180020F0180020014B024A1A607047F81800200100FD0028
:20C9800010B51A4C0220A179FCF732FFA379112B17D0062B07D03A2B1DD0BDE8104000215D
:20C9A0000120FCF725BF124B1B8828331A191B5B51889942BDE8104028BF19460120FCF778
:20C9C00017BF618D238D9942BDE8104028BF19460120FCF70DBF064B28341B88195B49BA26
:20C9E000BDE8104089B20120FCF702BF782A0020AA34002030B413780C7A83F002039C4227
:20CA0000844624D00B891BB94B89B3F57F4F0FD01F4C01F1080303CB22680123106002F180
:20CA2000080503FA0CF025605160C0B230BC70478B89FE2BECD1164CC989226822F8021B36
:20CA4000022303FA0CF02260C0B230BC7047487A53789842D6D1887A93789842D2D1C87A47
:20CA6000D3789842CED1087B13799842CAD1487B53799842C6D1887B93799842C2D1C87BAF
:20CA8000D3799842BED1032303FA0CF0C0B2CDE7B41F002070B5124B1B680C46154613B133
:20CAA0009B68084698470F4B0D201C60FCF7B4FE0D490646F9F792F800B170BD2A462146CD
:20CAC0003046F8F79DFF094B304621462A465B6C984729462046BDE8704002F02BBF00BF49
:20CAE00004190020B81F00204C30010094320100F8B507460E46FCF721FE134B1A78851ACF
:20CB00006B1E6D2B0AD81148002384469CF802400CF1710C34B101330C2BF7D14FF0FF35F1
:20CB20002846F8BD0A4909681144C3EBC30203EB0213C218C75403335670957018442A4681
:20CB400005F0A6FF2846F8BDD534002008190020C41F00202DE9F84315090F2D02F00F04FB
:20CB600008BF10250F2C06461F462DD0A04619B12A46304605F08CFF05EB08020F2A04DDA6
:20CB80005CB9D5B90120BDE8F883C2F110020021701905F0A5FF002CF3D01A4BDFF8689086
:20CBA0001F68D9F80030DB1B03EB0807FCF7C6FD87420EDD0020BDE8F8833046394603F068
:20CBC000D5F90120BDE8F8831024A0460029CFD1E3E7D9F80070C8F1100030442246394634
:20CBE00005F056FF022C05D03C44C9F800400120BDE8F8830A2DF7D8FF23F372FE233373D2
:20CC0000F2E700BFC41F0020B41F002038B51549154A164B0C7815681B6815492A460144E4
:20CC2000181905F035FF601980B2FCF76DFDFDF7F3F8A8B10F4B00219B6804460E4898475D
:20CC400005F028FB2046FDF725F92046FDF70CF90A4B1B68012B03D0032B01DC012038BDED
:20CC6000002038BDD5340020C01F0020C41F0020782A0020B42E010095CA0000B81F002079
:20CC80002DE9F04FDFF81481282288F800203B4A002387B013700446FCF766FCFCF73AFDBE
:20CCA000374B1860374B1B680BB1FFF769FE042005F0E8F801460520FCF79AFD3249DFF81B
:20CCC000E0B0002C18BF21460D20FCF79DFD2F4B9B69984700280290CBF8000010DD274B67
:20CCE000DFF8C0A01A78264B1868029B03900232841804F12601C3189942CAF8004003D3D0
:20CD0000002007B0BDE8F08F00218154204B1A78012A40F051821F4A59881588A94203F131
:20CD2000020000F0F18159881B4B1A88914200F00A8200231E461D46DFF86C9099F8010008
:20CD400099F80010020942EA0112D7B2C2F3850242EA871210F00F0F57B201F00F01D2B2B2
:20CD600024D1B9F802C0BCF1000F1FD120F00F00014340F025827822049228E0D534002004
:20CD8000C41F0020041900204C300100B42E0100F8180020802A0020902A0020D6340020F5
:20CDA000BC1F0020B41F0020782A002020F00F0C51EA0C0100F0DB81DAF80010D9F8000051
:20CDC000086001F8042B6022CAF80010049299F80620112A00F0FD81002A00F0FA813C2A7E
:20CDE00000F0F781A2F12B01012940F2F281DAF8001001F8012BCAF8001099F80720402A42
:20CE000000F0E182FF2A00F0D982012A00F0D182DAF8001001F8012BCAF80010B9F808202B
:20CE2000002A40F03682B9F80C10B9F80A200A43B9F80E100A43B9F810100A43B9F81210DE
:20CE40000A43B9F814100A43B9F816100A4392B2002A40F0408245F0400599F81830FF2B62
:20CE600000F06082002E00F0908272782378134323700D20FCF7D0FCC54902460020FFF7EA
:20CE8000B9FD2843DBF800200292C3B243F004030593C04BDAF800501B680393DFF810B3C3
:20CEA0009BF80040112C2F464FF0000659D04CB13C2C00F09A812B2C00F09C812C2C40F023
:20CEC0008D80022406F1280149444A780B78D200112B02F108028B4600F08081002B00F045
:20CEE0007D813C2B00F07A812B3B012B40F276816B1CDDE9025028448342BFF401AFCAF832
:20CF000000309D188542BFF4FBAE1846CDE90012164405F0BDFD019A0099CAF8005003464B
:20CF2000D2B2901E58700B7898F80010112B0A4488F8002000F05781002B00F054813C2B8B
:20CF400000F051812B3B012B8CBF0023012343EA440363F01F033B709BF80040112C2F46D2
:20CF6000A5D128366B1CCAF8003039F806305BBA9BB223F00F024FF2B004A24209EB0601A3
:20CF800090B200F039814A8852BA02F47F42B2F5704F00F0508103F47F43B3F5704F00F0D9
:20CFA00037812B46F02203F8052BDDE9020202449342BFF4A5AE59F80600C5F80100CAF849
:20CFC00000309F1C9742BFF49BAECA881A8098F80030CAF80070083388F800306E49039A74
:20CFE0000B780498D0541344BF1A6C4C059A5A70FFB223880F7098F80010029D5A1AD01926
:20D00000A84240F32C812B46ED1B043D25F007055E1F521B921B002ACCBF02F1FF394FF0B5
:20D02000030926F00707C4BF99FBF7F909F10409FCF7ECFE4845FFF463AE002DFFF660AE14
:20D04000544A574BD2F80090534AB3F800A0554892F800B04FF0000CC0F800C00AF10100B8
:20D060005A461880494609F1040005F01FFD238889F803A01B0A63F03F0389F800302388F5
:20D0800089F801304FEA1A2A89F802A0424ADFF8249198F80000C9F800500BF1040B82F800
:20D0A00000B0FFF7B3FD00283FF42AAE2388394998F800500A6838481B0A63F01F031370CB
:20D0C00023885370D9F800301D442388ADB205219D4201700AD3D8E0D9F800301D4423885E
:20D0E000ADB2AB4240F2D1802A4A12685B1B9E42B8BF3B46C9F80030EB0813712846FFF759
:20D1000085FD0028E8D1FBE545885688B5427FF40AAEDE889788BE427FF405AE1F46B2F845
:20D1200006C037F808EFE6457FF4FDAD134633F8100F814200F06D811B4B0026621CCAF8AB
:20D1400000208025F8E541885A8891427FF4F1AD164E9A88318891427FF4EBADDB8836F8F0
:20D16000022F9A427FF4E5AD083E0023E6E7DAF8002027F03F0738431070B9F80210A2F8C0
:20D1800001100332CAF80020682204921FE600BF902A0020C41F0020D5340020AC3400207D
:20D1A0009E340020B81F0020F8180020FE1800207E2A0020C01F00200B460E460D46BBE5C1
:20D1C000DAF8001001F8012B7022CAF800100492FDE5049A42F0040204920EE62B46DDE9D5
:20D1E000025028448DE60123B1E606F12801494403246AE6012465E64B885BBA9BB223F067
:20D200000F02824277D003F47F43B3F5704F12D02B46F22203F8042BDDE90202024493425C
:20D22000BFF46EAD39F80600CAF80030000A687048886880C5E62B46F12203F8042BDDE93E
:20D24000020202449342BFF45BAD39F80600A5F801004888CAF80030000AE870B1E68B4297
:20D260008DB2FFF44DAD03984944384405F010FC2088401B384480B2FCF746FA8B4B8C484F
:20D280009B680021984705F005F8012007B0BDE8F08F13BB48F2FE039A420BD1B9F81C20EF
:20D2A000B9F81A301343B9F81E2013439BB2002B00F0A780DAF800C07E4F0CF11003CAF818
:20D2C00000300FCFCCF80000CCF80410CCF80820CCF80C30C1E5002BECD05A782378754900
:20D2E00043EA02132370744A0420FFF783FB60F03F00C5B2B1E52B46F32203F8022BDDE9F3
:20D30000020202449342BFF4FBAC39F80600CAF80030040A4888000A00EB041000F5AA6085
:20D3200068704EE699F8193045F00802022B0592B9F81A207ED07ABBB9F81C1061BBB9F8EC
:20D340002010B9F81E200A43B9F8221092B2114340F0958099F82420002A00F0938099F80E
:20D360002220CAB9DAF80010544845F0090205920A468D1D02F8013BD9F82330C1F8013055
:20D380000379CAF80050137188E5B9F8182048F2FE039A421CD00595494CDAF800600FCCE6
:20D3A00006F11005CAF8005030607160B260F36074E5049A42F0010204922FE5049A42F0E3
:20D3C000030204922AE5049A42F00202049225E5B9F81C20B9F81A301343B9F81E201343AC
:20D3E0009BB2002BD7D10D20FCF716FA344902463046FFF7FFFADBF8003002932843C3B23B
:20D4000046E52D4A2B490420FFF7F4FA0543EDB223E55B889D427FF48FAE938A9E427FF41D
:20D420008BAE284B3A881B889A427FF485AE264B1E4683E6002AAFD1B9F81C10B9F81E20A5
:20D44000B9F820000A430243B9F822000243B9F82400024392B2002A7FF470AF99F8262060
:20D46000002A7FF46CAF45F00B03DAF80050059399F8273005F8013BCAF800500EE5002AA7
:20D480008AD16CE745F00A02DAF8005005922A460E4902F8013B8B78B9F82510A5F8011050
:20D4A00004359370CAF80050F8E400BFB42E010095CA0000802A0020283100209B2A002019
:20D4C000902A0020962A0020F81800209D2A00202DE9F84F07461446002A39D15E4D35F86B
:20D4E000063C88464FF0FF36914623BB731C2DD0B035DCB1721C16D0DFF86091B02406FBE4
:20D5000004F409EB04050C20A5F80A802F81FCF783F901462846F8F75BFB04F11000402144
:20D52000484402F0CFF83046BDE8F88F35F8063C0124002BDAD0284602F0E0F8002862D108
:20D54000711CD5D135F8063C002BD1D166B2CFE7424D2B89834208D0B5F8B830BB4224D028
:20D560004FF0FF363046BDE8F88F6B89002BF3D00C20FCF751F901462846F8F72FFB002854
:20D58000EAD00026F7B221463846FFF7B1FA00281ADB0028E4DDB02303FB065576B2AB89EE
:20D5A0001844A8813046BDE8F88FB5F8BA30002BD6D00C20FCF730F901462948F8F70EFBE4
:20D5C00001260028CCD0DDE74FF0000ADFF88880D146D34638F8063C2BB14E4503D040460A
:20D5E00002F08CF800BB08F1B008B9F1000F07D0BAF1000FB4D021463846FFF779FAC8E77E
:20D600004FF00109E6E7174B25F8069CE0B203F24C519A7822B11A78824208BF83F80290A0
:20D6200071339942F5D161E70E4B28F806BC4FF0000C03F24C515FFA89F09A7832B11A78EC
:20D64000824204BF83F802B00CF1010C71338B42F3D1E244C7E700BF641E0020541E002010
:20D66000041F0020081900202DE9F04F2DED028B884F894C894D8DB00C20FCF7CDF84FF048
:20D68000000BF8F721FA87F800B084F800B0FCF741F82860FCF752F820B90DB0BDEC028B5D
:20D6A000BDE8F08F04F0FAFA0420FCF7A7F80146062004F0F1FB0320FCF7A0F8014607203F
:20D6C00004F0EAFB2B681A8852BAC2F3072101F0F801C02992B200F0B480E0296ED15888F0
:20D6E00093F804802378C2F30A0A40BA053380B2424651462370FFF7EBFE431C0646CCD07B
:20D70000674BB02202FB0033B3F80C904FF4A063D145CDE9013B4FF0010334BF4FF0000942
:20D720004FF001090093FCF709F823788342B4D8FCF704F823783F785A4AC41A07EBC808A8
:20D74000A044B8F5A06F146000F20C82BBF1000F0AD00199E2198A429FDC29680BEB070036
:20D760001944224605F094F9BAF1000F00F0F181029B3BB14A4BB02202FB06333A1992B289
:20D780009A811A83B9F1000F40F04F82009B002B83D13C441FFA84FA434C444A2368A2F8A4
:20D7A00000A023B1FFF7ECF823685B6898470DB0BDEC028BBDE8F04F01F052BD5E464FF430
:20D7C000A062CDE90062DFF8ECB0B24622783848995C4FF0000C80F800C001F0F00CBCF198
:20D7E000F00F4AD001F0E000602865D041297FF454AF511C53FA81F303F120095946D3F8ED
:20D8000000E0D3F804C09868D3F80C80C1F80C8010334B45C1F800E0C1F804C0886001F13A
:20D820001001ECD118685B684B6008603B78283329323B704FF00009009B22700293C84698
:20D8400071E758882378C2F30A0A40BA04335A4680B251462370FFF73BFE0646701C3FF4C5
:20D860001CAF0F4BB02202FB06339421012203F11A0BCDE900212B68A8E70132D2B201F0E9
:20D880000F0C11F00E0F227080F800C07FF405AF995CA7E7D6340020D5340020C41F002085
:20D8A000541E0020C01F002004190020AC340020D4340020782A0020FBF740FF2378029052
:20D8C0005A1C8242BFF6E9AE2A68D118981C91F9018091F8019003901118BE48D35C01601C
:20D8E000B8F1000FBCBF01310160D80600F14E811907B84800F1DF81D0F800C00298ACEB9A
:20D900000201033188427FF7C8AE9CF803E0BCF80110ABF801108BF803E01CF8041BAD489C
:20D920009BF801E0C0F800C04FEA910C0CF0300C4CEA811C0EF00F0EC1F383014CEA0E0C77
:20D9400041F060018BF801C08BF8001013F0040104910DD19F4801680298A1EB020C6045BA
:20D960007FF79BAE9B4811F801CB8BF806C0016013F0030300F04B819749CB5C8BF8073000
:20D9800019F0400FC9F3011300F0BF81B8F1000FBBBF0399525C00221209002B40F0288172
:20D9A0000BF1080208EE102A19468C4A0591D25C03920C20FBF730FF039A0599034618EECC
:20D9C000100AFFF7C7F800283FF467AE19F0080309F0030200F0AA8119F0040F1FD140F29D
:20D9E000FF23ADF82C30531E012B0DD87948296803680298591A88427FF74FAE754813F8B3
:20DA0000011B8DF82D100360754B0BA99A5C0BF118000023FFF79EF800283FF43EAE3B789E
:20DA2000029A28333B706B4BD3F800E02B680393AEEB03039A427FF730AE049B002B00F031
:20DA4000E6810BF10603049300220BF12803CDE908A60592CDF81CB0F0469A4653E05D4AFE
:20DA600098F801E008F102061660039AA6EB020C029A62457FF711AE16F8018B554A11F0D0
:20DA8000040F166009EB08027FF407AE5549CB5C04990B70019B9A423FF7FFAD039BA6EB71
:20DAA000030C08F101039C4408F102034FEAD309DB1042463146069300F0BE81029B8AF896
:20DAC00000E06345069BCDF810A009F1FF3E8AF801E00AEBC30AFFF6E0AD04F0D9FF4FEAC5
:20DAE000C909059B3B4A5FFA89F94B44DBB205933B78B0449944C2F8008087F80090BBF127
:20DB0000000F00F0788198F80030079A03F0F00CAAEB0202BCF1E00F4FEA530102F10209FD
:20DB20000AF1020008F1010640F08981294A1660039AA6EB020C029A624503F0010BC3F391
:20DB400042037FF7AAADBBF1000F88D04FF0000E92E7009B002B3FF41CAEB9F1000F7FF4EB
:20DB60001BAE9AE5204A214BB021F6B201FB06220020508103F24C519A781AB11A78B24204
:20DB800008BF987071339942F6D186E513F0080E40F0B4800F4801680298A1EB020C6045EF
:20DBA0007FF77BAD91F800C00A48CCF3830C4CF0600C8BF800C011F801CB01604FEA9C01E7
:20DBC00001F0300141EA8C11ABF802E08BF80110BCE600BFB41F00202C330100303301002A
:20DBE0003833010014330100541E002008190020B849087801287FF450AD487890427FF47F
:20DC00004CAD0BF1080208EE102A0231CDE6B24803680298991A88427FF73FADAE4813F810
:20DC2000011B8BF807100360AAE6DFF8C882B02306FB03F308EB0302B2F80A90158BA2F8DA
:20DC40000CA0A945C0F09C80B9F5A06F00F298801A3308EB03012A46A048DFF89CB204F0E2
:20DC600017FF9E4BA9EB05025819002104F038FFABF103050BF24C5904E00BF1710BD9458D
:20DC800000F092801BF8012C002AF6D01BF8033C9E42F2D11BF8021C02EBC103B3F5A06FC4
:20DCA0008E4B4FEAC10103EB010000F2F080594604F0EEFEE1E7016802984FF0600C8BF8C7
:20DCC00000C0A1EB020C0CF1020C60457FF7E5AC91F800C0804801F1030EC0F800E04FEA4E
:20DCE0009C0E0EF0300E0CF00F0C4EEA0C0C8BF801C0B1F80110ABF8021027E66021ABF8F3
:20DD000000100021ABF8021020E6754A0C20D25C0392FBF781FD039A724903460BF1080054
:20DD2000FEF718FF00287FF451AEB6E419F0040F50D0B8F1000F05DA21782B680B449B7842
:20DD400003F00F03DFF88C8198F8001001297FF4A4AC98F8011099427FF49FAC624B0D2039
:20DD60009A5C0392FBF758FD039A034608F102010BF11800FEF7EEFE00287FF450AE8CE4F1
:20DD8000F6B2B022594B02FB06880020A8F80A0003F24C519A781AB11A78B24208BF98704C
:20DDA00071339942F6D178E4F6B2B02303FB068800214F4AA8F80A10AB781BB12B78B342BF
:20DDC00008BFA9707135AA42F6D1009B002B3FF4E0ACE1E4424B0D209A5C0392FBF71CFD70
:20DDE000039A404903460BF11800FEF7B3FE00287FF415AE51E4039B029ADDF81CB0A8EBF9
:20DE000003039A42DDE908A6C6467FF746AC324B2A681B689B1A2370BAF1000F4AD0AAF1EF
:20DE200028038BF805301B128BF804304FF00009009B0293C84676E48AF801302DE4039ADA
:20DE40000299099EDDF81CB0C646AEEB02029142D046DDF820A07FF720AC03F0F803F02B6D
:20DE6000D5D10199A8EB0B0307338B42BFF615AC049911230B709EF800C00CF0F303F03B85
:20DE8000032B3FF60AACDFE803F0BBA38239F6B2B02303FB06880021154AA8F80A10AB7832
:20DEA0001BB12B78B34208BFA9707135AA42F6D1FFF7F3BBFBF742FC2278831A3A781344B1
:20DEC000283B5BBAABF80430009B0293D146D04629E400BFF8180020B41F0020782A0020E5
:20DEE00034330100183301003033010008190020541E0020541E00200B190020029B013291
:20DF000093427FF7CAAB9EF8013046491B09A3F575639BB21B0243F0F003A8F800309EF861
:20DF2000013003F00F03A3F575639BB21B020EF1020243F0F0030A60A8F802301CF0040F4D
:20DF40000DD13849039A0B6802989A1A013290427FF7A3AB33F8022BA8F806200B60FBF7C0
:20DF6000EDFB304A296812680346BAF1000F26D0059AAAF128039B1A9BB21A0212B21B0ACF
:20DF80001343A8F804303B7808333B703FE7029B033293427FF781AB9EF80130214AA3F585
:20DFA00080539BB21B0243F0F003A8F80030BEF80230A8F802300EF104031360BEE7521AEA
:20DFC000C2F1080213449BB21A0212B21B0AD7E7029B033293427FF760ABBEF80130A8F86E
:20DFE00000309EF803300F49A3F580539BB21B020EF1040243F0F0030A60A8F802309DE710
:20E00000029B043293427FF748ABBEF80130A8F80030BEF80330034AA8F802300EF1050329
:20E0200013608BE7B41F002010B5044604F0C8F8C02C00D010BDBDE8104004F091B800BFCB
:20E04000014804F0E7B800BFC5E4000008B50B4A0B4B10681968884203D000F029FA00204B
:20E0600008BD506859688842F7D1906899688842F3D1D268DB689A42EFD1F0E7C81F002052
:20E08000802A002008B5FFF7DBFF04480021FBF7F1FCBDE80840024800F0DAB9D001002032
:20E0A000A5E0000010B5204B1A78212A84B010D03F2A06D008330FCB1C4C84E80F0004B0CF
:20E0C00010BD5A784D2A16D004B0BDE8104003F0E5BD5A78502AF7D1D3F80200D3F8061044
:20E0E0000023CDE902336B4603C303F0D7FD6846FBF742FFE8E70E490E4821221A7001F1B8
:20E10000080C11F8012F140902F00F020233045D825C1C708C455A70F3D1074B0248122164
:20E12000198000F09BF9CFE7782A0020C81F0020273100203C330100AC34002008B5064850
:20E14000064B45F23F0202210280198000F086F9BDE8084003F0A2BD782A0020AC34002048
:20E160002DE9F84F0388044633B1F82B12D1822915D00120BDE8F88FAC4AAD491380AD4832
:20E18000AD4A0B80012103801170F82323800120BDE8F88F002303800320BDE8F88FA54FE3
:20E1A000A34E3B883288934249D06FD2A348A449002540F201584FF0C00900EB050E11F82B
:20E1C00003C0BCF1DB0F03F1010B05F1010A3AD01FFA8BF39A420EF801CB1FFA8AF502D922
:20E1E0004545ECD1002501321FFA82FEBEF5A26F08BF4FF0000EA6F800E08C4BB3F800C04F
:20E20000F4450FD08E4A734608E0D05CC02800F0F4808BB2B3F5A26F08BF00239C4503F140
:20E220000101F2D1A7F800E0864B1D80002DACD0854B1B6803B1984701F012F8A5E7814B4A
:20E2400000221A80A1E703F1010E1FFA8EFE7245C9D9B5F5A06FC5D811F80EE0BEF1DD0F91
:20E2600008D00233BEF1DC0F9BB200F0BD809A42A3D8B8E702339BB200F805C0934205F17D
:20E280000105ADB2AFD2454597D1ABE7B3F5A26F80F0C38069486A49002540F2015B01EBA5
:20E2A000030E00EB05081EF801CBBCF1DB0F03F1010A05F1010914D01FFA8AF3B3F5A26FAA
:20E2C00008F801CB1FFA89F500F081805D45EAD1002A40F0A78000254FF0010EA6F800E01B
:20E2E0008BE703F1010E1FFA8EFEBEF5A26F00F09280B5F5A06F00F2878011F80EE0BEF1E6
:20E30000DD0F24D00233BEF1DC0F9BB255D0B3F5A26FC4D10023002ADED001EB030C00EBAD
:20E3200005081CF801EBBEF1DB0F03F1010A05F1010919D01FFA8AF39A4208F801EB1FFAD8
:20E3400089F57FF650AFB5F5A06FEAD94AE702339BB200F805C0B3F5A26F05F10105ADB2CB
:20E3600035D05D459BD1B3E703F1010C1FFA8CFC62457FF638AFB5F5A06F3FF633AF023346
:20E380009BB211F80CC0BCF1DD0F09D0BCF1DC0F10D09A427FF627AFB5F5A06FBDD921E7F3
:20E3A0004FF0DB0C00F805C09A4205F10105ADB2F2D818E74FF0C00CF4E76FF03F0C00F8F2
:20E3C00005C0B3F5A26F05F10105ADB2C9D10023002A81D0B5F5A06F3FF604AF002B9CD0F4
:20E3E00001234FF0000CCCE700F805909A4205F10105ADB23FF647AFF5E614483380A7F883
:20E4000000E0FBF717FC0FE7002A3FF464AF00250123AC46B5E70123DAE7002A3FF45BAF8E
:20E420000648074900231D4677E700BFA2340020A4340020A0340020D7340020782A0020CC
:20E44000DC1F0020AC340020D81F0020D0010020014B1860704700BFD81F002070B50E46CF
:20E460000546C020FFF7E0FD002E17DD002407E0DB2818D00134A4B2FFF7D6FDB4420DDA55
:20E4800015F8010BC028F3D1DB200134FFF7CCFDA4B2DC20FFF7C8FDB442F1DBBDE87040A4
:20E4A000C020FFF7C1BDFFF7BFFDDD20E2E700BF024B03481988FFF7D1BF00BFAC34002053
:20E4C000782A0020284A1378022B05D0032B0BD1C0282DD00020704700F12403DBB2012BE4
:20E4E0001ED80123137003E0DB2804BF0223137010B51E491E4CB1F800C0B4F800E00CF1A6
:20E5000001039BB2B3F5A26F08BF00239E450B801FD0184BC02803F80C000DD0002010BD8E
:20E520001549124B09881980032010700020704701231370002070470F4A138863450FD083
:20E540009E450E4808BFA2F800C0FBF773FB012010BD094B03201B8810700B80002010BD01
:20E56000A1F800C0DAE700BFD7340020A2340020A0340020DC1F0020A4340020D0010020A9
:20E5800038B54368934294BF03F1FF35154604462A46006804F07CFAD4E900322B44521BE1
:20E5A000C4E90032002038BD0CB430B587B00AAA044652F8045B0A48049002A80B4605906E
:20E5C000294604A8CDE90243019200F0B9F8029B00221A7007B0BDE8304002B0704700BFB4
:20E5E00081E50000074B82B001AA9A42019304D9CD2103F8011B9342FBD10348002102B075
:20E60000FBF738BAE8340020E001002038B5124C124D03F03FFE2378CD2B08D0AC4202D3D1
:20E620000EE0AC4212D014F8013FCD2BF9D1AC4202D30BE0AC4209D014F8013FCD2BF9D08C
:20E6400003F028FEAC4203D2281B38BD03F022FE4FF0FF3038BD00BFE83400200000042011
:20E6600070B50388044633B1972B0DD1154BDB6873B1012070BD13484FF4A061F6F796FBEA
:20E6800097232380012070BD00230380032070BDFFF7BCFF0C4E0D4BF61AB04205460DD943
:20E6A0000B4B1B68002B09DD0A4A0B490B48FBF717F90B4832462946FBF712F90148F6F706
:20E6C0007FFBDDE7EC24002000000420E8340020F80000206433010080300100C42C01001A
:20E6E0006C33010010B50446F5F7F6FDD4E900310B44C01A6FF0004290422CBF00200120D6
:20E7000010BD00BF102970B50C4605460CD90B4E01E0102C0BD9D5E9003010223146103C50
:20E7200098470028F5D070BD08460029FBD02B68686802492246BDE870401847C8330100D8
:20E740002DE9F04F8FB00B780192002B00F04B84894680464FF0000B04E019F8013F002BE6
:20E7600000F0F480252BF8D1494500F08F81A9EB0104D8F80030D8F80400224698470028B2
:20E7800040F0688299F80030A344002B00F0E18099F8013009F10109002B00F0DA800025DB
:20E7A000A3F12002102A0AD8DFE802F0CD0909CA09090909090909C709C40909BF00A3F1ED
:20E7C0003102082A40F254812A2B00F0628100242E2B00F03F814FF0FF316C2B00F03081D1
:20E7E000682B00F064817A2B05D199F8013045F0600509F10109782B7CD8DFE813F0AA006B
:20E800007B007B007B007B007B007B007B007B007B007B007B007B007B007B007B007B0048
:20E820007B007B007B007B007B007B007B007B007B007B007B007B007B007B007B007B0028
:20E840007B007B007B007B00A0027B007B007B007B007B007B007B007B007B007B007B00E1
:20E860007B007B007B007B007B007B007B007B007B007B007B007B007B007B007B007B00E8
:20E880009D027B007B007B009A029702AC027B007B007B007B007B007B007B007B007B0032
:20E8A0007B007B007B007B007B007B007B00A9027B007B007B007B007B007B007B007B0078
:20E8C000A6027B00A3028B028E02940291027B008B027B007B007B007B00BB02B802790046
:20E8E0007B007B00B5027B00B2027B007B00AF0245F4407505F4E063B3F5806F09F10109D0
:20E9000000F08A814ED9B3F5C06F00F0DA80B3F5E06F22D1019A136804320192C3F800B080
:20E9200099F80030ABB149461CE745F0100519F8013F35E745F00105F9E745F00605F6E739
:20E9400045F00805F3E745F00205F0E789457FF40EAF58460FB0BDE8F08FB3F5A06FDFD1A2
:20E96000019A012C13688DF8203002F1040238BF01240192EA0704F1FF3440F13582D8E915
:20E980000030012208A99847002840F063810BF1010B21464046FFF7B5FE002840F05A8187
:20E9A000A344BDE7B3F5807F00F09680B3F5407FB6D1019ABB4E136804320192BA4A15F43C
:20E9C000804F08BF16460022002B00F09B810DF13307394603F00F001B09305C01F8010D7C
:20E9E00043EA0273120953EA0200F3D17E1A00F08B810336782301F8013C302301F8023C2F
:20EA0000A6424FF0230301F8033CA1F10307C0F01481E9074FF0000400F1148121464046EA
:20EA2000FFF770FE002840F01581D8E90030394632469847002840F00D81B344A3446FE7A3
:20EA400099F801306C2B00F00A8109F1010945F06005D0E699F80130A3F13002092A09F1D9
:20EA6000010040F203812A2B00F011818146B2E6002404EB840403EB440419F8013FA3F1F3
:20EA80003002092AA4F13004F3D9A1E699F800307BE6019A146813460433002C0193B8BFF5
:20EAA00045F0010599F8013009F1010990E699F80130682B00F0028109F1010945F0400599
:20EAC00099E6D8E90030794901229847002840F0C1800BF1010B23E70029ABBF25F010059A
:20EAE00001230391039315F40053059305F0E00300F0EB80402B00F04B8200F24881002B93
:20EB000000F01A82202B40F07082019A92F90030043201921F464FEAE37ABAF1000FC0F276
:20EB20007A8105F4C053B3F5805F00F0C081B3F5C05F00F0DD81B3F5006F00F08F810023C7
:20EB400004930DF136060293DDE90232934234BFD31A002341F60802039305EA020141F281
:20EB60000803994200F03681DDE902309142034403D157EA0A0240F0668100273A46059979
:20EB800069B10499002940F0438105F00601022900F061810629464904BF01270A463B4430
:20EBA0009C428CBFE41A002415F0010A06D1E80640F1CE81039B23440393544637B1114641
:20EBC000D8E900303A469847002843D1039D029B102D9B4440F2AA81D8E900303549102252
:20EBE000103D9847002835D1102DF5D8D8E9003030492A46984768BBD8E90030029A3146D1
:20EC0000BB44984730BB039B5B449B46BAF1000F7FF4BFAEA34483E6019A13461768043379
:20EC20000193002F63D1244F0626002902DB8E4228BF0E46B4427FF6ECAEE907A4EB06049F
:20EC40007FF5ECAED8E90030394632469847002800F093804FF0FF300FB0BDE8F08F99F8D2
:20EC6000023045F0800509F10209C4E5002202EB820203EB420210F8013F2F2BA2F13002CE
:20EC800040F2A580392BF2D911468146A5E5019A134604330193116899F8023009F1020946
:20ECA0009BE500BF943301003C330100C4330100B4330100D8330100BC33010099F802303E
:20ECC00045F0200509F1020995E5402B00F058816DD8002B00F04681202B40F09B81019ACE
:20ECE000DDF814A0177813460433019319E73B78002B00F061813B4613F8012F002AFBD176
:20ED0000DE1B92E70DF13301302301F8013C042601396FE645F42455ECE545F40245E9E53C
:20ED200045F48135E6E545F40075E3E545F48445E0E545F44245DDE545F4E135DAE545F413
:20ED4000C065D7E545F4A065D4E545F4C135D1E545F4B245CEE545F4A135CBE545F4C855FE
:20ED6000C8E545F41065C5E545F48065C2E545F48855BFE509F10109CCE521464046B34476
:20ED8000FFF7C0FC00287FF465AFA344C8E5602B00F0D280802B40F02881019B073323F044
:20EDA0000703D3F804A053F8087B0193B5E6602B00F0D880802B40F02D81019B073323F098
:20EDC0000703D3F804A053F8087B0193A9E61146814610E5039B029A012B38BF012300270E
:20EDE0000393D3183A46CAE621464046FFF78AFC00287FF42FAFD8E90030012208A90BF1BF
:20EE0000010B984700287FF425AFA344A34487E5904A0127C3E67F4205F4C0536AEB4A0A3D
:20EE2000B3F5805F00F0CA80B3F5C05F00F0B980B3F5006F4FF00103049316D000230DF129
:20EE40003606029380E68449844A15F4804F18BF0A46022793E6824A0127A0E657EA0A0377
:20EE60004FF0000300F0BA800493CDE9064B0DF136030293384651461E460A22002383462B
:20EE80000C4603F073FC303206F8012D0023584621460A2203F06AFCBBF10A0F74F1000356
:20EEA000EBD2029B9B1BDDE9064B02934CE657EA0A0300F0888000233846514604930DF151
:20EEC000360302931E4607F00703FF08303347EA4A774FEADA0A06F8013D57EA0A03F2D139
:20EEE000029B9B1B029307468A462DE60027BA4615F480433ED104935A483B46524657EA65
:20EF00000A0166D00DF1360102910E4603F00F011B09415C06F8011D43EA0273120953EABA
:20EF20000201F3D1029B9B1B02930DE6039B002B3FF462AE1D4659E6019A176813464FEAD5
:20EF4000E77A0433BAF1000F0193BFF6EAAD62E7214640460492FFF7D5FB049A00283FF4F4
:20EF60002DAE77E6019ADDF814A01768134604330193D6E500213C4804913B465246BEE7DF
:20EF8000019ADDF814A01788134604330193C8E5019AB2F90030043201921F464FEAE37AA3
:20EFA000BBE56B0405D501212F4804913B465246A8E7012304939FE73B46A1E601233846A7
:20EFC000514604937BE70023049302930DF13606BAE5002302930DF13606B5E502930493C1
:20EFE0000DF13606B0E51846B4E405F4C053B3F5805F27D0B3F5C05F3FF478AFB3F5006F8A
:20F000004FF000030FD004931F469A460DF13606029399E505F4C053B3F5805F02D0B3F599
:20F02000C05F07D0059B029304931F469A460DF1360689E5059B02931F469A4604930DF112
:20F04000360681E5002304931F469A4602930DF1360679E5B0330100A8330100AC33010042
:20F06000B83301003C3301009433010010B44FF080414FF080530020C1F80C015F4AC1F84E
:20F080001001C1F83805D3F80404C2F82005D3F80804C2F82405D3F80C04C2F82805D3F870
:20F0A0001004C2F82C05D3F81404C2F83005D3F81804C2F83405D3F81C04C2F84005D3F8F0
:20F0C0002004C2F84405D3F82404C2F84805D3F82804C2F84C05D3F82C04C2F85005D3F838
:20F0E0003004C2F85405D3F83404C2F86005D3F83804C2F86405D3F83C04C2F86805D3F880
:20F100004004C2F86C05D3F83001D3F84444C2F87045082824D04FF08043D3F80024D207D4
:20F1200044BF6FF00102C3F80024354AD2F8883043F47003C2F88830BFF34F8FBFF36F8F2E
:20F140004FF01023D3F80022002A26DBD3F80432002B22DB2B4B2C4A1A605DF8044B70473B
:20F16000D3F83421002AD6D12848294A294CC0F88C46FB20C2F81805D1F8E42ED3F858329A
:20F18000254822F00F0203F00F0313434FF40072C1F8E43EC0F84026BDE7204A0123C2F8EA
:20F1A0000435D2F80034002BFBD04FF0102312211A4AC3F80012D2F80034002BFBD04FF019
:20F1C00010231221154AC3F80412D2F80034002BFBD000231149C2F80435D1F80034002B0D
:20F1E000FBD0BFF34F8F06490D4BCA6802F4E0621343CB60BFF34F8F00BFFDE700C00040EF
:20F2000000ED00E0F00100200090D0030050004000F00040488103000090024000E001402E
:20F220000400FA05084B03F1A00102E008338B4208D01A88002AF9D1044A188012685A6071
:20F2400001F07CBD704700BF0C25002004100020024B1B68C0E90A31704700BF041000202B
:20F26000002108B50846F7F795F818B1BDE8084002F014BD024602210348FAF7CFFCBDE857
:20F28000084002F00BBD00BFF4010020F0B54C4D2B8889B013B3B3F5A06F2BD8494C618B6D
:20F2A000238BA28B0B43E18B1343228C0B43618C1343A28C0B431343E28C13439BB2CBB1C5
:20F2C000414E736B984740B3237EFF2B08D004F1180000F0C3FC88B12B8833BB09B0F0BD50
:20F2E000002421460120F7F755F8D8B9374B2046DB68984702F0D2FC09B0F0BD336C04A81B
:20F300009847B8B104AD284600F0E0FA044658B3204600F0C9FA0446E3E709B0BDE8F040AC
:20F3200002F0BCBC02F0BAFCE4E709B0BDE8F04000F054B804F1180000F06EFC88B904F1C9
:20F34000180000F007FB0746F8B100F001FB05460028D8D13846F36C9847384600F0FCFA85
:20F36000C8E704F11805CEE7294602A800F008FE092301942246009302A90123284600F01F
:20F380002FFA04460028C3D1B4E700F053FB05460028B8D10E4B94F828201A7001F084FC41
:20F3A0000C4B5B6898470028A4DA00220321012000F026FF084B00221A70FFF767FF99E757
:20F3C000AC340020782A0020943201001C330100DD34002050330100DC34002010B5114B4E
:20F3E000114C1B88228803F13B01914203DA0F4A9179062909D0012001F0B4FC238803B9EF
:20F4000010BDBDE81040FFF741BF134493F835309B07F0D50648C368002BECD1F5F7DAFC63
:20F42000E9E700BFAA340020AC340020782A0020FC2400202DE9F041038805467BB340F2C0
:20F440003530834226D1022945D0904616D9872958D088290CD14F4B9A4200F081804E4B20
:20F460009A4205D1D3681BB900F068FBFFF70EFF40F235332B800120BDE8F081002931D0CF
:20F48000002AF5D0454B05201A6001F06BFCFFF7FDFEEDE700232B800320BDE8F081404C9E
:20F4A0001946A022204603F01BFB3E4B1B68C4F8A030FAF7D5FA3C4B0246402135481A702D
:20F4C000F5F774FC01F0B2FB384B1B689847384B5B689847CCE7374B1B88002BC8D0FFF797
:20F4E0007DFFC5E7002AC3D0334B03201A6001F039FCFFF7CBFE2748C368002BB8D1F5F7ED
:20F5000069FCB5E72D4C002704F1A00602E00834B4420CD054F8043C9845F8D134F8080C4D
:20F5200001F0F8FB24F8087C44F8047CEFE7244B002403F5C070996A884504BF9C6283F8EE
:20F54000254030338342F6D11E4B002403F580709969884508BF1C8220338342F8D187E75F
:20F56000D368002B84D1164C134F04F5C07603E03034B4423FF47CAF94F82530002BF7D06F
:20F580004046F5F727FC02203C6001F0EBFBFFF77DFEEDE7FC240020A4280020343100204B
:20F5A0000C25002004100020D83400205033010094320100AC3400207C2F0020142500202B
:20F5C000802F00203831002010B51C4B1A68002A30D002F128041A4B1B785B0618D5194B32
:20F5E000118A03F1A00C02E0083363451AD033F8082C8A42F8D153F8040C0028F4D00022C4
:20F60000C4E90002104BDB6833B90F48F5F7E2FB206800B910BD62680C4BBDE810401978DC
:20F62000FAF7FCBA084BDB68002BEED020680028F0D0F0E7064B1C681834CCE77C2F0020BE
:20F64000DC34002014250020FC240020D834002034310020802803D1024B0022C3F8042561
:20F660000120704700C000400120704730B5144D01232B6083B0FCF7F3FF6FF003031C1A32
:20F6800003E0FCF7EDFFC44203D5D5F80031002BF7D00B4B0022C3F80021D3F80825D3F8C3
:20F6A0000835920548BF6FEA8353054A48BF6FEA9353012101935160019803B030BD00BF4C
:20F6C00000C0004010B541600446F4F7FFFD206010BD00BF10B50446F4F7F8FDD4E90021BA
:20F6E000C2F101031844884284BF5218226010BD10B50446F4F7EAFD206010BD10B50446F4
:20F70000F4F7E4FDD4E90032C3F10103184482422CBF0020012010BD10B4154B154C4FF099
:20F72000A04100220320C3F80025C1F874074FF00050C1F80805C1F87C271F201D21C3F8A6
:20F74000244583B0C3F86C25C3F81405C3F80C15C3F81C21D3F81C2101920198042101229D
:20F76000C3F800159A6003B05DF8044B704700BF0020004000E0D701074B0022C3F8082182
:20F7800082B0D3F808210192019A044AD3F818051368C0B202B0184700200040B02500208C
:20F7A00050B110B5054B04469B6C984721460448BDE81040F6F774BD704700BF9432010000
:20F7C0000402002008B5F6F7E7F9BDE8084002490248F6F73FBC00BFA1F700000402002092
:20F7E00070B51E469DF81020059B05460A48F6F7D1FC044668B1094BD5F800C06968AA689D
:20F80000ED689B6CC560C0F800C04160826046749847204670BD00BF040200209432010094
:20F82000F0B589B0002838D00E46B1B307461C48F6F794FC054680BB3C682068A268E368CD
:20F8400061680DF10C0CACE80F00164B228A9B6CACF800202046984711482146F6F720FD3F
:20F86000D8B10523CDE900359DF81C209DF81D30314603A8FFF7B4FF0446386068B10DF175
:20F880000C0CBCE80F0020606160A260E360BCF800302382284609B0F0BD4FF0FF35F9E767
:20F8A000040200209432010001460148F6F75CBD040200200148F6F723BC00BF04020020A5
:20F8C00001460148F6F7E8BB0402002070B5B8B105460D48F6F714FC044688B10A4E03E0F9
:20F8E000F6F7DAFB044658B129461022204603F0BFF8034621463046002BF1D1204670BD9C
:20F900000024204670BD00BF0402002001460148F6F724BC0402002008B5FFF7D7FF28B166
:20F920000146BDE808400248F6F71EBD08BD00BF04020020704700BF08B50348F6F77EFAF4
:20F94000024B00221A6008BD14020020D42600200020704700207047704700BFF8B508B31D
:20F96000184B1C680F46064614B91EE02468E4B1251D10223146284603F07AF80028F5D167
:20F9800030687168B268F3680FC51FB9012323772046F8BDA761F4F79FFC002360612377F0
:20F9A0002046F8BD00242046F8BD0748F6F758FA04460028F6D003482146F6F745F9251D08
:20F9C000DEE700BFD4260020140200200C4B1B68A3B1984210B5044602D105E0A34203D0CC
:20F9E0001B68002BFAD110BD21460548F6F74AF921460448BDE81040F6F74EBA704700BFCA
:20FA0000D42600201402002038B5054670B1084B1C6814B908E0246834B1201D1022294662
:20FA200003F026F80028F6D1204638BD0446FBE7D426002038B5084B1C685CB1251D2846A4
:20FA4000FFF744FF08B1437C13B92468002CF5D1284638BD2546FBE7D426002070B5154D5A
:20FA60002C682CB1144E237F1BB12468002CFAD170BD04F11400FEF735FE0028F5D02A68E5
:20FA8000002AF5D0944208D0134601E09C4204D01B68002BFAD11446E5E721462846F6F77C
:20FAA000F1F821463046F6F7F7F92C68002CDAD1DEE700BFD4260020140200202DE9F0411D
:20FAC000194D427B194F6A73002340F2FF22C5E900233B60C389164CEB814FF08073AB6085
:20FAE000FF23804604F17E062B7305E002F0C0FF98B11234B44209D0237C2046102229466D
:20FB0000002BF3D13C601234B442F5D100233B60002388F81030BDE8F0810023207488F86A
:20FB200010303C60BDE8F0812C27002040270020D0270020004870471C27002038B5124B16
:20FB4000124C1846236003F1540504E020681C30A842206010D2037C002BF7D0C37C002B3A
:20FB6000F4D11430FEF7BEFD0028EFD020680028EDD0FFF7A3FFE9E7FFF770FFBDE838408E
:20FB80000348F5F71DB900BF582700203C270020A4280020002839D02DE9F84F1C4F1D4C29
:20FBA000994600238846924605463B60CE0804F1540B05E002F05CFF10B31C345C4509D0CE
:20FBC000237C204632462946002BF3D13C601C345C45F5D13C68B4B1012323742868EB6850
:20FBE0006968AA680FC438680A9B43610B9B80F8118080F812A080F813908361BDE8F88F62
:20FC00003C60BDE8F88F0020BDE8F88F002070474427002050280020F8B50C4B0C4E1C4616
:20FC20000546336003F15407237C2046294623B1627CD20802F01CFF28B11C34BC423460CF
:20FC4000F2D10020F8BD0120F8BD00BF502800204427002008B1FFF731BF7047F8B5B8B1E8
:20FC60000E4F0F4C002305463B6004F1540605E002F0FEFE78B11C34B44209D0237C204654
:20FC800010222946002BF3D13C601C34B442F5D100242046F8BD3C602046F8BD3C270020B3
:20FCA00058270020124B30B5124D86461A462B600021184648F2FE0403F1540C08E0437C97
:20FCC00073450BD01C3060454FF001010CD00246037C002BF6D0BEF1FF3FF0D10388A342AD
:20FCE000F0D101B12A6030BD2860002030BD00BF582700203C27002050B3F8B5154F164C2E
:20FD0000002305463B6004F17E0605E002F0B0FED0B11234B44209D0237C204610222946A0
:20FD2000002BF3D13C601234B442F5D13B686BB101221A7428686C68A968EA68DA6018604D
:20FD40005C6099603868F8BD3C60F8BD0020F8BD0020704740270020D0270020002851D0B5
:20FD60002DE9F843284E294C00230F4690460546336004F1540906E002F07AFE002833D04E
:20FD80001C344C4509D0237C204610222946002BF2D134601C344C45F5D134683CB34FF010
:20FDA000010C84F810C028686968AA68EB680FC4346884F81280EFB984F813C01448012330
:20FDC0006374002140F2FF24C0E900414FF080716A7BEB898160FF2101734273C381FFF7FF
:20FDE0008BFF3068BDE8F8833460BDE8F8830020BDE8F8830023E374A761F4F76DFA606138
:20FE00003468DBE7002070473C270020582700202C270020F8B5B8B10E4F0F4C00230546DC
:20FE20003B6004F17E0605E002F022FE78B11234B44209D0237C204610222946002BF3D1E4
:20FE40003C601234B442F5D100242046F8BD3C602046F8BD40270020D02700202DE9F04F1B
:20FE60000B8848F2FE08434504463AD00B78FF2B37D03C4A3C4E00233260994602F154072D
:20FE800003E01C32BA42326021D0107C0028F8D0507C0128F5D110884045F2D04D1E501EC3
:20FEA0004FF0000C15F801EF10F801AFD6450CF1080B3FD15FFA8BFCBCF1800FF2D1CC4517
:20FEC00024BFE14613461C32BA423260DDD133B39C46BCE80F0020606160A260E360BDE88F
:20FEE000F08F204B204E19463360002048F2FE0703F1540505E01C33AB424FF001000DD0CE
:20FF000019461A7C002AF6D05A7C012AF3D11A88BA42F0D10028DBD03160D9E733600023FE
:20FF200023806380A380E38023816381A381E381BDE8F08F8EEA0A0E0CF1080A5FFA8AFA05
:20FF40004FEA4E001EF0800F0CF101055FFA80FEB5D15FFA85FCE245F2D1CC4524BFE1463E
:20FF60001346B0E7582700203C2700200B684A688360037AC26083F002030372704700BF65
:20FF80008B68CA6803600378426083F002030370704700BFF8B5094B094E5F687568B84760
:20FFA0000446B84724027368A4B214FA80F06D08B0FBF3F403FB14002844F8BD00330100B5
:20FFC00048270020F0B53C4A548813889188D08823430B431189548903430B439089D1894D
:20FFE000234303430B439BB283B023B9FD21C2E90013C2E90233314E314CFFF7E3FBFFF729
:020000040001F9
:200000009BFC542200212F4802F06AFD4FF484720021304602F064FD2B4A2C4B1C21117015
:20002000102240271A704FF4A0624EF66023C6E9002386F80671FFF7ADFF00254FF47A73D3
:20004000CDE90055F36048F2FE033946B06086F8075123602A462B4665602046FFF79AFD86
:200060001B4A1068516804F1080303C3237A83F002032946012223722046FFF76FFE40F2ED
:20008000FF264FF08073C4E90253C4E900652046FFF732FE4FF00073C4E90065C4E90253A3
:2000A0002046FFF729FE0B484FF4F05103B0BDE8F040F4F77BBE00BF1C2700204827002089
:2000C0002C27002050280020D9340020DA34002028310020A42800202DE9F047DFF854805D
:2000E00008F108030FCB84B06E4686E80F0098F8077000F0D9FD0E4B1C689CB1DFF838A017
:20010000DFF8389065683946304645B1BAF80030B9F800202C3B2C329BB24244A8472468C2
:20012000002CEFD101F0BAFD04B0BDE8F08700BFB4280020782A0020AC340020AA340020E0
:2001400038B51C4D1C4A2B7E92F80621EA71FF2B22D005F1080E9EE80F00184C05F1180CF3
:2001600084E80F009CE80F008EE80F0094E80F008CE80F00124C00F097FD23882833EA18F4
:200180008121E9520023538000F04CFD23880D4A1344C043588038BD05F1080494E80F009D
:2001A00005F1180C8CE80F0061462046FFF756FEE0E700BF782A002048270020BC28002070
:2001C000AA340020A02A002008B5094B1B6863B11A7A8242FAD15A7A914201D0FF2AF5D105
:2001E0005B6813B19847002008BD012008BD00BFB828002001460148F5F7F8BCB8280020DF
:200200002DE9F84F464B1B783A2B05460E4617467DD0444C628923891343A2891343E28946
:200220001343228A1343628A1343A28A1343E28A13439BB2002B3ED0237AFF2B3BD03A4B03
:20024000DFF800A11B6BDFF8F490DFF8E4B0984704F11808BAF800C00023A9F8003098E800
:200260000F000CF1300C1FFA8CFCBCF5A06F28BF4FF4A06C8BE80F00ACF13002214604F1F2
:200280003000AAF800C002F011FC284A9BF800C092F80621E271602204F1080322603A22A4
:2002A000A2710FCBBCF1FF0F88E80F0007D1042D01D1022E03D0BDE8F84F01F0EFBC1C494C
:2002C0001C48FFF7CBFDB9F8008008F128033846E5541C44184F667001F0A4FCBAF8001000
:2002E00047F808002839A7F12C0089B201F01AFDB9F80030043F3B4400225A8000F092FC32
:20030000B9F800301F44C0437880BDE8F88F0B4A0B4B1288D356002BFFF67BAFCBE700BF49
:20032000DD340020782A00209432010048270020BC280020802A0020A42A0020AA340020BA
:20034000A02A0020AC3400202DE9F8439EB21D4B1D4C93F80631E371602388462360311D09
:200360003A23054689B2A3712046174601F0DAFC2DB3AA6828686968EB68DFF8549004F1A6
:2003800018050FC504F10800A5F11001FFF766FDB9F8003028332C3603F804801C440023CF
:2003A0006380677000F03EFCB9F80030074A1D44C04368801680BDE8F843FEF767BFBDE8A5
:2003C000F88300BF48270020782A0020AC340020AA34002008B505480549F5F707FCBDE8A8
:2003E000084004490148F5F701BC00BFB82800202C020020200200202DE9F04F9D4E9E4FFA
:2004000031883A8801F1400C944585B000F299809A4CE379FF2B40F0948001F12C002044D8
:200420000379FF2B00F08D8004F128030B445B78002B40F08680DFF85CA2914DCAF80030D1
:2004400001F1420E142372452B805EDDDFF8489204F1080B04F12C0811E02B8831883A8885
:20046000C8184044407803EBC0039BB201F12C0000EB030C0CF1020E96452B8044DA0B444A
:200480002C33E118497800295BD0E35C012BE4D10CF10903934254DA618923890B43A189B5
:2004A0000B43E1890B43218A0B43618A0B43A18A0B43E18A0B4304EB0C029BB2CAF80020A6
:2004C000002B3ED0D2F80200D2F8061002AB03C35846FFF7FBF90246C9F80000002835D006
:2004E000FFF7E2F9014660B3DAF800000822023002F0BEFA002832D1D9F800305A7C002ACD
:20050000ABD102225A74A8E720440430FFF7A6FB5C4D2860A8B1628923891343A2891343B7
:20052000E2891343228A1343628A1343A28A1343E28A13439BB223B1534F3846FFF78EFBB2
:20054000C0B105B0BDE8F04F01F0A8BB05230190009302A902235846FFF742F97DE702A943
:200560004846FFF75DF90028EBDBD9F8003002225A7472E7228B40F2FF239A420CD1A28B80
:20058000638B1343E28B1343228C13439BB21BB9638CB3F5807F59D0DFF800814046FFF79C
:2005A0005DFB2B688342CCD197E80F0088E80F00B6F800C0C4440CF1180C9CE80F0087E848
:2005C0000F0001F06BFB60232C482360282101F0A9FB328829684FF63A7302F12805E3809D
:2005E00002F1400002F12C0388226253E022E25467192344254DD1F80090D1F80480D1F847
:2006000008E0C96819612218C3F80490C3F80880C3F80CE002210023D5F800E06D68215497
:200620005170C2F802E0C2F80650C2F80A30D3817B8000F0F7FA338815490B44C24350204C
:200640005A8005B0BDE8F04F01F060BB94F82430FF2BA1D197E80F0007F1100E8EE80F0076
:20066000B6F800C0BC440CF1280C9CE80F0087E80F00A6E7AA340020AC340020782A00207D
:20068000A6340020CC280020802A002028310020A02A0020D4280020D0280020902A002011
:2006A0000148FFF7A7BD00BF38020020014B1868704700BF6C2A0020F0B5104B1C6885B0CD
:2006C0004CB10F4F06460D4615B1A3689E4206D02468002CF8D10024204605B0F0BD2146C5
:2006E000BB696846984710222946684602F0C0F90028EDD1204605B0F0BD00BFD8280020C2
:200700009432010030B5114B87B005465B69019102A8984701992846FFF7CEFF02A90446B0
:200720002846FFF7C9FF5CB184420CD01023646934B1A04207D0013BF9D1184607B030BD38
:20074000204607B030BD012007B030BD9432010070B584B006461546FFF7AEFF30B14169D5
:20076000044619B115B18B689E4201D004B070BD084B68469B69984710222946684602F0F5
:2007800077F90028F2D163683C2B84BF3C23636004B070BD943201002DE9F843914606464B
:2007A00098460F46FFF788FF494604463046FFF783FF0546B9F1000F00D068B3E4B1C4E991
:2007C0000186BB68FA682261E36039463046FFF799FF18B965612046BDE8F883D4F8148047
:2007E000656139463046FFF78DFF0028F3D1C4F814802046BDE8F8830D48F5F731FB044643
:20080000A0B10023436121460A48F5F7EFF90A4A136801331360D2E7024649464FF0FF33BC
:200820003046FFF7B9FF05460028C7D10024D2E744020020D82800206C2A002010B5044B5C
:20084000044800241C60F5F7F9FA034B1C6010BD6C2A002044020020D8280020014B18682E
:20086000704700BFD828002000B10068704700BF2DE9F843DFF86480D8F8005085B1164F8C
:20088000DFF85C9006462C462D68636853B15A1C04D0B3428CBF9B1B00236360002DF2D15D
:2008A000BDE8F883D8F8003013B905E01B681BB15A69A242FAD1F1E721464046F5F7E2F91A
:2008C00021463846F5F7E8FAD9F80030013BC9F80030002DD7D1E3E744020020D828002012
:2008E0006C2A0020F0B50B4E346883B084B10A4D0A4F0194214630462468F5F7C3F9019950
:200900003846F5F7C9FA2B68013B2B60002CF0D103B0F0BDD82800206C2A002044020020C7
:20092000013A30B501EB020E71451DD2CB430EEB030525F0010C0B1D8C1C9C4414F8022CDB
:2009400014F8013C03EB02239BB2184480B2834288BF013004F1020488BF80B26445EDD148
:2009600025F00103023319448E4500D030BD9EF8003000EB032080B2B0EB032F3CBF01303D
:2009800080B230BD10B41B4B1B4C1B88234493F8343003F0F002502A12D91B09053B9B0065
:2009A000002104EB010C9CF83C20012A1FD0022A09D02AB19CF83D2012B111449942F0D389
:2009C0005DF8044B70479CF83D30042BF8D19CF83E309CF83F205DF8044B42EA032340F2A6
:2009E000C4418B4228BF0B46C383038470470131E4E700BFAA340020782A00202DE9F041A6
:200A00004678C378F60008369D1C04339E4200F102021EDB0221DFF8888007460C461378BF
:200A2000012B0AD0632B1FD0DBB103F0C003802B2FD0C02B21D0402B1CD02C44A4B2631CCF
:200A4000B342214627DA3A19557802352B19B342E5DD124B04200221D21AFFF7D1FB022073
:200A600009E00134A4B2EAE7D8F83830384698470028E2D10120BDE8F081084B197EFF2978
:200A8000F8D0D21A02210420FFF7BAFB0220BDE8F081024BF5E70020EDE700BF782A0020DA
:200AA0009432010008B5074AD379012B03D9013BD371012008BD002211460320FFF7A0FB7A
:200AC000002008BD782A002010B5044682B0194801F02CF9184B194A1988431A9BB2ADF801
:200AE0000630BDF8063014FA83F002F1200E80B212F802CC12F8013C03EB0C239BB218441C
:200B000080B2834288BF013002F1020288BF80B27245EDD1BDF80620094B92B21944FFF7BB
:200B2000FFFE18B140BA80B202B010BD4FF6FF7002B010BD782A0020AA340020822A002085
:200B4000A02A002030B41C4B1C4D1A68937DD17D547D92F814C06C7003EB1023DBB2014419
:200B6000C9B2B3EB102FE970AB7085F800C003D20134E4B26C70BCB1C0B281420DDA013333
:200B8000DBB2AB704BB90134E4B26C702CB90CF1010C5FFA8CFC85F800C082F814C05475DE
:200BA0009375D17530BC70470CF1010C5FFA8CFC85F800C0E0E700BF7C2F0020742A00200D
:200BC00010B590F803C0164A8C445FFA8CFC82F803C0837803EB1123DBB2937090F801E0A1
:200BE00082F801E004781470B3EB112F05D20EF1010E5FFA8EF0507078B1C9B28C450BDAE6
:200C00000133DBB293703BB953780133DBB2537013B913780133137010BD01341470ECE766
:200C2000742A00203A20FFF74FBF00BF08B501F03FF9FFF7C7F9FFF7CDFBFFF731FD282211
:200C40000021154801F04CFF1449154A154800234FF4806C81F8253081F8553081F8853075
:200C600081F8B53081F8E53081F8153181F8453181F87531A0F800C013821386A2F850301B
:200C8000A2F87030A2F89030A2F8B030A2F8D030A2F8F03008BD00BF00310020802F00204E
:200CA00038310020A834002070B5164B1C8804B3154D2A8804F1270393421DDA134E144B0F
:200CC00004F12801283A1B78B371121B314406F1280001F0EBFE604200B200F0F9FF0446BC
:200CE00040B129882839304689B201F01BF8204670BD0124204670BD002400F0CFFF2046A9
:200D000070BD00BFAA340020AC340020782A0020DD34002010B4084C0023224602E001333D
:200D2000142B06D032F8021B8142F8D1002224F813205DF8044B70470031002010B4084C96
:200D40000023224602E00133142B05D032F8021B0029F8D124F813005DF8044B704700BF5C
:200D6000003100202DE9F04F042889B000F0A480BD4CDFF81893BD4FDFF81483D9F800502E
:200D800004F13C0303283B60C8F8003024D0022800F0DA80052800F08181DFF8E4B2BBF8C2
:200DA0000030272B0CD9237803F0F003602B07D1204600F0BBFFBBF80030834280F08981B6
:200DC000AB4EDFF8D0A200F069FF00238AF80030337009B0BDE8F08F95F8252002F00F024F
:200DE000032A00F00F81022AEAD1A24B00931B889F4EDFF88CB2283323440021597304F196
:200E0000180101915A7340F202429A824CF20442DA824022ABF8002060221A732A7D1A7281
:200E20006A7D5A72AA7D9A72EA7DDA722A7E1A716A7E5A71AA7E9A71EA7EDA712A8A1A80FF
:200E40006A8A5A806023238095E80F00019F87E80F008949A1F11000FFF700F895F82530B0
:200E600013F0100F009B1B88234414BF00224CF20442DA86BBF80010804B7B4893F80631BF
:200E8000E3710625283989B2A57100F04BFF009F3B882833234400221A825A822846FFF7C5
:200EA00013FE3B882344C0431887002363800023337009B0BDE8F08F6D4EDFF8DC91B9F8FC
:200EC000001000293FF47DAF674C6D4B694F01F13002083189B220461A8000F023FF694AFA
:200EE000B9F8003011680A7DE271602222803A882832A01808335BBA4FF01108002584F87D
:200F00000680C58083800B8AA3524B8A43800FC904F1180585E80F00294604F10800FEF71A
:200F20009DFF524B04F13C0240461A60FFF7CCFD3B88C043283380B22344002840F0C7802D
:200F40004FF6FF72DA80B0E700F0A8FEDFF848914D4A0023A9F80030D3780133DBB2D370CA
:200F600063B993780133DBB293703BB953780133DBB2537013B913780133137095F8252063
:200F800002F0FD03052B00F0C581002A3FF418AFAB8B002B00F0CE8195F82630591E85F85E
:200FA0002610002B7FF40CAF95F82730082B00F0F581511E012940F2EE811946042B03F169
:200FC000010328BF042185F8273003238B4002F00F0285F82630531E072B3FF6F1AE01A14D
:200FE00051F823F0591201003F1201000B120100E9110100C10D0100E9110100C10D010025
:20100000E9110100AB8B1A4E002B7FF4DAAE08233370FEF7D9FADFF88090337813F02002C4
:2010200040F0A881D80600F1C581B9F80020002A40F0D581D8F8003085F827203B603378B7
:201040009A077FF5BEAEDFF838B03C23ABF80030084B009310221B88283323445A73064A84
:20106000019250221A73D9E6782A0020782F0020DC340020AA340020902A002048270020FF
:20108000AC34002034310020702A00207C2F002030310020DB340020AE340020AB4B1B681B
:2010A0001B8A002B3FF48CAE0023C9F80030A849DFF8B892A74EA9F80030303408223C60DD
:2010C000C8F800400B803270FEF77EFAF7E6D880EBE6204600F02AFE283081B2B1F5A06FB2
:2010E000ABF800103FF66CAE9B4A00232046137000F056FE00283FF463AE04F12803C01A53
:20110000237A964A0092FF2B10803FF459AEBBF80010934801230DF11F0200F00DFE20B11F
:201120009DF81F30002B00F06C818E4B01931846FEF794FD002800F06D81DFF834A2BBF80C
:201140000010874800238AF800300DF11F02012300F0F2FD064600283ED09DF81F50062D00
:2011600000F03E82112D00F0E9813A2D00F0A081002D00F08E812B3DEBB2112B2DD8112DFF
:201180002BD8DFE805F082802A2A2A2A2A2A2A2A2A2A2A2A2A2A80099AF800309A0740F125
:2011A00082815D0619D443F040038AF800303046FFF724FC012866D0022813D0BBF80010F9
:2011C000331BC91A304689B200230DF11F0200F0B3FD06460028C0D10026321B012104208D
:2011E000FFF70EF85B4E62E65C4B0093594E5D4BDFF85CB10193009B1B88283323441122CE
:201200005A733C22ABF800202BE7524E04233370FEF7DAF9B9F80030D8F800203A60002B06
:201220003FF40DAFAB8B002B3FF409AFDFF820B13C33ABF80030494B009318220BE7474BA4
:2012400000931B88434EDFF808B1283323440021597344490191D5E5404B00933D4E414B7A
:20126000DFF8ECB00193009B1B882833234410225A731222C6E52846FFF726FC4FF6FF734C
:20128000984200F06481334E9DE59AF800305807A3D443F004038AF80030F378002B8DD025
:2012A000314BDB6B9847002897D0BBF80030B3F5A06F00F21781FFF7F5FB002892D02948F9
:2012C000FEF7CCFC002888D12648FEF7A3FD002883D1237EFF2B80D0238B628B13439BB2F8
:2012E000002B7FF47FAFE18BA38B228C0B43618C1343A28C0B431343E28C9BB252EA03017C
:201300003FF46BAF002B7FF46DAFB2F5807F7FF469AF62E795F826300133DBB2782B85F888
:2013200026307FF44DAD00230A4EDFF844A085F8253048E502F00F02032A064E7FF441ADD0
:2013400008233370FEF740F967E600BF34310020AC340020DC340020DD340020AA340020A1
:20136000782A0020902A002094320100AE340020DB340020002385F82530A9F80030A74B21
:2013800000931B88DFF8B4B22833234414225A73A34A019235E7052B7FF40FAE9F4FA14E3C
:2013A0000097002385F8253080233370FEF70CF93B88E7E785F82720A9F800200123974A46
:2013C000AB83042385F82530138800922833234411225A73924ADFF864B2019211E7D907C3
:2013E00007D4AB8B2BB1A9F80030002285F8272012E7EB8B9A4294BF1346A9F80030AB8353
:20140000F3E7FFF7FBFA01283FF4DAAC02287FF48CAEE7E60198FEF7FDFC00287FF48DAE24
:20142000237EFF2B3FF4CCAC238B228948F2FE018B427FD08A425DD061890A43A1890A43E1
:20144000E1890A43218A0A43618A0A43A18A0A43E18A0A4392B2002A3FF4B2AC628BA18B5D
:2014600013430B43E18B228C0B43618C1343A28C0B4313439BB223B9E38CB3F5807F3FF4D9
:201480009FACBBF80030B3F5A06F2BD8FFF70AFBA8E69AF80030D9073FF59FAE43F0010381
:2014A0008AF800308AE643F002038AF800307EE62846FFF709FB4FF6FF7398427FF4E3AEBF
:2014C000009B1B882833E218E05C5178FEF77CFE012800F01481BBF80030524E002B7FF436
:2014E000E6AC70E44FF4A06200210220FEF788FE4C4EDCE4618BA28BE08B0B431343228CD3
:20150000618C03431343A28C0B4313439BB223B9E38CB3F5807F3FF453AC4148FEF77CFB0A
:20152000024600287FF44CAC02210120FEF768FE3C4EBCE49A427FF443ACEEE7FFF7B4FB4F
:20154000009B1B882344DB8D002B7FF494AE009B1D88283525446B88002B3FF494AE324E85
:20156000324CCDF800B0DFF8D8A034609B4605E02F4B20349C42346000F0B980228A002A90
:20158000F6D09345F4D1608A2146102218B1B5F800C08445ECD1206828B9606818B9A0689F
:2015A00008B9E06820B1504601F062FA0028DFD1DDF800B01B4EBBF800301E4A3A60303B58
:2015C000ABF800300023C9F80030DFF87890C8F8002002213170A9F80030FDF7F5FF6EE496
:2015E000FFF762FB2846FFF76FFA4FF6FF7398427FF449AE009B1A882832A3185E88002E6A
:201600003FF441AEA25A0492002A3FF43CAE0A4D08222946039225461C461BE0AA34002084
:20162000902A0020DC340020343100203831002038320020A82A0020802F0020AC34002047
:20164000802A0020AE340020039B013B01F13001039357D091F825300293002BF4D00B8A0D
:20166000B342F1D14B8A049A9342EDD1AA480591102201F0FDF905990028E5D12346A74E32
:201680005A7BC9F800102C460D465107307000F18982197B09098800BBF8001000F1270CD6
:2016A0008C45BFF690AB2839091A029800F00F0089B20228ABF8001000F06D82012851D00B
:2016C000002955D1910753D1D20602D5A98B00296BD1013807283FF676ABDFE810F012011F
:2016E000AA0040012901CD01C10155009100002204210120FEF784FD884EFFF7D8BB00F032
:20170000CDFAE8E623462C465A7B02F03F02022A40F05082039A824902E0142A00F04A82DF
:2017200031F8020B864202F10102F6D100217D4A0D4605E00131082902F1300200F03C8298
:2017400092F82500002800F05A820728F2D1002D00F05A8292F8267095F82600874288BF18
:201760001546E7E702F03F0CBCF1020FA8D1ABE7B3F804C0A98A8C4511D0910704D501284C
:201780003FF471AD022806D0009B1B882833234410225A7335E542F00202FFF733BBB3F81A
:2017A00006C0E98A8C45E8D18EE705F11800FFF707FA009B5C4A1B88117828332344187A2B
:2017C000884200F0808195F82530029303F00F03013B072B3FF6F7AA01A252F823F000BFCF
:2017E0009F1A01001B1801005F19010031190100791A0100611A010089170100011801006C
:201800003378DB077FF5DFAA0022102385F825203370FDF7D9FEFFF7D6BA3378D80708D5CC
:20182000009B1B88234493F8353003F03F03122B46D020233370FDF7C7FED9F800300022C9
:2018400083F82520009B1888283023185A7B55073FF5B9AADF795A895D7A93F808C09979BB
:20186000DA8001375A795D711D7983F804C04FF03C0CFFB2ABF800C041F2504CDF7299729A
:201880005A721D72A3F80CC04FB90131C9B2997229B90132D2B25A720AB901351D725988F8
:2018A000225A1D4D21525A8095E80F00019F87E80F0005F110012846FEF7D0FAFFF7DABA8D
:2018C0002846FFF75FF8009BDFF860901B8828332344032285F825209A88DB88AA82EB8281
:2018E00001204FF0000AFFF72DF94223A5F81CA0337000F0D3F9A9F800A0FDF765FEFFF7B7
:201900008CBB009B1B88234493F8353003F03F03022B7FF458AAA6E4802A0020DC34002090
:2019200000310020802F0020742A0020AE340020BBF80000002840F08C80009B1B8823440B
:2019400093F8353013F0010371D13278D00768D4BBF80030002B7FF417AFFFF734BA009BCB
:201960001B88283323445A7BD10721D50299C8061ED4AB8B002B7FF426AABBF8000001307C
:2019800080B2FFF7DFF83378BBF8002043F01001317012B143F012033370FDF715FE01230C
:2019A000AB83082385F82530002385F8273022E491060DD55B8ABBF800205BBA9BB2934297
:2019C00028BF1346D21AABF800203A6813443B60BBF8000040B1029BDA0605D4337843F0AC
:2019E00002033370FFF7AEF8009B2A8C1B8828332344997BDB7B03EB01239BB29A4202D373
:201A0000002B18BF1A463378EA839B073FF4DBA9DFF80C920023A9F80030FDF7D5FDFFF7CE
:201A2000FCBA052285F82520AB83FFF7CCB93378DF0711D5002385F82630AB83072385F81C
:201A400025300120FFF77EF810233370FDF7BCFD9AE6FFF777F870E7062385F82530F0E713
:201A60003378DA077FF5AFA90722002385F8252085F82630FFF7A7B9BBF8000000287FD1AC
:201A8000009B1B88234493F83530DB077FF59BA9072385F82530002385F82630D1E73378C2
:201AA000DB077FF52EAF032385F82530BBF80000402333700023AB830028A9D04223337048
:201AC000FFF740F8A4E7587A517888427FF47BAE987A917888427FF476AED87AD1781368BA
:201AE00088427FF470AEAB6195F827301BBB95F824E095F826C095F82200AEEB0C03A3EBDC
:201B0000D00350FA83F15AB2C9B2002A85F822104FEAD00303DAA3EB0E0363445AB295F80C
:201B20002330A3EB93031344DBB203EBD10185F8233085F8241095F8253002931A4695F8A5
:201B4000243085F8263002F00F0301223270013B0022AA83072B3FF636A901A252F823F0C4
:201B6000A71A01001B1801005F19010031190100791A0100611A01008917010001180100E0
:201B8000FEF7E0FF009B1B88234493F83530D9077FF5DEAE7CE702F03F0CBCF1120F7FF41B
:201BA0008FAD91E5202385F825003370FDF70CFDFFF709B9154E45E6002D3FF464AB1449DC
:201BC000049A0968A9619988DB886A82EB82114A114B6B624FF48063A9826B840FCA01274A
:201BE00085E80F002E823846AF83C9F80050FEF7A9FF2846054EFEF7C5FEFFF734BB074AAC
:201C0000302505FB0125DAE7154693E5DC340020702A0020802A002003010300802F00202B
:201C2000AE34002000BA704710B4184B1C680A46DCB1174B17491B880B44E31AC3F5986345
:201C400004339A42A8BF1A46002A0BDD124B84421A8007D07CB1014692B220465DF8044B42
:201C600000F016BF5DF8044B704740F2C4418A42A8BF0A46E8E70649064B0C8892B20146FC
:201C8000E0185DF8044B00F003BF00BF30310020AA340020B42A0020AE34002030B4074B82
:201CA000074C084D0FCB84E80F000749074A00230B8013702B8030BC704700BF48320020AE
:201CC00038320020AC340020AA340020DD3400200C490B881A18B2F5A06F11D810B40A4C78
:201CE0002288C24208D480B2024418440880228001205DF8044B704700205DF8044B704765
:201D000000207047AC340020AA340020B0F5A06F98BF034A03469ABF138001200020704769
:201D2000AC34002049BA8180704700BF0379407900EB032080B27047CBB1837913702823B7
:201D4000994212DB1278062A184416D0112A1AD03A2A1ED09A1C8A4207D84278D200083221
:201D600013449942B8BF0020704700207047037813704378DB000833E2E71422134499420C
:201D8000B8BF00207047082213449942B8BF00207047042213449942B8BF0020704700BFE6
:201DA00070B5012306460D461446FFF7C5FF08B32378062B1FD0112B1DD03A2B1BD00178BF
:201DC00021704278831BEB1AD2009BB202F1080C9C450FDC062960440ED011290ED03A29F7
:201DE0000ED00A329A4205D84278D200083294446345DCDA002070BD1422F8E70822F6E7AB
:201E00000422F4E770B582B0012314460DF107020646FFF791FF9DF807300D4638B39C422B
:201E200028D0062B23D0112B21D03A2B1FD0417803788DF80730A0EB060CA5EB0C0CC90007
:201E40001FFA8CFC01F1080262450FDC062B104412D0112B12D03A2B12D00A31614505D8C9
:201E60004178C90008310A449445D7DA00209C4218BF002002B070BD1421F4E70821F2E7E9
:201E80000421F0E707289ABF024B33F810000020704700BF38320020072803469DBF034AF5
:201EA000012022F813100020704700BF38320020044B00224FF6FF71C3E90022C3E90222E0
:201EC00019807047483200202DE9F04F138887B081460F4613B95388002B50D00024DFF8E8
:201EE000D8A0DFF8D8B0551C0226A04609E0B8F1000F20DB37D008F10108102E17D002368A
:201F0000023515F8012C2B7803EB02239BB2002BEDD0B8F1000F0EDD4FF0FF38391B09EB04
:201F200004005246FCF740FB0444A742E5D8204607B0BDE8F08F022E09D1391B09EB040052
:201F40005246FCF731FB0444A742D8D8EFE7391B09EB04005A460593FCF726FB0444A7424A
:201F6000059BDBD8E3E7391B09EB0400104AFCF71BFB0444A742DAD94FF00108BDE79388AA
:201F8000002BABD1D388002BA8D11389002BA5D154894FF6FF739C42A0D1D47B937BCDE968
:201FA0000134547B137B034A0094FCF7FDFABFE72834010014340100303401002C340100B2
:201FC00029B110B42AB15DF8044BFFF77DBF08467047024A5DF8044BFCF7E6BA34340100C1
:201FE00041B94FF0A04303214FF40022C3F84C17C3F80C25704700BF10B40B4B0B480C49FA
:2020000018604FF08052091A146952695C610020C3E9011004FB02F2D8601A6105485DF8FA
:20202000044BEFF7DBBA00BF68320020001000007C350100443401002DE9F047032908D8C9
:20204000DFE801F009342A021B491C4A00230B701370BDE8F0871A4F1A4EDFF86CA08846D6
:20206000814606E0402231465046F0F7B1FF0028EFD14846F0F7A8FF3B680546002BF1D0CF
:202080000028EFD0444600E03B68305D0134E4B29847A542F8D8E5E740220A490A48F0F7A4
:2020A00097FF064B01221A70BDE8F087024B00221A70BDE8F08700BFE0340020DF34002035
:2020C000803200200C33002068340100083808B5062808D8DFE800F0041511070707080029
:2020E000F6F7CCFBB0B108BD0C490D4A00230B701370BDE80840EFF74DBABDE80840EFF78C
:202100004BBA0649064A00230B701370BDE80840EFF756BABDE80840EFF73ABAE03400201C
:20212000DF34002008B5F1F723FE0948EFF78CF900B108BD0748EFF751FA0028F9D1EFF71C
:202140000FFA0028F5D1044A044B1070187008BD8C34010068340100DF340020DE3400205B
:20216000124B1B780BB32DE9F041114D2B78D3B9104E3378BBB10123DFF840800E4F2B70B5
:20218000327841463846F0F7F9FE044600F082F8002CF5D12B7823B100F07CF82B78002B63
:2021A000FAD100233370BDE8F0817047DF340020E0340020DE340020683401004C330020EC
:2021C000114B1B78ABB1114B1A783F2A0DD810B419781A780E4C0132D2B21A701B786054AF
:2021E000402B0DD05DF8044B70471B78402B05D0704703F0FF02054B1A707047FFF7B0BFC8
:202200005DF8044BFFF7ACBFDF340020DE3400204C330020014B1860704700BF80320020A9
:202220004FF0A0434FF49A510022C3F80815C3F80C25704700B50F4A07CA85B001AB83E886
:2022400007000D491846F7F723F948B90B48F7F759F960B90A4B01221A7005B05DF804FB01
:20226000EFF72CF80548F7F74DF90028F2D0EFF725F8EFE79834010021220100E1340020CA
:20228000E2340020024B1B7803B97047F7F72CB9E2340020034B1B7803B97047024B18787B
:2022A000F7F756B9E2340020E134002010B5038804463BB1A62B0BD1094B1B788B420BD0F4
:2022C000012010BDF3F7F6FAA6232380012010BD00230380032010BD1046F3F783FAF3E7AF
:2022E000D83400202DE9F0470026DFF8A0A0244DDFF89C9082B00746344600F1010806E0DB
:20230000002E20DB2FD001360234102C18D03A5D18F8043003EB02239BB2002BF0D0002EB0
:2023200011DD28684FF0FF36C0F5807152464844FCF73AF92B6802341844102C2860E6D11B
:2023400002B0BDE8F0870CB92868EDE728680D4A0193C0F580714844FCF726F92A68019B99
:2023600010442860E0E72868074AC0F580714844FCF71AF92B68184428600126C4E700BF99
:202380008C3300202C3401002834010030340100903300202DE9F041B0F8483088B004466F
:2023A000002B67D05A3B9AB23F2A5CD83F2B5AD8DFE813F06300590059005E0159005900B1
:2023C00059005900590059003701590059003A0159005900590059005900590059005900AC
:2023E00059005900590059005900590059005900590059005900590059005900590059004D
:20240000C400590059005900590059005900590059005900590059005900590059005900C1
:2024200059001F015900590059004000590059005900340100F12C059E4800F059FB9D4966
:2024400002462846F7F704FC012873D99A4B00221A609923A4F84830984911222846F7F7A2
:20246000F7FB012866D900230320A4F8483008B0BDE8F0815A23A0F8483004F12C0590494E
:202480003F222846F7F7E4FB012853D98A4E894831688C4A0844C1F58071FCF785F8336835
:2024A00018445D233060A4F84830824800F020FB804902462846F7F7CBFB01283AD97E4E8C
:2024C000814F00233360FDF7F5F93860002800F0D2803068DFF8DC817C4AC0F580714044D6
:2024E000FCF762F833680246134438683360FFF7F9FE3168764A08EB0100C1F58071FCF74E
:2025000053F83368184464233060A4F84830694800F0EEFA674902462846F7F799FB0128B4
:2025200008D9694F644E386800233360FDF7C8F93860CBE7002008B0BDE8F08100F12C05EB
:202540005C4800F0D5FA5B4902462846F7F780FB0128EFD9584E5F4F00233360FEF77EF9EE
:202560003860002800F096804369002B52D05A4B0146D3F818806846C0473B6804A8596987
:20258000C047DFF830813068504AC0F580714044FCF70AF833680246134468463360FFF7EA
:2025A000A1FE30684D4AC0F580714044FBF7FCFF33680246134404A83360FFF793FE30689E
:2025C0003B68474A5B68C0F580714044FBF7ECFF31683F4A014408EB01003160C1F580716A
:2025E000FBF7E2FF3368184491233060A4F8483001E000F12C052F4800F07AFA2D4902461D
:202600002846F7F725FB012894D9324F2A4E386800233360FEF728F93860A2E700F12C0500
:202620001AE700F12C0572E7224F00F12C05214800F05EFA1F4902462846F7F709FB0128A1
:202640007FF678AF1C4E00233360FEF72FF800287FF7FFAE3168234A7818C1F58071FBF728
:20266000A3FF3368184480233060A4F8483067E700F12C0519E730680E4F1B4AC0F580710A
:202680003844FBF791FF3368184467233060A4F84830CCE731680748144A0844C1F580712B
:2026A000FBF782FF3368184495233060A4F84830C2E600BF903300208C3300204C350100A9
:2026C000A4340100E434010094340020F834010004350100903400209432010030350100A8
:2026E0003C350100183501000C35010044350100004870479523010008B5074B044613B189
:202700000021AFF30080054B1868836A03B19847204600F029F800BF000000006C3501004E
:2027200070B50D4D0D4C641BA4100026A64209D10B4D0C4C00F00CFA641BA4100026A642BF
:2027400005D170BD55F8043B98470136EEE755F8043B98470136F2E7D4020020D402002098
:20276000D4020020D8020020FEE700BF53B94AB9002908BF00281CBF4FF0FF314FF0FF30E6
:2027800000F074B9ADF1080C6DE904CE00F006F8DDF804E0DDE9022304B070472DE9F047F8
:2027A000089D04468E46002B4DD18A42944669D9B2FA82F252B101FA02F3C2F1200120FA24
:2027C00001F10CFA02FC41EA030E94404FEA1C48210CBEFBF8F61FFA8CF708FB16E341EABF
:2027E000034306FB07F199420AD91CEB030306F1FF3080F01F81994240F21C81023E634408
:202800005B1AA4B2B3FBF8F008FB103344EA034400FB07F7A7420AD91CEB040400F1FF33A5
:2028200080F00A81A74240F207816444023840EA0640E41B00261DB1D4400023C5E900438D
:202840003146BDE8F0878B4209D9002D00F0EF800026C5E9000130463146BDE8F087B3FA1F
:2028600083F6002E4AD18B4202D3824200F2F980841A61EB030301209E46002DE0D0C5E945
:20288000004EDDE702B9FFDEB2FA82F2002A40F09280A1EB0C014FEA1C471FFA8CFE012603
:2028A000200CB1FBF7F307FB131140EA01410EFB03F0884208D91CEB010103F1FF3802D215
:2028C000884200F2CB804346091AA4B2B1FBF7F007FB101144EA01440EFB00FEA64508D9F3
:2028E0001CEB040400F1FF3102D2A64500F2BB800846A4EB0E0440EA03409CE7C6F12007FF
:20290000B34022FA07FC4CEA030C20FA07F401FA06F31C43F9404FEA1C4900FA06F3B1FB82
:20292000F9F8200C1FFA8CFE09FB181140EA014108FB0EF0884202FA06F20BD91CEB010192
:2029400008F1FF3A80F08880884240F28580A8F102086144091AA4B2B1FBF9F009FB101151
:2029600044EA014100FB0EFE8E4508D91CEB010100F1FF346CD28E456AD90238614440EAA2
:202980000840A0FB0294A1EB0E01A142C846A64656D353D05DB1B3EB080261EB0E0101FAEE
:2029A00007F722FA06F3F1401F43C5E9007100263146BDE8F087C2F12003D8400CFA02FCA7
:2029C00021FA03F3914001434FEA1C471FFA8CFEB3FBF7F007FB10360B0C43EA064300FB2D
:2029E0000EF69E4204FA02F408D91CEB030300F1FF382FD29E422DD9023863449B1B89B230
:202A0000B3FBF7F607FB163341EA034106FB0EF38B4208D91CEB010106F1FF3816D28B42C5
:202A200014D9023E6144C91A46EA004638E72E46284605E70646E3E61846F8E64B45A9D222
:202A4000B9EB020864EB0C0E0138A3E74646EAE7204694E74046D1E7D0467BE7023B6144C6
:202A600032E7304609E76444023842E7704700BF10B501390244904201D1002005E00378ED
:202A800011F8014FA34201D0181B10BD0130F2E70A44914200F1FF3300D1704710B511F883
:202AA000014B03F8014F9142F9D110BD884210B501EB020402D98442234607D8431EA14267
:202AC00008D011F8012B03F8012FF8E7024401468A4200D110BD13F8014D02F8014DF7E769
:202AE00002440346934200D1704703F8011BF9E7034613F8012B002AFBD1181A013870475B
:202B000010B57AB103460139841813F8010B11F8012F904201D1A34201D1801A10BD00286C
:202B2000F3D1FAE71046F9E710B50139034632B111F8014F03F8014B013A002CF7D11A4462
:202B40000021934200D110BD03F8011BF9E70000F8B500BFF8BC08BC9E467047F8B500BFFF
:202B6000F8BC08BC9E4670470100000101010100551300000A0000000900000008000000BA
:202B8000850000008000000003000000030000000E0000000D00000081000000392C000029
:202BA000F11F0000000000000000000000000000A0030020D02B01000100020300800000C0
:202BC0000F00000009020000000104803200000045320000000000000000000000000000AD
:202BE00000000000120100020000004015190F520001010203010000693000000000000050
:202C00006D300000AC030020AD3C0000ED370000000000000000000000000000253034684A
:202C2000582530386C58000000000403090400004E6F726469632053656D69636F6E6475B1
:202C400063746F72000000006E524635322055534220434443206F6E20436F6E74696B696D
:202C60002D4E470044656661756C7420636F6E66696775726174696F6E0000005573657296
:202C800020310000282C0100302C0100482C010010040020642C01007C2C01000001020348
:202CA00004050000427574746F6E2031000000000600010800010901010C0001494E464FEA
:202CC000000000005B252D34733A20252D3130735D20000052504C2D426F72646572207298
:202CE0006F75746572207374617274656400000057616974696E6720666F72207072656687
:202D000069780000496E6974696174696E6720676C6F62616C20726570616972000000008E
:202D2000427574746F6E20707265737300000000426F7264657220726F75746572207072A9
:202D40006F6365737300000052504C2042520000436F6E74696B692D4E4720426F72646515
:202D60007220526F75746572207374617274656400000000436F6E74696B692D4E47204234
:202D80006F7264657220526F75746572000000007800002000000000427574746F6E2048FA
:202DA000414C2070726F636573730000FF0006000000000000B000400B0003004D61696EDF
:202DC000000000005374617274696E6720436F6E74696B692D4E472D72656C656173652FB7
:202DE00076352E312D38312D676164306430373338312D6469727479000000002D20526FDC
:202E00007574696E673A2025730A00002D204E65743A2025730A00002D204D41433A202582
:202E2000730A00002D203830322E31352E342050414E49443A203078253034780A0000009F
:202E40002D203830322E31352E342044656661756C74206368616E6E656C3A2025750A00B9
:202E60004E6F64652049443A2025750A000000004C696E6B2D6C6179657220616464726529
:202E800073733A200000000054656E746174697665206C696E6B2D6C6F63616C2049507609
:202EA0003620616464726573733A200043534D4100000000AC2E0100754900007149000005
:202EC000B14900001949000025490000314900004374696D65722070726F6365737300002B
:202EE0004576656E742074696D657200555400004D540000915200002F6E6F74666F756E2A
:202F0000642E68746D6C00003C68746D6C3E3C626F6479206267636F6C6F723D22776869A2
:202F20007465223E3C63656E7465723E3C68313E343034202D2066696C65206E6F742066AE
:202F40006F756E643C2F68313E3C2F63656E7465723E3C2F626F64793E3C2F68746D6C3E9A
:202F600000000000436F6E74656E742D747970653A20746578742F68746D6C0D0A0D0A0056
:202F80004745542000000000485454502F312E3020323030204F4B0D0A5365727665723AFF
:202FA00020436F6E74696B692F322E3420687474703A2F2F7777772E736963732E73652F6B
:202FC000636F6E74696B692F0D0A436F6E6E656374696F6E3A20636C6F73650D0A00000023
:202FE000485454502F312E3020343034204E6F7420666F756E640D0A5365727665723A20A6
:20300000436F6E74696B692F322E3420687474703A2F2F7777772E736963732E73652F63C7
:203020006F6E74696B692F0D0A436F6E6E656374696F6E3A20636C6F73650D0A0000000025
:203040002F696E6465782E68746D6C00000000000000000025730000284E554C4C204C4C93
:20306000206164647229000025303278000000006E5246353238343020494545450000002C
:2030800045525200546F6F206C6F6E673A2025752062797465732C206D61782025750A00B4
:2030A00054583A20746F6F206C6F6E6720282575206279746573290A000000006E52463551
:2030C00032383430204945454520524620647269766572008D680000AD670000056A00000E
:2030E000056B0000C96600001D690000A16500000166000065680000C9630000E5630000FD
:20310000596B0000296600000D6500000000000002030405060708090B00000008010C019D
:203120001001140118011C01200124012C0100000C0D0E0F101112131400000030013401CA
:2031400038013C014001440148014C0150010000B9780000F178000079800000C1800000B8
:203160000981000099810000E1810000298200007182000051810000697B0000F17B000089
:20318000598C0000B982000031840000B184000031850000F97F000035830000B18300000B
:2031A000897B0000F57800003D790000C98E0000617F0000536572766572204950763620B5
:2031C0006164647265737365733A000020200000506F69736F6E20726F757465730000007D
:2031E0005369676E69666963616E742072616E6B2075706461746500476F742070617265FF
:203200006E7400004C6F63616C20726570616972000000004A6F696E00000000486561722E
:2032200064206F6C642076657273696F6E2066726F6D20726F6F7400496E636F6E736973A7
:2032400074656E742044494F2076657273696F6E000000004D756C7469636173742044492E
:2032600053000000526561636861626C65000000496E697420726F6F7400000044414F2018
:203280006D6178207274780052504C204C6974650000000088320100E5C30000A59F000027
:2032A00005A0000075A00000D1A200004DC4000059A30000A1C30000B9C30000D5A300007C
:2032C0002DA4000085AB00003DAC0000F9AA000005A9000095A800001DC40000D5C30000FD
:2032E00085C40000D9C3000053656E736F72730053657269616C20647269766572000000F0
:20330000D9C8000075C80000736963736C6F7770616E0000002B2C3CFE800000083301003F
:2033200071C9000069D6000081CC0000000140FF008882800F2822200F2523213031323346
:203340003435363738396162636465660000000085E000004DE00000534C495020647269A8
:2033600076657200537461636B000000436865636B206661696C65643A2025752076732E7C
:203380002025750A00000000537461636B20636865636B00303132333435363738394142C5
:2033A000434445460000000030580000307800002D0000002B00000020000000286E756CDC
:2033C0006C29000025000000202020202020202020202020202020203030303030303030B3
:2033E00030303030303030305443502F495020737461636B0000000054656D706572617426
:2034000075726500F83301006DF6000055F6000069F600003A3A464646463A25752E2575FF
:203420002E25752E257500003A3A00003A00000025780000284E554C4C204950206164644C
:203440007229000058320020082C0100010200000F0000000000000010010000500200205D
:2034600068320020E11F0100843200209C2B010002000106010204828101000000000101DD
:203480008100000039200100D202002000000000CD2001000000000001000000D007000097
:2034A000060000003C68746D6C3E0A20203C686561643E0A202020203C7469746C653E4318
:2034C0006F6E74696B692D4E473C2F7469746C653E0A20203C2F686561643E0A3C626F64D1
:2034E000793E0A0020204E65696768626F72730A20203C756C3E0A00202020203C6C693EAC
:20350000000000003C2F6C693E0A000020203C2F756C3E0A000000002020526F7574696E8E
:2035200067206C696E6B730A20203C756C3E0A002028706172656E743A2000002920257525
:203540007300000020203C2F756C3E000A3C2F626F64793E0A3C2F68746D6C3E0A0000005B
:203560005765622073657276657200007002002000000000CCDCFE7F0100000000000000BE
:203580000D130000000000000000000000000000000000000000000000000000000000000B
:2035A00000000000000000000000000000000000000000000000000000000000000000000B
:2035C00000000000A42C0100010000000101060000000000100000200000000000000000E1
:2035E000302D01006D3E00000000000000000000742D0100613F0000000000000000000080
:20360000982D0100A53F0000000000000C000800AC0400204C040020380002002805002025
:20362000B80400200C0008008C0500202C05002000000000D02E0100694A000000000000E6
:2036400000000000E02E0100794C00000000000094000200CC060020A40500200000000045
:203660000C00000000000000D0060020030000000C001000AC090020EC0800200000000040
:20368000BC300100916900000000000000001A01021402140434010000000000CD9800005E
:2036A00000000000040008002C1000200C100020AA00080084150020341000200000000097
:2036C000DDAE00009B030000000000001DAF00009B020000000000007DB000009B0100008F
:2036E0000000000051B000009B0000003DB700004DB70000D9B70000F1B7000061B70000E6
:20370000D1B800001DB8000041B7000001000000A001002000000000080000000000000089
:20372000FC16002000000000E8320100B1C600000000000000000000F0320100A5C7000036
:2037400000000000000000005833010061E1000000000000000000008833010061E6000098
:20376000000000000090D00300000000E833010035F400000000000000000000120000008F
:2037800000000000B42500202000020018270020D826002000000000D900010081FF000037
:2037A000000000004101010080FF000000000000F903010087FF0000180010005C2A0020F6
:2037C000DC280020436F6E74696B692D4E472044465500000000000060350100AD220100CD
:2037E0000000000000000000000000000000000000000000000000000000000000000000C9
:203800000000000000000000000000000000000000000000000000000000000000000000A8
:20382000000000000000000000000000000000000000000000000000000000000000000088
:1038400000000000CDAB10002512000001120000A6
:040000050000545D46
:00000001FF
