:020000040000FA
:2010000000000420158B00003D8B00003F8B0000418B0000438B0000458B00000000000010
:20102000000000000000000000000000478B0000498B0000000000004B8B00004D8B00005C
:2010400029C9000029BF0000C95501004F8B00004F8B00004F8B0000C5C500004F8B0000A5
:20106000DD1601004F8B00004F8B000039CA00004F8B000039C900004F8B00004F8B000035
:2010800045EA00004F8B00004F8B00004F8B00004F8B00004F8B00004F8B00004F8B00002B
:2010A0004F8B00004F8B00004F8B00004F8B00004F8B00004F8B0000000000000000000014
:2010C0004F8B00004F8B00004F8B00004F8B00004F8B00004F8B00004F8B000029E200000F
:2010E0004F8B00004F8B00004F8B000000000000000000004F8B0000000000004F8B0000AE
:201100000000000000000000000000000000000000000000000000000000000000000000CF
:201120000000000000000000000000000000000000000000000000000000000000000000AF
:2011400000000000000000000000000000000000000000000000000000000000000000008F
:2011600000000000000000000000000000000000000000000000000000000000000000006F
:2011800000000000000000000000000000000000000000000000000000000000000000004F
:2011A00000000000000000000000000000000000000000000000000000000000000000002F
:2011C00000000000000000000000000000000000000000000000000000000000000000000F
:2011E0000000000000000000000000000000000000000000000000000000000000000000EF
:2012000001F0FF01102A2BDB10F0070F08D010F8013B013A8B422DD010F0070F42B3F6D194
:20122000F0B441EA012141EA014122F007047FF000070023F0E80256083C85EA010586EA41
:20124000010685FA47F5A3FA87F586FA47F6A5FA87F68EB9EED1F0BC01F0FF0102F007023C
:2012600032B110F8013B013A83EA010313B1F8D10020704701387047002D06BF354603389F
:20128000073815F0010F07D1013015F4807F02BF013015F4C03F0130F0BC0138704700BF63
:2012A000D0B5038804463BB15C2B0DD188290FD082290DD00120D0BD80211D4807F0D8F8F0
:2012C0005C2323800120D0BD002303800320D0BD05F034FAE8B905F015FA02460B4652EA4B
:2012E000030116D010A7D7E90067D90141EA5261D0018F4208BF86420FD3002908BFB0F5C6
:201300007A7F0DD34FF47A72002318F003FD0146D3E708480DF00CFFD2E74FF4F051CCE751
:201320000121CAE7AFF30080E733750000000000C40B0020A800002038B52DED068BB0EE3C
:20134000408AF0EE608A0DF07BFF07EE900A9FED2A9AF8EE677AC7EE899A0DF071FF9FED0D
:20136000277A07EE900AF4EEC79AF8EE677AF1EE10FA87EE89AA32D919EE900A18F04AF9AB
:2013800041EC100B00F090F800224FF0404351EC100B18F097F941EC100B16F089FF1AEEDB
:2013A000100A55EC104B18F035F90FA3D3E9002318F088F941EC100B00F022F8204653EC30
:2013C000102B294618F07EF918F054FC07EE900A27EEA80A30EE080ABDEC068B38BD9FED4B
:2013E000040BCFE7AFF30080182D4454FB211940000000E0E2361A3F00FF7F4717B7D138C7
:2014000000B551EC100B264A21F00043934285B01EDD244A934209DD10EE102A0B4617F03D
:2014200099FF41EC100B05B05DF804FB684600F08FFA00F00300012811D0022825D0E8B1E7
:201440009DED021B9DED000B012001F021FAEAE79FED111B00F0B4FC05B05DF804FB9DED67
:20146000021B9DED000B01F013FA53EC102B03F1004300EE903A05B05DF804FB9DED021BA3
:201480009DED000B00F09CFCCDE79DED021B9DED000B00F095FCE8E70000000000000000EF
:2014A000FB21E93FFFFFEF7F38B52DED028B55EC104B00F041F81E4BB0EE408AF0EE608A8A
:2014C00093F9003001331AD022462B462046294618F092FB98B9002200232046294618F07C
:2014E00081FB60B9204629460022002318F052FB60B116F0E5FF9FED0C8B22230360B0EE84
:20150000480AF0EE680ABDEC028B38BD16F0D8FFBDEC028B21230360BDE83840054801F0E9
:20152000FBBA00BFAFF30080000000000000F0FFB0030020A8AB01002DE9F04F51EC100B52
:201540002DED028BB1F5801F83B00B4657DA21F00042024300F0FE800029C0F23E81E44B1B
:20156000002218F0AFF8E34A0B4693426FF035074ADCC3F3130505F5152606F6647606F4B3
:20158000801686F07F5282F4401242EA05011C150022D94B17F0DEFEAB1CA4F2FF34C3F3D4
:2015A00013033C44022B04EB165482468B464FF0000234DC002318F0EDFA002800F0D780A4
:2015C000002C00F06681204618F012F8B2A3D3E9002306460F4618F075F8B1A3D3E9002313
:2015E00004460D463046394618F06CF802460B462046294617F0B0FE41EC100B0AE0BD4A91
:2016000093424FF00007B4DD02460B4617F0A4FE41EC100B03B0BDEC028BBDE8F08F4FF048
:20162000804317F099FE02460B465046594618F073F902460B46204643EC182B17F0D8FFB8
:2016400053EC182B06460F4651EC180BCDE9006718F038F802460B468046894618F032F852
:2016600091A3D3E9002306460F4618F02BF890A3D3E9002317F070FE32463B4618F022F8E9
:201680008DA3D3E9002317F067FE32463B4618F019F88BA3D3E9002317F05EFE42464B4634
:2016A00018F010F888A3D3E90023804689463046394618F007F886A3D3E9002317F04CFE26
:2016C00032463B4617F0FEFF83A3D3E9002317F043FE32463B4617F0F5FF0B4602464946A4
:2016E000404617F039FEA5F5C223C5F5D725A3F27A4351351D43002D06460F465FDD7F4BE5
:2017000000225046594617F0DDFF52465B4617F0D9FF80468946002C6AD142464B463046EC
:20172000394617F019FE53EC182B17F0CBFF02460B464046494617F00DFE02460B465046CA
:20174000594617F007FE41EC100B03B0BDEC028BBDE8F08F002200236949002018F0DCF896
:2017600041EC100B03B0BDEC028BBDE8F08F5CA3D3E900235046594617F0A4FF02460B46BE
:2017800000205E4917F0E6FD524606460F465B465046594617F096FF02460B46304639465F
:2017A00017F090FF06460F46002C5AD102460B465046594617F0CEFD41EC100B2AE7002C76
:2017C00040F0A08002460B465046594617F0C2FD53EC182B17F076FFAFE710EE102A17F052
:2017E000B9FD0022002318F097F841EC100B11E729A3D3E90023DDE9000117F063FF4246B4
:201800004B4604460D463046394617F0A5FD53EC182B17F057FF22A3D3E9002306460F46D8
:20182000DDE9000117F04EFF02460B463046394617F092FD02460B464046494617F08AFD2D
:2018400052465B4617F086FD02460B462046294617F080FD41EC100B03B0BDEC028BBDE8FD
:20186000F08F204617F0C4FE0BA3D3E900238046894617F027FF0AA3D3E9002304460D4642
:201880004046494617F01EFF02460B4630463946D4E79FED150BBDE60000E0FE422EE63F04
:2018A000763C7935EF39EA3D44523EDF12F1C23FDE03CB966446C73F599322942449D23FB0
:2018C000935555555555E53F9FC678D0099AC33FAF788E1DC571CC3F04FA97999999D93FCB
:2018E000555555555555D53F000000000000000000005043FFFFEF7F0000F03F0000E03F89
:20190000000050C3DDE900890DA3D3E900234046494617F0D7FE32463B4604460D465046B9
:20192000594617F017FD53EC182B17F0CBFE06A3D3E9002306460F46A2E700BFAFF3008008
:201940000000E0FE422EE63F763C7935EF39EA3D2DE9F04F53EC102B2DED048B924923F0FF
:2019600000458D4289B0044640F38F808F498D429B462DDCBBF1000F194610EE100A80A3A8
:20198000D3E9002340F3C78117F0E4FC884B9D4206460F4600F091807BA3D3E9002317F0AE
:2019A000D9FC02460B46C4E900233046394617F0D1FC75A3D3E9002317F0CCFCC4E90201AA
:2019C0004FF0010A504609B0BDEC048BBDE8F08F78498D4240F3948077498D4210EE100A94
:2019E00061DC4FEA255AAAF2164AA5EB0A5116460F4618F017F917F0FBFD80468946304638
:201A0000394642464B46CDE9028917F0A3FC6B4B002217F057FE0F46064618F003F9054623
:201A200017F0E6FD02460B4630463946CDE9042317F090FC614B002217F044FE02460B460E
:201A4000CDE906230022002318F0A4F8002800F06081002D0CBF01230223594A019202212B
:201A60005246009102A8214600F0EAFABBF1000F8246A7DA6268E36802F1004203F10043D3
:201A8000C0F1000A6260E3609CE7002000214FF0000AC4E90201504684ED000B09B0BDEC55
:201AA000048BBDE8F08F194617F054FC4FF0000AC4E90201C4E9000184E735A3D3E90023F4
:201AC00017F048FC34A3D3E9002306460F4617F041FC02460B46C4E900233046394617F0BB
:201AE00039FC2DA3D3E9002317F034FC4FF0010AC4E90201504609B0BDEC048BBDE8F08F26
:201B000016F0D4FC57EC106B10EE100A24A3D3E90023394617F0D6FD2A4B002217F01CFC64
:201B200018F080F8824617F063FD15A3D3E900238046894617F0C6FD02460B463046394672
:201B400017F008FC10A3D3E9002306460F464046494617F0B7FDBAF11F0F49EC198B47EC92
:201B6000186B8046894631DC174B0AF1FF3253F82230AB422AD002460B4630463946A4E01C
:201B800000004054FB21F93F3163621A61B4D03D0000601A61B4D03D7370032E8A19A33BFA
:201BA00083C8C96D305FE43FFB21E93F7BD90240FB21F93FFB213941FFFFEF7F0000704111
:201BC0003CB601000000E03FBCB5010042464B4651EC180B17F0BEFB0A46C2F30A53C3EB38
:201BE0001553102B0146064617464FEA255573DD69A3D3E9002351EC190B17F063FD59EC57
:201C0000188B06460F4632463B4618EE100A494617F0A0FB41EC180B404653EC182B49464F
:201C200017F098FB32463B4617F094FB5CA3D3E9002306460F4651EC190B17F043FD3246DC
:201C40003B4617F087FB8046894642464B4651EC180B17F07FFB0A46C2F30A53ED1A312D24
:201C600001460646174637DD50A3D3E9002351EC190B17F027FD56EC185B80468946424630
:201C80004B4618EE100A314617F064FB41EC180B314653EC182B284617F05CFB42464B4688
:201CA00017F058FB43A3D3E9002306460F4651EC190B17F007FD32463B4617F04BFB8046EC
:201CC000894651EC180B42464B4617F043FBC4E9000106460F4601E0C4E9001232463B468F
:201CE00051EC180B17F036FB42464B4617F032FBBBF1000FC4E90201BFF664AE07F1004590
:201D000001F10043C4E90065C4E90203CAF1000A58E60323A1E617F01FFB234B9D42064660
:201D20000F4616D01AA3D3E9002317F015FB02460B46C4E900233046394617F00BFB14A393
:201D4000D3E9002317F008FB4FF0FF3AC4E9020138E611A3D3E9002317F0FEFA10A3D3E953
:201D6000002306460F4617F0F7FA02460B46C4E900233046394617F0EDFA09A3D3E90023D0
:201D800017F0EAFA4FF0FF3AC4E902011AE600BF3163621A61B4D03D0000601A61B4D03DA3
:201DA0007370032E8A19A33BFB21F93F0000002E8A19A33BC14920259A837B39000000006B
:201DC0002DE9F84F57EC106B27F00049B9F1795F2DED048B5BEC11AB71DA10EE100A394678
:201DE00017F020FF002800F0F68032463B463046394617F067FC7CA3D3E9002304460D463C
:201E000017F060FC7AA3D3E9002317F0A5FA22462B4617F057FC78A3D3E9002317F09AFAF5
:201E200022462B4617F04EFC75A3D3E9002317F093FA22462B4617F045FC73A3D3E90023D7
:201E400017F088FA22462B4617F03CFC70A3D3E9002317F081FA22462B4617F033FC41EC31
:201E6000180B714B00222046294617F02BFC53EC182B804689462046294617F023FC5246B4
:201E80005B4604460D463046394617F01BFC02460B462046294617F05DFA02460B46404606
:201EA000494617F057FA02460B4600205F4917F051FABDEC048B41EC100BBDE8F88F10EEDE
:201EC000102A10EE100A3B46394617F0FBFB46A3D3E9002304460D4617F0F4FB44A3D3E9B5
:201EE000002317F039FA22462B4617F0EBFB42A3D3E9002317F02EFA22462B4617F0E2FB0F
:201F00003FA3D3E9002317F027FA22462B4617F0D9FB3DA3D3E9002317F01CFA22462B466F
:201F200017F0D0FB3AA3D3E9002317F015FA2B46224617F0C7FB3E4B994541EC180B90DD37
:201F40003C4B99453CDC0022A9F50013374900209046994617F0FEF941EC190B324B0022EE
:201F60002046294617F0AEFB42464B4617F0F2F953EC182B804689462046294617F0A2FB41
:201F800052465B4604460D463046394617F09AFB02460B462046294617F0DCF902460B46F7
:201FA0004046494617F0D6F902460B4651EC190B17F0D0F9BDEC048B41EC100BBDE8F88FC0
:201FC0009FED157BDFF87090B0EE479AF0EE679A4FF00008C2E7BDEC048B9FED110BBDE83B
:201FE000F88F00BFAFF30080D43888BEE9FAA8BDC4B1B4BD9EEE213EAD529C804F7E923E56
:202000009015CB19A001FA3E7751C1166CC1563F4C5555555555A53F000000000000E73FFE
:20202000000000000000F03F0000E03F0000F03F3233D33F0000E93F0000D23F0000000073
:202040002DE9F04FADF5197DBB4CA29D089354F825400594013B12F1140F04900B910393A0
:20206000C0F22683B549D31E81FB0301DB17C3EBA10307930133A3EB8303DB00D318069311
:20208000079A039BD41A059AD6181AD40136A39F4FF000084FF00009264420AD08E057F822
:2020A000240017F0A5FA0134B442E5E8020108D0002CF4DA013440464946B442E5E8020179
:2020C000F6D1059B002BC0F2C883089BDDF80C90DA000292059A1A440192049A20A901EB0C
:2020E000C30A0DF5E07B02EBC308039B002B4FF000044FF0000511DB049E574677E90223FE
:20210000F6E8020117F0DEFA02460B462046294617F022F9464504460D46EFD1019B09F1F1
:2021200001099945EBE802450AF1080ADDD1059A04980CA901EB820302990144083B8B468D
:202140000BA90993134601EB82020A920193019A98A901EBC203002A53E928452ADD0DF5CD
:20216000E07909EBC2080DF1300A754B00222046294617F0A7FA17F055FD17F039FA714B62
:20218000002206460F4617F09DFA02460B462046294617F0DFF817F045FD044678E9022379
:2021A0004AF8044B3046394617F0D6F8C84504460D46DAD1DDF8189045EC104B484600F0E8
:2021C000B3FC55EC104B00224FF07F5310EE100A294617F077FA41EC100B00F019FC5A4B90
:2021E00051EC100B002217F06DFA02460B462046294617F0AFF80D46044617F013FD804661
:2022000017F0F6F90B4602462946204617F0A2F84B46002B06460F4640F39880019A0CA9C1
:20222000013AC9F1180351F8225045FA03F101FA03F3EB1AC9F117050CA843FA05F5002DBC
:2022400040F82230884400F38B80002200233046394617F09FFC002800F05682019B059A23
:2022600003F1FF3A524510DC03F180430CAA013B0A9802EB8303002253F80419834242EA75
:202280000102F9D1002A40F0DC80059B0CAA013B52F82330002B40F0CF80099A012352F8D1
:2022A000041901330029FAD001994A1CCB1802939146079B089902EB030A019B0B44984685
:2022C00020AB0AF1804A03EBC808A39B0AF1FF3A03EB8A0A70AB03EBC20301935AF8040FF5
:2022E00017F086F90B46039902460029C8E9002347464FF0000408F108084FF0000511DB1D
:20230000049E01E077E90223F6E8020117F0DAF902460B462046294617F01EF85E45044682
:202320000D46EFD1019BE3E802450193029B09F101099945D2DD09E744B70100ABAAAA2A05
:202340000000703E00007041000020406BD1019B0CAA013B52F82350ED15002D7FF775AF6E
:20236000019B002B08F1010840F3CC810C9C002C51D1019B012B20D00CAB012253F8044FEE
:20238000002C4BD0531C0CA9C4F1807441F822400199994210DD0CAA0CA852F8232000EB4A
:2023A000830300EB81006FF07F4100E01A688A1A43F8042B8342F9D10124069B002B0EDD31
:2023C000012B00F06A81022B09D1019B5A1E0CAB0CA953F82230C3F3150341F82230022D4A
:2023E0007FF433AF32463B46B949002016F0B2FF06460F46002C3FF428AF06989FEDB00BFA
:2024000000F092FB3046394653EC102B16F0A2FF06460F4619E701230022B4E701990132DA
:202420008A42ABD1C9E7AB4B002217F0D1FB002840F05681054608E7019B5A1C91460292D3
:2024400037E70CAB069A53F82A30CDF81C80183A0395069273B9019B03F18043023B0CA90E
:2024600001EB830353F804190AF1FF3A183A0029F8D006929FED920B069800F055FBBAF1C1
:20248000000F55EC104BC0F2DE8170AB03EBCA0B0CAA0AF10103069302EB83084FEACA03D6
:2024A0000BF10809049358F8040D17F0A1F822462B4617F007F906460F46874B204629464F
:2024C00069E90267002217F0FDF80CAB984504460D46E8D148ABCDE9013ADDF814A0BAF121
:2024E000000F4FF000092CDB77A3D3E90023DFF8EC815F4600240025002603E0B14510DB69
:20250000F8E80223F7E8020117F0DCF802460B462046294616F020FF0136B24504460D469B
:20252000ECDA019B029A03EBC9034A45C3E90045ABF1080B09F1010306D0BAF1000F994647
:20254000D2DA00240025ECE7A29BDDF808A0022B1EDC002B00F30F8113D1049C019D0834C6
:20256000002000212C4474E9022316F0F5FEA542F9D1039B13B101F1004319460B9BC3E936
:202580000001079B03F007000DF5197DBDE8F08FA29B032BF5D1BAF1000F00F07081019A7B
:2025A000049BD318D3E9004502EBCA0B7BE902672046294632463B4616F0CEFEA046A9468C
:2025C00004460D4622462B463046394616F0C2FE4B46424616F0C0FE019B5B45CBE90045B8
:2025E000CBE90201E2D1BAF1010F40F34881019A049B0AF1005A0AF1FF3A13444FEACA019C
:20260000D3E9004501F1080A029192440DF5947B7AE902672046294632463B4616F09CFE01
:20262000A046A94604460D4622462B463046394616F090FE42464B4616F08EFED345CAE950
:202640000045CAE90201E3D1029C019B0026002710341C4403F110053046394674E9022320
:2026600016F07AFEA542F9D106460F46039B002B40F0BF80019A0B99D2E90045D2E9022333
:20268000C1E90223079B03F00700C1E90467C1E900450DF5197DBDE8F08F019B5A1E0CAB44
:2026A0000CA953F82230C3F3160341F8223096E600216FF017030791E0E400BFAFF300801B
:2026C000000000000000F03F00000040FB21F93F0000F03F0000E03F0000703ED0A30100C7
:2026E000019B002B08F10108C8BF02253FF73EAE32463B466349002016F02CFE02250646D9
:202700000F46A2E5002458E6069B0395584247EC106BCDF81C8000F007FA55EC104B5A4B67
:2027200010EE100A0022294617F052FA002856D0564B00222046294616F0C4FF17F072FA7B
:20274000064616F055FF504B002216F0BBFF0B4602462946204616F0FDFD17F063FA069BE3
:20276000019C183304F1010A06930CAB43F8240043F82A607EE6019D069A002005EBC20485
:20278000002174E9022316F0E7FDA542F9D1039B002B48D10B9BC3E900010B460199024693
:2027A000D1E9000116F0D6FDBAF1000F0DDD4AAD0124F5E80223013416F0CEFDA245F8DA04
:2027C000039B13B101F1004319460B9BC3E90201079B03F007000DF5197DBDE8F08F2046F0
:2027E000294617F01FFA019B0CAA9A4642F8230040E6019B19465A68DB680D688C680B9988
:2028000003F10043CB60079B0D6002F100424A6003F0070007F100428C600E614A610DF52C
:20282000197DBDE8F08F0B9C01F10043C4E900030B4601990246D1E9000116F08BFDBAF12B
:20284000000FB4DCBEE7A29B022B0ADC002B11DC7FF497AE002000218BE6089BDB0002934F
:2028600065E4A29B032B7FF48CAE48AB002600270193FBE648AB00200021019387E70026E6
:202880000027F3E60000F03F000070410000703E2DE9F04F55EC104B85B025F00043B3F188
:2028A000795F8DED001B039007DA10EE100A294617F0B8F9002800F0898022462B46204698
:2028C000294616F0FFFE06460F4632463B462046294616F0F7FE43A3D3E9002382468B46BE
:2028E0003046394616F0EEFE40A3D3E9002316F031FD32463B4616F0E5FE3EA3D3E9002359
:2029000016F02AFD32463B4616F0DCFE3BA3D3E9002316F01FFD32463B4616F0D3FE39A326
:20292000D3E9002316F018FD039B80468946ABB3DDE900012A4B002216F0C4FE42464B46CD
:20294000804689465046594616F0BCFE02460B464046494616F0FEFC32463B4616F0B2FE90
:20296000DDE9002316F0F6FC1BA3D3E9002306460F465046594616F0A5FE02460B4630464B
:20298000394616F0E9FC02460B462046294616F0E1FC41EC100B05B0BDE8F08F02460B46C2
:2029A0003046394616F08EFE0BA3D3E9002316F0D1FC52465B4616F085FE22462B4616F08F
:2029C000CBFC41EC100B05B0BDE8F08F45EC104B05B0BDE8F08F00BF495555555555C53FF5
:2029E0000000E03F7CD5CF5A3AD9E53DEB9C2B8AE6E55A3E7DFEB157E31DC73ED561C119D2
:202A0000A0012A3FA6F810111111813F0000000051EC100BF8B5C1F30A53A3F2FF35132DEC
:202A200010EE106A0C4620DC002D3DDB384F2F4101EA070303431DD033A3D3E9002316F0B1
:202A40008BFC0022002317F0CDF848B1002C04DA4FF4801343FA05F52C4424EA070400261F
:202A60002346324643EC102BF8BD332D05DDB5F5806F29D041EC100BF8BDA3F213434FF05B
:202A8000FF37DF400742F5D01FA3D3E9002316F063FC0022002317F0A5F80028E0D0002CE0
:202AA00023DB26EA0706DBE717A3D3E9002316F053FC0022002317F095F80028D0D0002C7E
:202AC0000ADB00263446CBE710EE102A0B4616F043FC41EC100BF8BD24F000430D4A1E43E5
:202AE000002E18BF14460026BAE7142D08D00123C5F1340503FA05F5AE1928BFE418D0E72C
:202B00000134CEE7AFF300809C7500883CE4377EFFFF0F000000F0BF9FED010B704700BF71
:202B2000000000000000F87F38B553EC102BC3F30A511C46054681BB10EE101A23F000443E
:202B4000214329D0194600223D4B3E4C10EE100A16F0B8FDA54202460B4616DB0C46C1F33B
:202B60000A513639294440F2FE70814221DC002947DC11F1350F34DA4CF250318D4218DC9C
:202B8000002B27A1D1E9000144DB25A3D3E9002316F098FD41EC100B38BD40F2FF70814285
:202BA000E0D110EE100A194616F0D6FB41EC100B38BD002B1CA1D1E9000107DB1AA3D3E9DB
:202BC000002316F07FFD41EC100B38BD18A1D1E9000115A3D3E9002316F074FD41EC100B49
:202BE000F3E724F0FF4424F4E004363144EA0153104619460022144B16F064FD41EC100BDA
:202C000038BD24F0FF4424F4E00444EA015343EC102B38BD08A1D1E90001B6E7AFF3008068
:202C200059F3F8C21F6EA5019C7500883CE4377E9C7500883CE437FE59F3F8C21F6EA58146
:202C400000005043B03CFFFF0000903C10B5054C237833B9044B13B10448AFF300800123E9
:202C6000237010BD0809002000000000BCB8010008B5034B1BB103490348AFF3008008BDF9
:202C8000000000000C090020BCB80100A3F5803A704700BF174B002B08BF134B9D46FFF737
:202CA000F5FF00218B460F461348144A121A17F0E3F90E4B002B00D098470D4B002B00D08B
:202CC00098470020002104000D000D48002802D00C48AFF3008015F00DFC2000290004F0B3
:202CE00073FE15F0F3FB00BF00000800000000000000000000000420C0030020244300201B
:202D0000000000000000000000B585B00346002101AA44F20100CDE90111039300F004F833
:202D200005B05DF804FB00BF72B6094B1B68DB0700D500BEBFF34F8F0649074BCA6802F4FE
:202D4000E0621343CB60BFF34F8F00BFFDE700BFF0ED00E000ED00E00400FA050378052B86
:202D600002D0094B1B681847084BD3F88424D3F8803413F0FF0FF4D1054BD2B2052A08BF66
:202D80001846014B1B681847240900200070024020A40100014B02481B681847240900201E
:202DA00024A40100012803D0022809D020B17047054B06481B681847034B05481B681847C6
:202DC000014B04481B6818472409002018A4010014A401001CA401002DE9F04F87B0002544
:202DE00004460F4690469946029500E001356268012356682146002202A8B0470028F5D10E
:202E00008DF80600049065B3824683460AE09DF806306668023B7668B0479DF806309B44AB
:202E20005D451ED962680123566821460DF1060204A8B04762680123566821460DF1070223
:202E400004A8B0479DF80730BB424FF00002214604A8DCD1D04508D00AF1010A5FFA8AFA35
:202E6000D5E7052007B0BDE8F08F109A9DF80630136089F8003089F801706168023B4D6850
:202E800009F102022146A847002007B0BDE8F08FF0B5054683B03B480AF0F2FC044610B14A
:202EA000204603B0F0BD384A3849394B14700C604822214637481C6017F0DEF83648214647
:202EC000482217F0D9F8002D54D095E80700334B83E80700002847D0002009F01FF908B1C2
:202EE000852844D12E4D2B7A002B49D0013BDBB205F10C024FF0030E6E68274FDFF894C018
:202F00001EFB032E05F109046378EBB1A278611C1144013B51FA83F1224408E003F00F03B3
:202F200007EBC30391421D60306858600CD012F8013B1806F2D503F00F030CEBC30391429D
:202F40001D6030685860F2D103347445DCD10B238DF804301248336801A99847044600286D
:202F60009ED00AF0CFFC9BE70E4A1A60B4E7FFF7CBFEB7E7094B0B4A5D601D721A60ABE7D1
:202F80006E68E4E75D2D0000F9350020C0090020C40900203009002078090020240900209B
:202FA00050A401006D33000010B50AF0C5FD68B10AF0CAFD044648B9064809F0C3F803468B
:202FC00028B1FFF7A1FE2346184610BD0823184610BD00BF10A401000AF09EBC0BF09CBB7F
:202FE0004FF0804303E0D3F83824D10707D5D3F838249207F7D5024B02481B681847704755
:203000002409002028A4010000B5054B83B082221B688DF8042001A8984703B05DF804FBFF
:20302000240900202DE9F043057A83B0002D5ED005F1FF3E5FFA8EF300F10C024FF0030E91
:2030400000F10901334FDFF8D4C01EFB032E0C4666780022964204EB020319D094F8028029
:2030600013F9089013F80830B9F1000F0BDB03F00F0307EBC3031B680132002BEAD0112041
:2030800003B0BDE8F08303F00F030CEBC303F2E70334A645DCD100261E4FDFF880C03246D9
:2030A00002EB42020A445378EBB1002423460CE003F00F0307EBC303186045682D685D607D
:2030C00055780134E3B29D420CD99578134413F905E05B5DBEF1000FEADA03F00F030CEB0A
:2030E000C303E9E7057A0136F2B29542D8D80A4A13681BB11A681368002BFBD110604368AF
:203100000B228DF804201B6801A9984703B0BDE8F08300BF78090020C00900203009002060
:20312000024B1878003818BF01207047F8350020030710B5044604D52046BDE810400BF036
:2031400083B90AF09BFE20460BF0D6F92046BDE810400BF079B900BF0BF0BCBB014B1868EB
:20316000704700BFC0090020F0B40E4B1F688FB13E7A96B100231C463A4602E0DCB2A642D0
:203180000BD9557A854203F1010302F10302F5D101B10C703846F0BC70473B681F68002F97
:2031A000E6D1F7E7C0090020436811461B68184700F00F03082B0AD802064CBF054A064AE4
:2031C00002EBC303186810B143681B6818471020704700BF300900207809002038B5094B8D
:2031E0001C6864B1054602E023681C683CB1636829461B68204698470628F5D038BD0620FD
:2032000038BD00BFC009002038B50D4604460AF007FD18B1054B1B78022B01D0082038BDC2
:2032200029462046BDE838400AF00ABDF935002038B50D4604460AF0F3FC18B1054B1B786E
:20324000022B01D0082038BD29462046BDE838400AF088BDF9350020F8B543689B6805462E
:203260000C4616461BB19847062800D0F8BDEEB92B7AA3421CD9093504EB44042C44677858
:2032800097B133463A469A420BD9A378A2190136D05CFFF74DFFF3B2BB4205D262789A4283
:2032A000F3D800231B78FFDE0020F8BD0720F8BD7378FFDE70B54368DB6805460C4603B1D3
:2032C00098472B7AA3421AD9093504EB44042C4466789EB100252B46324693420BD2A378A5
:2032E00062190135D05C0BF0F5FAEBB29E4205D962789342F3D300231B78FFDE70BD002354
:203300005B78FFDE43681B6903B118471846704770B50A4B1D687DB12E7A4EB10024214647
:20332000013400222846FFF797FFE1B2B142F7D32B681D68002DEFD170BD00BFC009002012
:2033400070B5094B1D6875B12E7A46B10024214601342846FFF7AEFFE1B2B142F8D32B68F5
:203360001D68002DF0D170BDC009002070B503780446852B00F2BF80DFE813F00002B2017A
:20338000BE003A026602E300EA00BD00040117012A01BD00BD00BD00BD003D01BD00BD004D
:2033A000BD00BD00BD00BD00BD00BD00BD00BD00BD00BD00BD00BD00BD00BD00BD00BD003D
:2033C000BD00BD00BD00BD00BD00BD00BD00BD00BD00BD00BD00BD00BD00BD00BD00BD001D
:2033E000BD00BD00BD00BD00BD00BD00BD00BD00BD00BD00BD00BD00BD00BD00BD00BD00FD
:20340000BD00BD00BD00BD00BD00BD00BD00BD00BD00BD00BD00BD00BD00BD00BD00BD00DC
:20342000BD00BD00BD00BD00BD00BD00BD00BD00BD00BD00BD00BD00BD00BD00BD00BD00BC
:20344000BD00BD00BD00BD00BD00BD00BD00BD00BD00BD00BD00BD00BD00BD00BD00BD009C
:20346000BD00BD00BD00BD00BD00BD00BD00BD00BD00BD00BD00BD00BD00BD00510186001E
:2034800060011C02E301E3008C4B8D49D3E9000290478C4B1C684CB1894D636820461B68C2
:2034A0002946984723681C68002CF6D1864C63680BB10D209847FFF743FF01F075FB834BF0
:2034C0001B68002B00F0FD810120814D0AF002FB2A78931EDBB2062B00F215827D49CB5C63
:2034E00013B108F001FE2A78022A40F00C820AF06DFB01232B7070BD754D2A78931EDBB295
:20350000062B00F2CD817349CB5C13B108F0ECFD2A78022A40F0C4810AF058FB6A4B5B68AA
:2035200003222A700BB102209847664B1D6845B16B6828461B68214698472B681D68002D94
:20354000F6D15E4B2146D3E90002BDE87040104790F902308278002BB4BF5F4B574B02F099
:203560000F0203EBC203D3E90002214690470028C1D0A0780207BED00307BCD4BDE8704034
:203580000AF04EBC504B5B680BB1082098474D4B1D68002DAFD06B6828461B682146984733
:2035A0002B681D68002DF6D1A5E7474B5B680BB109209847434B1D68002D9CD06B6828466D
:2035C0001B68214698472B681D68002DF6D192E73D4B5B680BB10A2098473A4B1D68002D56
:2035E00089D06B6828461B68214698472B681D68002DF6D17FE7344B5B680BB10F209847EA
:20360000304B1D68002D3FF476AF6B6828461B68214698472B681D68002DF6D16BE72C4C45
:203620002378062B00F04F8103F0FD03052B7FF462AF0AF0D5FA0223237070BD244DFFF742
:203640007FFE0BF05DF82A78931EDBB2062B31D82049CB5C13B108F047FD2A78022A29D12B
:203660000AF0B4FA174B1C6800232B704CB11B4E636820461B683146984723681C68002C53
:20368000F6D10E4B1549D3E9000290470E4B5B680BB10E2098472B78023BDBB2062B3FF65F
:2036A0002AAF0C4AD35C002B3FF425AFBDE8704008F01ABD082AD5D1D2E700BF7809002065
:2036C0002CA40100C009002024090020C4090020F935002008A401003009002030A40100CD
:2036E0009C4DFFF72DFE01F055FA2A78931EDBB2062B00F2D9809849CB5C002B00F0D480AD
:20370000022A03D0082A01D00AF06AFA934B5B6802222A700BB101209847914B2146D3E92F
:20372000000290478F4B1D68002D3FF4E4AE6B6828461B68214698472B681D68002DF6D149
:2037400070BD844D2B78032B00F0C6800AF006FA00283FF4D0AE2A78931EDBB2062B40F24E
:20376000EB80814808F092FC2A78022A01D0082A01D10AF02BFA06232B7070BD754B1B7889
:20378000032B00F0A580082B00F0A280734B5B680BB100209847754B1D68002D3FF4ABAE67
:2037A0006B6828461B68214698472B685D68002DF6D170BD674D2B78032B7FF49CAE0AF04A
:2037C000DBFF00283FF497AE2A78931EDBB2062B00F2BB806049CB5C13B108F085FC2A7882
:2037E000022A40F0B2800AF0F1F904232B7070BD584D2A78082A5CD0931EDBB2062B00F262
:2038000086805549CB5C002B00F08180022A00F0878005232B70514B5B680BB103209847BE
:203820004F4B2146D3E9000290474E4B1D68002D3FF461AE6B6828461B68214698472B68C8
:203840001D68002DF6D170BD444B5B680BB103209847434B4649D3E900029047414B1C68F0
:203860004CB1434D636820461B682946984723681C68002CF6D1374D2B78062B1ED0082B3E
:203880000BD09A1ED2B2062A4DD833498A5C002A49D0022B01D00AF0A3F902232B7070BD96
:2038A000082A7FF43BAE37E62F4808F0EFFB2A7826E702232B700AF09DF9ACE707232B70AD
:2038C00070BD207A01E60AF08BF90823237070BD2848FFF74BFD59E70AF04EFF00283FF441
:2038E00035AF2A78931EDBB2062B2BD81A49CB5C13B108F0F9FB2A78022A23D10AF066F97B
:2039000004232B7022E7082A7FF4F3ADEFE5164808F0BCFB2B78022B02D0082B7FF479AF46
:203920000AF054F975E7104808F0B0FB2B78022BB3D0082BB1D0AEE70749CB5C002B7FF438
:2039400014AF0EE7082ADBD1D8E7082A7FF44DAF49E700BFF935002008A40100240900203A
:2039600078090020C009002008000020C409002038A4010034A401004360CA699A4205D368
:203980008A6902600B67CB610020704701F1280202608B6700207047F0B504680E7A002C51
:2039A00000F07284A4F212347C2C00F2C1827C2C00F2BE82DFE814F074020003DE02CF0299
:2039C000C7022A0307032303BC02BC02BC02BC02BC02BC026702D702BC02BC02BC02BC0213
:2039E000CC010F03E602BC02BC02BC02F401EE038C03BC02BC02BC02BC02FF00CB03480341
:203A0000BC02BC02BC02BC02BC02BC026402BC02BC02BC02BC0219019B039303AC0357037D
:203A2000BC02BC02C3038403B40339035F03BC02BC024103DB015003ED00BC02BC023203DB
:203A4000DB00F503BD00BC03BC02BC02BC02BC02BC02BC02BC02BC02BC02BC02BC02BC022F
:203A6000BC02BC02BC02BC02BC02BC02BC02C900D303BC02BC02BC026703BC02BC02BC0297
:203A8000BC02AC00BC02BC02BC02BC02AC00BC02BC02BC02BC02BC02BC027D00C002BC02A7
:203AA000BC02BC02BC02B800BC02BC02BC02BC02B80001240025002A00F0CD830779575584
:203AC000A3424FF00005057140F27C83171901343D70B04D0F7D2D682D78AF4200F0B0832D
:203AE0008F7DAF4209D10025A342057140F24D85254601340AB107795755DFF8A0C2A64FB6
:203B00009CF800503F780135EDB28CF800507BE1012500240AB1077917554024AB4204714E
:203B200040F289836C1CC6E701240025002AE2D1E3E701240025002A40F031848D7D057148
:203B4000A34240F262830134FFE001250024002A00F03D8307791755AB424FF0050404719B
:203B600040F27E83274602EB050C6C1CFDE201250024002A40F011840624AB42047140F249
:203B80003F8301350C7D0471AB4240F291836C1CD4E701250024002A40F003840524AB4278
:203BA000047140F228836C1C2425A342057140F27583651CE0E701240025002A00F0FA8334
:203BC000077957554FF0000CA34280F804C040F29084651C0027AB4202F804C0077140F20A
:203BE000F383541901352770F3E001250024002A00F0EF8307791755AB424FF024040471B7
:203C000040F2C183274605F1010C002463455755047140F2A98325460CF101071024BB42D2
:203C200002F80C50047140F29083254607F1010C01246345D555047140F2788325460CEB09
:203C400004070524BB4202F80C50047140F25D83254607F1010C24246345D555047140F225
:203C60004A8325460CF101070124BB4202F80C50047140F23683254607EB040C03246345F3
:203C8000D555047140F228830CF1010702F80C40BB4291F816C080F804C040F218837C1C60
:203CA0000425A34202F807C0057140F20B8302EB040C2F4601342425A3428CF800700571C0
:203CC00040F2FB822F46651C1755AB424FF00204047140F29F82274602EB050C6C1C0225BF
:203CE000A3428CF80070057140F2DD822F46651C1755AB424FF00504047140F27C8227463B
:203D000002EB050C6C1C2425A3428CF80070057140F2C4822F46651C1755AB424FF0060475
:203D2000047140F26D82571901353C700F7D0771AB4240F2BD826C1C5755A3428D7D0571A0
:203D400040F26382171901343D70124D2D6851E001270024002A00F04082057915559F4224
:203D60004FF00004047180F0F5827D1C39E101250024002A40F017830224AB42047140F2F9
:203D800049826C1C0225A342057140F28C82651C04E700BFC8090020FA350020FC35002052
:203DA00001240025002A00F09883077957559C424FF00205057180F05883671C1555BB4289
:203DC0004C7E047140F2E48202EB070C7D1C8CF800400024AB42047140F221826C1C0AB111
:203DE00007795755C64D91F814C02D682F78BC4500F01A82DFF810E3DFF810C36F788EF87D
:203E0000007000258CF80050BD423FD3BD4F3D780135EDB23D70AE4240F2CA810925A34265
:203E2000057140F25583651C002A00F0128307791755AB424FF00404047140F2B682274666
:203E400002EB050C6C1C8CF800700F7AAD4D2D78AF4240F2AC8305EB450501F10907DFF85B
:203E6000A0C217F805E080F804E03D449C42CCF8005080F07E82671C002A7FF46EAFACE1E3
:203E800001240025ABE701250024CDE70725A342057140F29281651C002A7FF45BAE96E1DE
:203EA000002A00F0EB8204791470012B4FF00B04047140F2238302250127D455AB420F7DC2
:203EC000077140F25B8205F1010C022463455755047140F2448225460CF101070224BB42DE
:203EE00002F80C50047140F22B82254607F1010C02246345D555047140F213820CF101076F
:203F000002F80C40BB4291F819C080F804C040F2F7817C1C0025A34202F807C0057140F20B
:203F2000E581171901343D70764F00253D7072E7002303601846F0BD002A00F0F28205797C
:203F400017460124C4E5002A00F0F28205794FF0010C0027CCE7002A00F0EC8205790127D6
:203F60004FF0000CBAE7002A00F0FF8207799446012468E7002A00F0D78207794FF0010CAD
:203F80000025A2E75E4C002A00F0E68207792468944601258CF8007024780F7DA74200F046
:203FA000B9818F7DA7427FF414AF0A249D42047180F0F5826C1C00E6002A00F0D2820479DA
:203FC0000125002779E7002A00F0B08290F804C0012400279EE7002A00F0C18204790125CB
:203FE0000027DFF81CC1D455DCF80040AB426778077140F2A08102EB050C0135CAE7002A03
:2040000000F0B1820579174601248CE7002A00F08482047901274FF0000C71E7002A00F088
:20402000A7820779944601246DE6002A00F08E82047901274FF0000C28E6002A00F0A18220
:2040400007799446012436E6002A00F000821446077927700125BCE6002A00F08E82077946
:20406000944601243BE6002A00F07282057901274FF0000CE5E5002A00F0608290F804C00F
:20408000012400270CE61E4C0125276800241AB190F804C002F804C03C780F7DA74200F0B1
:2040A000E9808F7DA7427FF438AD0224AB42047140F270822C460135002A7FF42CAD2CE56F
:2040C000002A00F04782057901274FF0000CCBE5002A00F0BC8104799446012577E6002A01
:2040E00000F01682057901274FF0000C96E5002A00F0458207794FF0010C002585E500BFD1
:20410000C8090020FB350020FA350020FC350020002A00F0308205794FF0010C002787E595
:20412000002A00F00F8205794FF0010C0027A5E5002A00F0F48105791746012404E6002AB6
:2041400000F0218205794FF0010C002783E5002A00F0F68190F804C0012500243AE5002A03
:2041600000F0EA810779944601248CF80070C14FC14D3F682D7897F801C0AC4540F21482FE
:2041800097F802C03D44A34215F80C5005716CD9651C7CE7002A00F0D78105790127002424
:2041A0000CE6002A00F0B681047917460125BCE540F2993303600120F0BD40F26D330360B7
:2041C0000120F0BD4FF4617303600120F0BD0524AB42047144D96C1CC9E79F42027180F025
:2041E000B9807D1CA34C2468AB426778077140F2A2800135D0E640F2553303600120F0BD03
:2042000040F2573303600120F0BD40F2593303600120F0BD40F2513303600120F0BD4FF498
:204220004F7303600120F0BD0525A342057140F21781651CDBE440F2833303600120F0BDE3
:204240000D6AA3422D7805713FF652AC40F2893303600120F0BDA3420271B3D9013438E460
:2042600040F26E3303600120F0BD40F2723303600120F0BD0324AB4204713FF61BAF40F278
:20428000773303600120F0BD08240471002B7FF407AE40F2123303600120F0BD40F25633EC
:2042A00003600120F0BD40F2523303600120F0BD4FF4567303600120F0BD4FF4547303603B
:2042C0000120F0BD40F24F3303600120F0BD4FF4537303600120F0BD40F24B3303600120BD
:2042E000F0BD40F24A3303600120F0BD40F2193303600120F0BD40F2493303600120F0BDA3
:204300004FF4467303600120F0BD4FF4527303600120F0BD02249D42047180F0F4806C1C51
:2043200040E540F2173303600120F0BD40F2453303600120F0BD4FF44A7303600120F0BD9F
:2043400040F2163303600120F0BD4FF4517303600120F0BD40F2273303600120F0BD40F28A
:20436000153303600120F0BD40F2433303600120F0BD40F2263303600120F0BD4FF4457334
:2043800003600120F0BD40F2423303600120F0BD40F22E3303600120F0BD0779BCE40779B0
:2043A000CAE40779A4E407798EE440F2213303600120F0BDA342027140F29B80013400259F
:2043C0009C420571C0F0938040F2353303600120F0BD2424AB420471D5D96C1C00259C4218
:2043E0000571C1D2013410259C420571ADD2013401259C42057199D22C4405259C4205716F
:2044000083D2013424259C420571BFF474AF013401259C420571BFF464AF2C4403259C42B4
:204420000571BFF459AF01348D7D05719C42BFF44EAF01340425A34205717FF643AF0134B3
:204440002425A34205717FF638AF651C94E40125BFE40424AB420471A7D90F7A6C1CF5E4A6
:2044600040F2413303600120F0BD40F22D3303600120F0BDC8090020FC3500200B24012B05
:2044800004713BD902240D7D05719C42BFF476AF01340225A34205717FF661AF013402251F
:2044A0009C420571BFF44CAF01340225A34205717FF637AF01344D7E05719C42BFF420AF12
:2044C000013400259C420571BFF410AF01342BE54FF4487303600120F0BD02259C420571CD
:2044E000C3D201344D7E05719C42BFF451AF651C6FE44FF44D7303600120F0BD40F21333A0
:2045000003600120F0BD4FF44B7303600120F0BD012468E70125FFF735BB0124CBE70124BC
:2045200013E40124FFF7D5BA0124B2E70124C8E70124BAE70124B2E7012418E6012479E71C
:2045400001243CE7012469E70124CBE701246BE7012452E701245BE7246801251CE50125B2
:2045600040E601248FE70124DEE4374601246DE40124FFF719BB01243AE7012402E401243B
:204580002CE701245CE701243CE740F28E3303600120F0BD4FF45F7303600120F0BD40F2BC
:2045A000333303600120F0BD00231B78FFDE024A002313601B78FFDEC809002070B90B68F2
:2045C0001A7B202A01D0062070471A4652F80E1F9961918892799A7799837047032070479B
:2045E0004360CA699A4210D38A6910B40260C8690C6FC01A1C441A44C86100380C6718BF1E
:2046000001205DF8044B8A61704701F12802026000208B67704700BF2DE9F0470B7888B025
:204620000D4606460E2B14D8DFE803F008180808130D281313181308080808000024204689
:2046400008B0BDE8F0874B78DA0930D15B09012B4CD00624204608B0BDE8F0870368002440
:2046600003F134022046C3E91E44C3E920445A671C845C62DC6208B0BDE8F087027A8B78DC
:20468000002A00F06581817A0930002900F05E81F17A415C9942D1D01B061ED4EF7807F0F9
:2046A000FD03012BCAD0002F65D00324C7E713F0600FC3F3411200F09180012AC9D18B78B7
:2046C000212BC6D1B1F80720072AC2D10168681C183100F073FA0446B1E7EC78002C00F06E
:2046E0009D80032C14BF03240024A8E78B780768202B00F09B80222BABD1B1F80730002B25
:20470000A7D1B1F8035097F820303D8405F0010203F001039342154690D0C3691BB1C2F15B
:204720000301C9B29847002D88D1337A012B40F20B81737B06F10C04002B00F00381B37B3C
:20474000E05C0AF043F8337A012B40F2FD80737B012B40F2F780B37B23442C4658780AF0CC
:2047600035F807F13403C7E91E55C7E920557D62FD627B6763E73568012A05F10C0140F22E
:20478000DF80727B012A06F10C0340F2D7800691B27B704905911344AC6A93F80180002C5B
:2047A00060D1EA6FEB6AAC67C5E91F42002B00F0B480296B1846002205F1240383E803000A
:2047C0004046EA6205A9FEF733FD0446F369002B3FF435AF30460021984730E703F01F03AA
:2047E000012B7FF436AF8C78062C7FF432AF05A8039200F0D5FC03AA00920746EA78297918
:2048000030463B46FEF7E8FA05283FF418AF039A3946681C00F0D2F9044610E7F369002B80
:204820003FF40CAF30460121984708E7B1F80720072A7FF40EAF3B73B1F80730DBB27B73EA
:2048400000200E37CDE90573079000F08BFF002005A9FEF7D9FC0446002867D0002000F063
:2048600089FFECE6D5F88490686A4C4528BF4C4605F1340A2246514615F0D6FBE86FEA6A6D
:20488000EF67A9EB04030AEB04010444C5E91D13C5F88040002A43D005F12C0797E80300A2
:2048A00005F12404002284E80300EA62002B3BD091461BE0696F686A15F0B6FBD5E91D3288
:2048C000A96AC5F880100B44521AC5E91D32F36913B1002130469847EB6A13B397E803008D
:2048E00084E80300AB6FC5F82C90EBB1AA6A9342E0D2696F686A1A4615F096FBD5E90932E6
:20490000A96FE967521A0B44C5E9093253B1404605A9FEF78DFC044658E700236B6255E720
:2049200000236B62002451E76B6AEFE70A4B049603A9039300F020FC04468FE73B78FFDEF3
:204940007B78FFDE2B78FFDE6B78FFDE0B78FFDE5378FFDEE1450000BD45000010B50368E7
:204960001C8CE40784B015D50B46017A012916D9417B00F10C0481B1817B605C91060CBF98
:204980000124002401A9CDE901320394FEF73CFC04B010BD082004B010BD0B78FFDE0023CA
:2049A0005B78FFDE0368D3F880007047F0B50468238CDB0783B022D50546002016460F46F2
:2049C00000F0D0FEA26F42B9636AE3B11124002000F0D0FE204603B0F0BD964228BF1646B8
:2049E000616F3246384615F01FFBD4E91D239B1B3244C4E91D23C4F880600024E7E7082402
:204A0000204603B0F0BDC4E909762A7A012A12D9697B012905F10C020FD9AB7B08490091E8
:204A200013440C34587801946946FEF701FC041E08BF9224CBE75B78FFDE1B78FFDE00BFA9
:204A400079390000002070472DE9F04F4B6885B0CDE900020C46002B71D009F0DDF9E568FE
:204A6000019B9D4228BF1D468146002D7CD04FF0000A5646D3464FF00108D4E90113AB422D
:204A80001F4628BF2F46E9B13A4609EB060015F0CBFAD4E90223D21BDB1BC4E90223C4F824
:204AA00004B0ED1B3E442AB3002B08BF4FF00008002DE2D1009BC3F800905E60404605B0E3
:204AC000BDE8F08FABB120463B4650F8101B4A68D2F804A009EB0602D047D4E90223D21BFA
:204AE000DB1BC4E90223ED1B3E445AB14FF0010ADAE7E368BAF1000F04D15BB99846002D55
:204B0000BBD1D7E722681268126822604FF0010A002BF3D02168F1B1CDF808B003E0A3687D
:204B200021680133A3604B6800225F6802A80123B8470028F3D12061002D9ED1BAE70B682F
:204B40001B681B68002B88D18B68002B85D1036043609846B2E76160002EABD0019BB342DF
:204B600088BF4FF00008A5E72E464FF00108A1E7054B0528187004D0044A137823F002030D
:204B800013700348FEF7F2BBFD350020FE35002060A4010008B50020FEF7CAFABDE8084078
:204BA0008020FEF7C5BA00BF08B50020FEF7D4FABDE808408020FEF7CFBA00BF70B5C38848
:204BC00093421E4628BF1646934284B00D4612D8002400200394CDE9015600F0C3FD01A9D1
:204BE0008020FEF711FB044688B1002000F0C2FD204604B070BD8020144609F001F8B4FBE0
:204C0000F0F202FB1044B4FA84F46409E1E709F0DDF980280BD1094A094B92E8030083E824
:204C20000300002000F0A6FD204604B070BD002000F0A0FD1024204604B070BD98A4010012
:204C4000F00900202DE9F04F0B780E2B89B018D8F3B1013B0D2B1BD8DFE803F01F0E281ACD
:204C6000354C1A1A1A1A0E666F07B24B1B78012B02D00120FFF77CFF0024204609B0BDE859
:204C8000F08F852B04D1AB4B1B78032B00F040810624204609B0BDE8F08FA64B1B78032B89
:204CA000F6D00320FFF764FF0624E6E7A24807F071F90028E0D0A14B01221A60BFF36F8F5F
:204CC000BFF34F8FD8E705230DF115008DF8143009F0E4F89DF81530994E002203F01F04B3
:204CE0003260032C00F2B980DFE814F0E800B90099008D00C87803280D46C9D0904E336866
:204D0000002B00F003810022716832609847044600287ED13368002B00F00581AB78002B3D
:204D2000AAD109F0DDF8A8E7824B1B78002BA3D00020FFF71DFF00249FE74FF08043D3F8F4
:204D4000383413F0010F7B4B1B7806D0022B93D00220FFF70DFF00248FE7012B89D18BE75F
:204D6000BDF81B30002B00F0D880092B28BF09239946FEF7F3F90546002800F0DB81BB46F9
:204D80004FF0090ACDF80CB04FF0000801E008F101086A68012357682946002203A8B84726
:204DA0000028F4D12A682B7A15681C44C244E4B2002DE7D1634D644928464A4615F034F9E4
:204DC0002C71A5F802A0FEF7ABF918B1EB7943F02003EB71FEF7C2F95C4BBDF81B201860C0
:204DE0000020C3E90159DA6000F0BCFC58498020FEF71EFA0446002800F09F81002000F0CB
:204E0000B9FC062C05D105A8FEF7E8F90446002C73D009F0D1F8204609B0BDE8F08F9DF8FF
:204E20001900020707D005A9FEF7C2F906280446EDD19DF8153013F0600F0ED19DF81630DF
:204E40003C4A9DF819401278012B00F0B980032B00F0A680002B00F0C6800624D9E79DF8DB
:204E6000190003A9FEF780F90546002859D09DF80C1005AAFEF798F906280446C7D19DF8D8
:204E8000152012F0600FC4D12A4B9DF80C101B78D20940F014819DF816200B2AB9D1052BC4
:204EA00040F0B280BDF81730FF2B00F2FC809DF817202846FEF7D0F90446A8E713F0600FB9
:204EC000C3F341179FD1DB0948D19DF81630032B00F09C80092B00F0A880012B93D1BDF8B1
:204EE0001730012B8FD1FEF71BF9002800F0D980184A137823F00203137033686BB109F02D
:204F000065F8044600287FF4B7AE0AE70E2480E70420FFF72DFE0624AFE609F043F8002404
:204F2000ABE6102475E70C4B1B68082B33D009F039F8A2E6FD350020F80900205C7002400D
:204F4000F0090020FC09002064A40100D8090020A0A40100FE350020300100109DF8162065
:204F6000062A00F08780082A73D0002A7FF44BAF7B497C4B09781A80890744BF02221A7017
:204F800078490DF115000222FFF718FE0446062C7FF43DAF37E7744B1B68002BC7D16BE6BE
:204FA00025073FF55AAFBDF81730002B7FF455AF052A01D0200727D1204608F031FF9CE7BA
:204FC00021073FF54AAFBDF81730002B7FF445AF052A01D0230717D1204608F04FFF2046CA
:204FE00009F08AFA89E7052A01D027070CD1204608F022FF5B49034602220DF115000B808B
:20500000FFF7DCFD044602E7082402E7BDF81730012B7FF4F8AEFEF783F8002841D0504AF5
:20502000137843F00203137067E7504C2378043B012BE9D89DF81730BBB3012B33D1FEF70A
:2050400067F92378052B3FF458AF0520FFF790FD53E7464A1278052A47D0042A7FF4D3AE87
:20506000404B1F703F490DF115000122FFF7A6FD04468CE79DF81830022B3FF471AE032B78
:2050800036D0012B7FF4BFAEBDF81B30002B3FF444AF37490DF115001222FFF78FFD04461A
:2050A00075E70F24B5E60724B3E6FEF749F92378042B3FF422AF0420FFF75AFD1DE79DF8F3
:2050C00016705FB30A2F7FF4A4AE052B9CD128460192FEF717F92349019A03460B700DF1CE
:2050E0001500FFF76BFD044691E61E4A1370B9E7BDF81B30002B3FF410AFBDF819109DF861
:20510000170000F01DFB014600283FF47CAE0A780DF11500FFF752FD044638E7052B7FF4BE
:2051200073AF10490DF1150002220F80FFF746FD04466CE64FF0090A3CE608F047FF8028FF
:2051400008D10C4B93E8030086E80300204600F011FBD2E6204600F00DFB102459E600BF86
:20516000FE350020FC09002034010010FD35002084A4010098A4010038B505460C4608F038
:2051800025FFA84207D194E80300044A82E803000023184638BD1023184638BDF0090020DA
:2051A00008B1402303600148704700BFFC090020F0B40D7A0DB101F109050468002C59D0E2
:2051C0006FF4AB763444142C00F24A81142C00F24781DFE814F05400E700EE00F500FC00F7
:2051E0000301090110011701450145011E0125012C0145013B0033012700390115003F010F
:2052000001250024002A40F0DB818A8AAB424FEA1222027140F2338140F26D130360012091
:20522000F0BC704701250024002A40F0CD814A8AAB424FEA1222027140F226816C1C8A8A03
:205240000271A34240F27B81651CDEE701250024002A40F0B7810A8AAB424FEA1222027145
:2052600040F217816C1C4A8A0271A34240F26C81651CDCE709240471002B00F0F680002AF0
:2052800000F0A48104791470012B4FF00404047140F2F0800227012694559F422D78057139
:2052A00080F089817E1C0024B342D555047140F27D812546771C0024BB429555047140F242
:2052C000708125467E1CFF24B342D555047140F263812546771C0124BB429555047140F25A
:2052E000568125463E190124B342D555047140F249812546371900249F429555047180F0D1
:205300003C8125467E1C09249E42D555047180F02F812546771C21249F429555047180F00C
:20532000228126467C1C09259C42D655057180F015811619013435700E7C0671A34240F2F2
:205340000881651C16550E8A9D424FEA1626067180F09F8057196C1C3E708E7C06719C42E1
:2053600080F0F280651C16554E8A9D424FEA1626067180F0898057196C1C3E700E7D06719B
:20538000A34240F2DC80651C1655898A9D424FEA1121017173D22A44117040F26D13036096
:2053A00001203DE7002A00F0B38004790127002672E7002A00F0A58005790126002772E7D3
:2053C000002A00F0978005790127002673E7002A00F0898005790126002774E7002A5DD0D5
:2053E00005790127002676E7002A00F09E8005790126002777E7002A00F09580057901274D
:20540000002678E7002A00F08C8005790126002779E7002A00F083800579012700267AE76B
:20542000002A00F08A800679012400277BE7002A00F081800579164601247CE7002A78D02C
:2054400006791746012487E7002A70D006791746012492E7002A3FF4DFAE017911709CE791
:20546000002303601846F0BC704740F2571303600120F8E74FF4AC7303600120F3E740F2F4
:205480006B1303600120EEE740F2691303600120E9E740F2671303600120E4E701240122F0
:2054A000A342027173D914440122A342027169D9144400229C4202715FD2013409229C42F9
:2054C000027155D2013421229C4202714BD2013409229C42027141D201340A8A0271A34267
:2054E00037D9651CB7E60124FF229C42027153D20134D4E701240022A342027151D90134D4
:20550000F2E701240022A34202714FD90134F2E701242A780271A3424DD90134F2E7012465
:20552000D1E70124CAE70124C3E70124BCE7012485E6012497E60124CFE70124C8E74FF422
:20554000B573036001208EE74FF4B4730360012089E74FF4B3730360012084E74FF4B2730C
:20556000036001207FE740F26313036001207AE74FF4B1730360012075E740F25F13036066
:20558000012070E74FF4AF73036001206BE740F25D130360012066E74FF4AE7303600120FD
:2055A00061E740F25B13036001205CE74FF4AD730360012057E740F259130360012052E7BC
:2055C0000679E1E60679BDE60679CCE60422012B02717FF64FAF02249BE700BF0B780E2BD7
:2055E0000BD8DFE803F0080808080A0C080A0A0A0A08080808000020704706207047F0B52F
:205600004B78DA0985B00C46064611D15B09012B02D0062005B0F0BD8C78002CF9D10268E1
:205620001373036A002B3AD0214698472046F1E713F0600FC3F3411215D0012AE9D18B7876
:20564000072B07D0082BE4D1F268481CB169FFF7B5FADFE7B1F80720182ADAD1C169601CB3
:20566000FFF7ACFAD6E703F01F03012BD1D18D78062DCED103A80292FFF792FD02AA009215
:205680000746E278217930463B46FDF7A5FB0528BFD0029A3946601CFFF790FABAE718466C
:2056A000B8E700BF70B54FF0805286B0D2F8A830D2F8A42000926FEA83436FEA93430B4ABB
:2056C0000B4E9BB202A80D210EF090FB02AD002404E015F8013B06F8013B013402A814F0A6
:2056E000D3FC8442F5D306B070BD00BFBCA401003836002038B5114B53F8204023780BB969
:20570000A01C38BD0020FFF74BFD217891B12246C4F101055319DCB2234620F8141012F8D3
:20572000011F0029F6D101335B00DBB243F44073038038BD40F20233FAE700BF24A501000A
:2057400040B1052808D8054A105C28B1044B53F820300BB1FFF7CEBF002070473CA50100D5
:2057600024A5010072B6024A13680133136070473C0A0020034A1368013B136003B962B661
:20578000704700BF3C0A002010B50446006830B1002109F015FC54F8040F0028F8D110BD8D
:2057A0002DE9F043038883B0044643B1B3F5867F0CD1822910D0012003B0BDE8F0834FF460
:2057C00086730120238003B0BDE8F08300230380032003B0BDE8F08303F04CFABFF35F8FD4
:2057E00019491A4B0E6800220A601F781A70FFB2BFF35F8F164D03F041FA28680028DED077
:20580000DFF85090DFF8508003E055F8040F0028D5D090F84A3026FA03F3DA07F5D590F8CF
:20582000493047FA03F3DB07EFD502F029FD0028EBD02B68D9F800200092184642460221F8
:2058400002F09AFCE1E700BF500A0020FF35002060000020443800201559000010B50C4AC6
:2058600090F84B30126882B001330092044680F84B30084A03468021203002F07DFC064B2E
:2058800019782246002002B0BDE8104009F022BC443800205D5800000D43002010B4094A99
:2058A000094C13681943116021780346012202FA03F30B43DBB2237004485DF8044B09F0FD
:2058C00037BC00BF500A0020FF35002068000020044B1B78834286BF034B53F820000020FB
:2058E000704700BFB8B701006000002010B5044690F84A1090F8490003F07EF910B994F8C1
:20590000480010BD01280ABF94F84800002080F0010010BD70B582B0044602F0B1FC08B94D
:2059200002B070BD04F12006304602F0A9FC05462046FFF7DBFF01280FD00028F0D1002DC1
:20594000EED1304602F082FC0D4B22462846197802B0BDE8704009F0BDBB002DE0D0094B3A
:20596000094A1B68009300253046234684F84B507E2102F001FC054B28462246E7E700BF62
:205980000C430020443800205D5800000E430020F8B509F00DFB304B304C187009F008FBAD
:2059A0002F4B304F187009F003FB2F4922682F4B08700025FF2139727B60FD60002A42D017
:2059C0002B4E09E091F84A00F9683A72834054F8042F0B43FB60B2B392F84A3092F849104E
:2059E000526C03F01F0343EA41131F2BC6BF03F01F0331464FF0A04103F5E07342F08C02CD
:205A000041F82350236893F84A1093F8490003F0B1F8226892F84A3092F8490003F01F0384
:205A200043EA4010012106F027FD2168387A91F8492082424FF00103C4D0FF28C2D054F8E0
:205A4000042F002AC8D10B48002109F0B9FABDE8F840044803F0E4B80E4300206000002087
:205A60000C430020400A00200D4300209D580000000300506800002030B5174B83B0002271
:205A80001A6006F0B9FA00BB002006F0D1FA134B134A93E80300FF250090ADF80410062477
:205AA00000231048ADF8005069468DF802408DF8043006F057FF58B901210A4806F0A6FFDB
:205AC000084806F097FF03B030BDFDF71DF9DBE7FDF71AF9F0E700BF540A002070A501004D
:205AE000155B000078A50100014B1868704700BF540A002008B5064A13680133136002F037
:205B0000D5FC00B908BDBDE8084002F0ABBC00BF540A0020042800D07047FFF7EBBF00BFA1
:205B2000014B1868C0097047540A00204160806A09F0FEBAF0B5858C83B0044617461E466B
:205B40004DB36A2D22D182294AD14568002D62D00023009304F1180204F11401284601F0BB
:205B600021FCD4E90431227E101E18BF0120994284F8200046D0637E0133DBB26376002A1E
:205B80003AD0032B0ED9042384F820300023A384032003B0F0BD244B4560C0E904551B688D
:205BA0000583836201F03EF83946308100F008FE2060F0B11D4BC36323681C64216991B99D
:205BC00021683046463101F043F82368A3F84400206800F00FFE6A230120A38403B0F0BDFF
:205BE000012003B0F0BD80230022304601F0F2FBE6E7A0840220CCE7032BC4D8022384F8DA
:205C00002030C3E7089B606898472169227E637E01312161B3E7032380F820302846089BE8
:205C20009847A5840220B4E7443800202D5B000010B5846882B01CB194F90830002B01DBFF
:205C400002B010BD236A002BFAD01A68002AF7D00749097831B11B6A23B101909847236AC7
:205C600001981A68002302B0BDE8104000F036BD003600202DE9F047124C82B02468DDF8C8
:205C800028A08CB106460F4691469846656843464A463946304625B1CDF800A0A847054659
:205CA00038B92468002CF1D10025284602B0BDE8F087B379012BF8D13A463146002000F0F0
:205CC0001DFBF2E7580A00202DE9F04F2DED028BB34CB44E8BB0054620460295884601F012
:205CE00031F9C4F8A0500346307008BBA279013A032A62D9636823F07F4323F0FF03002B84
:205D00004FD06379032B00F02881208900F0DAFD074600284DD0D0E90F9700F0CFFDB9F1FA
:205D2000000F00F091809E493846C847337843B30027C22B2BD0DFF88892384600F0BEFD15
:205D40003278C32A69D0BF2A84BFA022327002212389934800F06EFFD9F800100391084619
:205D600014F092F9039902468D4801F05DFB41468B4800F06DFF414682B2029800F02EFE6B
:205D8000337818460BB0BDEC028BBDE8F08F384600F094FD337818460BB0BDEC028BBDE847
:205DA000F08FC3232089337000F08CFD07460028B1D13378002BE4D0BBE7039002992089BF
:205DC00000F0FEFC0746002842D0039B62790893CDE906338023ADF8163062BB238972483E
:205DE0004522022100F026FFA27A002A40F0B08007AB00936A480DF11603002206A901F08E
:205E0000D1FA70B9089B002B2ADADFF8B491674BC9F80030822333708FE700223270032157
:205E200096E7BDF81620079B0893802A28BF8022ADF81620E7E700F0F5FE4522034601212C
:205E4000594800F0F7FECFE73378002B99D06FE7DFF86C91564BC9F80030A32333706CE74F
:205E6000BDF8163050494E4808AD07F18402009508EE903A08EE102AFFF7FCFE03460028DF
:205E80004DD14748099309A901F066FA494BD3F800908246B9F1000F67D0099B03979B46F0
:205EA000029B4D4699460AE006DD2A7AD10603D51BF800202F2A08D02D68002D52D06F6894
:205EC000384614F0E1F88245EED102465946384614F0E2F80028EFD1A279039F4B460293D3
:205EE000511E0123012AA94603FA01F300F0C1809A0740F1A980D9F814A0BAF1000F00F0A9
:205F0000A38008AB2849009318EE102A18EE903A2348D04799F80830590600F1C080337811
:205F2000002B7FF406AFA37D1A0759D5DFF8789099F90630002B53DB99F816301B074FD483
:205F4000DFF87C901C4BC9F80030A1233370F4E61A49154801F0ECF94AE72189029800F0CA
:205F6000ADF9D2E6039FCDF808900F48842101F0D9F90D48842101F0D5F93378002B7FF403
:205F8000D8AE094807F1460100F062FE80B2A7F84400B8B9C123DFF828903370CDE600BF8D
:205FA000600A0020023600200C0B002080A50100A0A501005C0A002090A501006B0A00200B
:205FC000D40000203378002B7FF4B3AE384600F011FC337818460BB0BDEC028BBDE8F08F8A
:205FE000637D089AD91115D1002ACAD0DFF80891013218BF01224846802301F0EBF9B9F837
:20600000A420D9F8A810802A28BF8022484601F00BFAB2E7079B9A4232D00132069944D07D
:20602000BDF81630DFF8D0900122334801F0D2F9BDF81620B9F8A43093429ED9D9F8A8108F
:206040002D4801F0F1F998E75D0705D5D9F818A0BAF1000F7FF455AF180705D5D9F81CA0F3
:20606000BAF1000F7FF44DAF8521234801F05AF97FE7D5F810A0BAF1000F7FF442AF37E783
:20608000DFF87490B9F8A400824219D382231B4989F8063048460F2201F0C6F96DE7164A3D
:2060A0001749484600F02AF939E7DFF84C90BDF81630B9F8A4209A4294BF00220122B4E78D
:2060C000BDF816300699821A9A4294BF00220122484601F07FF90798B9F8A430BDF8162010
:2060E000D9F8A8101B1A9A42014428BF1A46484601F09AF941E700BF0C0B002080A5010024
:20610000600A002010B50446416001460C4802F075FF94F90830002B00DB10BD206A0028FA
:20612000FBD0036A002BF8D00268002AF5D0054BC0E903340830BDE81040002300F0CEBAE3
:206140005C0A0020315C000038B50A4A137803B138BD094C094D236009490A482B60012435
:206160001470FFF7CFFF00F033FCBDE8384000F051BD00BF00360020580A00205C0A002080
:20618000B0A5010084000020014B1868704700BF5C0A002000B10068704700BF00B583B0C6
:2061A00001460190044803F09FF80199034803B05DF804EB02F06EBF78000020B80B0020BB
:2061C00070B50D4B1C68A4B10546002601E024686CB1294604F1180000F0E4FB0028F6D035
:2061E0002046FFF7DBFF24680136002CF1D1304670BD2646304670BDB80B00202DE9F041DC
:20620000164B1C682CB305460F4616464FF0000801E02468D4B1294604F1180000F0C2FB5C
:206220000028F6D094F82C30B342F2D13246394604F12D0013F0EAFE0028EAD12046FFF78D
:20624000ADFF246808F10108002CE4D14046BDE8F081A0464046BDE8F08100BFB80B002063
:206260002DE9F041144B1C680CB306460F464FF00008251D314604F1180016B100F092FB43
:2062800078B1BD42284607D013F0FEFE39460246284613F0BBFE20B92046FFF77FFF08F1F5
:2062A00001082468002CE4D14046BDE8F081A0464046BDE8F08100BFB80B0020F8B50E4BA2
:2062C0001C68ACB105460E460027294604F1180000F068FB10B1E38EB34204D02468002C95
:2062E000F3D13846F8BD2046FFF758FF0137F5E727463846F8BD00BFB80B00208B79012B6E
:2063000000D070472DE9F04792F90630002B82B0154650DBCB7C5B060C464CD5D1F8A07011
:20632000002F48D04B6E4BB1012B44D18A7A38460B3102B0BDE8F047FFF760BF096E0191B6
:20634000384694F80AA0D4F85C80FFF789FF204802F0AEFF064688B3B8F1120FC146C4BF81
:206360004FF01308C146B144424601994FF00008043013F059FE394606F1180089F804803D
:2063800000F000FB524604F10B0186F82CA006F12D0013F049FE0F48A6F83680314602F0AD
:2063A0002DFEB16B4B1CB363284600F0F3FFB36B23F07F43B36302B0BDE8F0870649A323DD
:2063C00028461022AB7102B0BDE8F04701F02CB878000020B80B0020C4A501002DE9F04F64
:2063E0002DED028B83B008EE101ADDF8389001929846FFF7C9FE002800F0B6800025D9F894
:2064000000B006462C46A34508D8454512D2019B4FF03C025A55D9F800B00135631C5B453A
:2064200008D3454506D2019B4FF02F025A55D9F800B00135D6F804A0504613F025FE023449
:2064400027185F4558D801D145456DD3D6F80CB07C1CBBF1000F17D09BF80030A3B1D9F8E1
:2064600000A0A24509D8454507D2019A3B235355D6F80CB0D9F800A00135584613F004FEDC
:2064800002373C18544512D8454504D9D9F80030621B9A4271D83046FFF77CFE0646002888
:2064A00047D0DCB9D9F800B0A345B7D8ADE70198384AAAEB070308F10101002BACBF5B44BA
:2064C0000BF10003491B28440DF090FC0544454553D83046FFF75EFE0646B8B3D9F800B066
:2064E000A34507D8454505D2019A2C235355D9F800B00135013486E70198264AABEB040BDB
:2065000008F10101BBF1000FACBF0AEB0B030AF10003491B28440DF069FC0544454508D27A
:20652000D9F800309F4291D3019A3E23535501358CE715BB5CB9BEB1D9F800304344C9F82B
:20654000003003B0BDEC028BBDE8F08FADB9822118EE100A00F0E6FE18EE100A0E490F2259
:2065600000F062FF002EE7D14FF0FF33C9F8003003B0BDEC028BBDE8F08F019918EE100ABB
:206580002A4600F051FF18EE100A282100F0DCFED1E700BFD8A5010080A50100014808F0BC
:2065A000C7BD00BFA80000202DE93048FFF79CFA0E4B1A68821A04D10D4BD3E90001BDE8B0
:2065C00030880B4C18604FF47A71A2FB01BCD4E900254FEADB1040EA4C6080184FEADC1112
:2065E00045EB0101C4E90001BDE83088C00B0020E00400200148002108F0E2BCA8000020A7
:20660000074B0848084A1B6810B4002101240470116013B15DF8044B18475DF8044B7047F2
:20662000F8A5010001360020D40B00202DE9F0471E4B1B7882B0054643B3DFF874A0294650
:206640005046DAF8007002F025FDDAF8001019B3D5E90489002603E00C680E46F4B1214678
:20666000D1E90423994508BF9045F5D22A461048314602F033FDDAF80050AF4209D00D4B53
:206680009B68019302B0BDE8F0471847FFF7B8FFD3E702B0BDE8F087002DEED02A4604489A
:2066A00002F01CFDDAF80050E7E700BF01360020D40B0020F8A50100064B10B55B68044609
:2066C0009847C4E9040121460348BDE8104002F0E1BC00BFF8A50100D40B0020084970B521
:2066E000496805461E4614468847241846EB0101C5E904412846BDE87040FFF797BF00BFE1
:20670000F8A5010038B50B4B1C687CB10A4B5B689847D4E90445A94208BFA04202D3002061
:20672000014638BD201A65EB010138BD4EF66020002138BDD40B0020F8A50100F8B5134F16
:20674000134E7C68A04735683DB102460B46D5E904018B4208BF824201D20020F8BD2946B7
:20676000304602F097FC6B680BB128469847BB6898473368002BF0D0D3E90467A047B942B1
:2067800008BFB0422CBF01200020F8BDF8A50100D40B002000B583B0014608300191FFF7D3
:2067A0008BFF0199044802F075FC0199034803B05DF804EB02F098BDD80B0020B800002008
:2067C00070B5064609480D4602F072FD044658B10023868080F824302946263000F0D2F87C
:2067E0000348214602F00AFC204670BDB8000020D80B00202DE9F04190F8463013F0300FFA
:206800000446C3F3011526D190F82430042B13D8B0F8442000F14601263000F0DFF894F888
:20682000243023B3226A5200226204F108000023BDE8F041FFF752BFD0E90F672630FFF754
:20684000BFFC2046FFF7A6FF46B3294638463346BDE8F0411847B0F8442000F1460126304E
:2068600000F0BCF82046BDE8F041FFF793BF0C4BC4E9033408F0E4FC0A4BA3FB00239B0A22
:2068800040F2DD5202FB130202F6B832226204F108000023BDE8F041FFF720BFBDE8F0813E
:2068A000A9680000B76FA5AE806830B190F82430013380F82430FFF79DBF704708B1FFF7F1
:2068C00069BF7047044B02E09A88824202D01B68002BF9D118467047D80B0020F8B5028829
:2068E000044662B140F2B9139A4217D11D4B1B788B4217D040F2B91323800120F8BD1146FC
:2069000010460EF0D9FB184B186038B343F21633038240F2B91323800120EFE70023038048
:206920000320F8BD114B1B789B07E3D5104E114F114DB7F800C0114F96E80F00203685E8FB
:206940000F003CF806C00E4E3A883168A5F810C000232846AB74FFF7B7F9CBE72080022040
:20696000F8BD00BF16430020F40B0020444000204C3B0020F6350020E00B0020303B0020DF
:206980004C4000208B684A6830B40C68CD68C5600460426083600B8A03828B7C837430BC07
:2069A000704700BF38B5102205460C4613F02EFB58B92A8A238A9A4200D038BDA87CA37C23
:2069C000C01AB0FA80F0400938BD002038BD00BF0148002108F0F4BAC400002070B582B066
:2069E000B8B11446028848F2FE039A420E46054603D00A4B5B6A984758B1094A2B8A10683F
:206A00000093314622462B460FF08EFE204602B070BD4FF0FF34204602B070BD4CAD010012
:206A2000F40B00200C2830B440D9B0F5867F94BF6FF02F046FF01F040C2935D9B1F5867F07
:206A400094BF0D230E232343B0F5867F137016D96FF4867543191B0A0D38537090700223F4
:206A60000320B1F5867F15D96FF486740C19D518240A0D391454A970D81C30BC70470C282B
:206A80000FD90D38B1F5867F50704FF001034FF00200E9D80C29F0D90D39115430BC013053
:206AA000704701200023DCE74BB2CCE703015CB2C2E700BF2DE9F0411E0C13F07F474FEA7B
:206AC00006461C4615460B4614BF01210021CEB1013124F0FF080231C01A2A46FFF7A2FF66
:206AE000CFB1230E2B54421C1EB3230CAB540230B8F1000F02D0230A2B5401302C540130BF
:206B0000BDE8F08134F0FF08E5D14CB9BDE8F041C01AFFF787BF6EB1230C2B540130EAE7BE
:206B20000131C01AFFF77EFF002FDAD1002CE7D0E4E71046B8F1000FDDD1002CE0D0DDE7F2
:206B4000F8B50E689DF818700C461D4616B902602360F8BD03689F550B6801330B600068FE
:206B6000114618442A4613F06DFA23682B442360F8BD00BFF8B5069D401A29461F46FFF723
:206B800051FF3946044610182A4613F04DFA2819F8BD00BF2DE9F04F83B092460C9A9DF8AA
:206BA00034400194013200249846834699460092274625468E4604E0009B01349C422746B2
:206BC00023D818F807C0019B08EB0706A6EB09069C450AEB0502ABEB0E00314602D00C9B36
:206BE000BB42E9D1FFF71EFF054449460AEB0500324613F019FA0134009B08EB0409013466
:206C00009C423544DE462746DBD9284603B0BDE8F08F00BF08B508F013FB014B188008BD68
:206C2000E8350020024B1888013080B218807047E8350020F8B504460F4616461D46AC2262
:206C4000002113F019FA6771A6712581F8BD00BFF0B501220023016002710B7002680F46FB
:206C60001378017943EA811313700268437911781B0103F030030B4313700268837A117819
:206C800003F00F030B431370036882795A70038902681B0A937003680289DA70837983B061
:206CA0000446002B00F040810368827A1D1D62B16FF00301C91A00F10B0313F8012B05F881
:206CC000012BA67A6A189642F7D8E37C9807C3F340010CD594F86A3000932A4604F16B03DD
:206CE00000210120FFF746FFE37C054401211A0709D5236C0093636C2A460320FFF73AFF9B
:206D0000E37C05440321DE060BD594F8243000932A4604F125030420FFF72CFFE37C0544F6
:206D20000421980607D500232A460520FFF7C2FEE37C054405215A0607D5636E2A460620D5
:206D4000FFF7B8FEE37C05440621DB0907D02A46B4F850300720FFF7ADFE07210544237D88
:206D6000DE070BD5A36C2F22CDE900320820E36C2A46FFF70FFF237D0544082118070BD50A
:206D8000E36D2F22CDE900320B20236E2A46FFF701FF237D05440B21DA0607D5A38B2A46D9
:206DA0000C20FFF787FE237D05440C215E0607D5236A2A460E20FFF77DFE237D05440E2122
:206DC000DB090CD0D4F894302622CDE900320F202A46D4F89830FFF7DDFE0F210544637DD6
:206DE000980708D5B4F868302A461120FFF762FE637D05441121DA060BD5636D2622CDE9F3
:206E000000321420A36D2A46FFF7C4FE637D05441421DB091AD0636F94F878201B01002A6C
:206E200040F08580B4F87A2000201209461C52088446B0B2FAD118B10CF00F0C43EA0C03CD
:206E40002A461720FFF736FE17210544A37D1E071BD5D4F8803094F884201B01002A69D17F
:206E6000B4F8862000201209461C52088446B0B2FAD118B10CF00F0C43EA0C032A461B200B
:206E8000FFF718FEA37D05441B21D80607D52A46D4F88C301C20FFF70DFE1C210544E37D6C
:206EA0001A0709D5236B0093636B2A462320FFF761FEE37D05442321DB0908D0A36B009392
:206EC0002A46E36B2720FFF755FE27210544A37EDB0611D42368EB1A3E2B18DCB4F8A4208F
:206EE000E2B9D4F8A810284613F0ACF8B4F8A400ED1B284403B0F0BDD4F890302A463C20E2
:206F0000FFF7D8FD23680544EB1A3E2BE6DD0B4B0B4A002020601A6003B0F0BDFF2305F85D
:206F2000013BB4F8A420DCE7042003B0F0BD43F0080377E743F0080392E700BFD400002058
:206F400010A60100032A40F2CC802DE9F04704460D4682B0002191460430A82213F08CF836
:206F6000256095F800804FEA981884F804802B78C3F3011363712A7802F00F02A2726B78B9
:206F8000A371A978EB78B8F1010F43EA012323817CD1082A00F2AC80291D8E1805EB090A1F
:206FA000564576D804F10B0013F03EF800275645C4F81370C4F8177080F0A580337803F038
:206FC000F002F02A00F08781711C8A454FEA131003F00F035DD90D285FD00E2868D00D2BB0
:206FE00062D00E2B70D0CE18B24552D307443C2F4FD804EBD70C07F007029CF8130008FA8C
:2070000002F20243781E8CF8132002463B2A74D8DFE812F07B007300860089009400970000
:20702000A400B30073007300BD00C7007300D500E2007300EC0073007300FB00730073003F
:207040000501730073007300240145017300730073007300730073006900730073007300F2
:207060006900730073007300730073007300730073007300730073007300730073007300EA
:20708000730073007300730073005301A04BA14A1A60802002B0BDE8F0877078B11C0D30AD
:2070A0008A45F6D90D2B9CD111F8013B0D339AE77078B21C92454FEA0020EAD9B27802F2C0
:2070C0000D121044F11CEBE70E4616F8013BB2454FEA0323DDD94A7802F20D121344023155
:2070E00081E7802070478A4B8B4A1A60A520D1E7874B8A4A1A608020CCE7FB0700F1028147
:20710000B2453FF65BAF0020C4E7082B28BF08231A4684F86A3004F16B0012F085FFEFE7F7
:20712000C4E91031ECE7082B28BF08231A4684F8243004F1250012F077FFE1E784F89C8027
:20714000DEE74BB1013BC8180139002311F8012F884242EA0323F9D16366D1E753B1013B15
:20716000C8180139002311F8012F884242EA0323F9D19BB2A4F85030C2E72F200A46009072
:2071800004F1480104F14C00FFF7DAFCB8E72F200A46009004F15C0104F16000FFF7D0FC6D
:2071A000AEE753B1013BC8180139002311F8012F884242EA0323F9D19BB2A383A0E74BB1A8
:2071C000013BC8180139002311F8012F884242EA0323F9D1236293E726200A46009004F1FD
:2071E000940104F19800FFF7ABFC89E753B1013BC8180139002311F8012F884242EA03238E
:20720000F9D19BB2A4F868307AE726200A46009004F1540104F15800FFF792FC70E7002BFF
:207220006CD0013B0B440020013911F8012F8B4242EA0020F9D100F00703102120F00F02C5
:20724000994089B202FA03F3C0F3C002000984F87820A4F87A10E367606751E7002B49D0E3
:20726000013B0B440020013911F8012F8B4242EA0020F9D100F00703102120F00F029940E8
:2072800089B202FA03F3C0F3C002000984F88420A4F88610C4F88830C4F8800030E74BB12E
:2072A000013BC8180139002311F8012F884242EA0323F9D1C4F88C3022E74BB1013BC8189D
:2072C0000139002311F8012F884242EA0323F9D1C4F8903014E70136751BA9EB0505ADB2F7
:2072E000802D88BF80250020C4F8A860A4F8A4507055CFE6184610211A46C7E718461021DB
:207300001A46A4E7024B064A1A608220C2E600BFD400002040A6010080A6010058A6010061
:20732000A8A60100FF299ABF817101200020704710B5082A28BF0822144682720B3012F000
:2073400073FE204610BD00BF037D818343F0100303750120704700BF037DC3F3C0021B07D7
:2073600002D5036E0B60C26D104670470B782F2B10B5044603D111F8013F2F2BFBD0216669
:20738000084612F081FE237DE06543F00803237510BD00BFC37C416643F04003C374012023
:2073A000704700BF30B40446407DC0110FD009B1656F0D6012B194F87810117013B1B4F8F9
:2073C0007A201A80029B13B1029AE36F136030BC704700BF10B4A3F11004B4F5FE6F02D8F9
:2073E000B1F5801F03D300205DF8044B7047447D4167003A64F07F0118BF012280F8782076
:20740000A0F87A3041755DF8044B0120704700BF11B1D0F8A8300B60D0F8A83013B1B0F860
:20742000A4007047184670470346802A28BF80221046A3F8A420C3F8A810704710B50A4A68
:207440000A480C460A4907F017FD0A4807F080FE20464421FFF766FF074B0022BDE81040D4
:207460001978104607F036BEC4A60100D8A60100D0A60100E8A601001137002070B586B087
:2074800004460D460BF010F910B1444B1B786BB9A3212846FFF746FF414A4249424807F040
:2074A000EBFC424807F054FE06B070BD2046002601A90196FFF7ACFF00282DDD019959B3E9
:2074C0000F2828BF0F200246044602A8CDE90266CDE9046612F0A8FD06AB1819344A00F8E6
:2074E000106C029B93421DD03249029A8A4236D031498B4242D0314B9A4222D0284A294941
:20750000294807F0B9FC02A92D4807F0B5FC28468021FFF707FFC7E728468021FFF702FFC7
:2075200006B070BDBDF80C20542ADDD11C4A25491D4807F0A1FC244807F00AFE234B32463D
:2075400004E09DF80C20002AD8D1214B1978104607F0C0FD28464421FFF7E4FEA4E79DF8E1
:207560000C40002CC4D10E4A16490F4807F084FC184807F0EDFD184B2246E7E7BDF80C30AE
:20758000452BB8D1064A0F49074807F075FC134807F0DEFD124B0022D8E700BF053600200E
:2075A000C4A60100D0A60100D8A6010010A701005354415253544F5050415553434F4E54C5
:2075C000ECA7010044A701004CA701001037002013370020A0A7010012370020CCA7010041
:2075E000603600202DE9F0418CB006460D460BF05BF8002800F08180002701A9304601976D
:20760000FFF706FF021E71DDDDF80480B8F1000F6CD0272A28BF272214463946282202A866
:2076200012F02AFD2246414602A812F0FDFC0CAB1A19404B02F8287C029A9A4264D03E4F41
:2076400028464521FFF76EFE3C78002C52D13B4DD6F8A0102846FFF795F943F21633384AF9
:20766000384939482B8207F007FC384807F070FD374B012519783D702246204607F02AFDAB
:20768000FFF7D0FA0222034629463248FFF7D2FA31493048FFF76AFE4FF480722F4930489D
:2076A00012F00CFD28460EF0CBF9024620B12C484FF4807110F00EFC2948264D12F0E4FCFE
:2076C000274902462846FFF7AFFE28891B49FFF777F8044670B1284604F14601FFF7B8FAAA
:2076E000A4F844002046FFF785F803E028468021FFF718FE0CB0BDE8F0812846A321FFF7D9
:2077000011FE0CB0BDE8F08103F17143039A03F54233FA339A4292D1BDF8102047F26903E0
:207720009A428CD1D6F8A02002A8282110F0D2FB85E700BF756E6B6E053600204C360020DE
:20774000C4A6010044A70100D8A601001CA8010048360020643600204CA8010010A8010088
:20776000F80B002010B5164C237803B110BD07F01FFC144B187007F01BFC134B187007F0BF
:2077800017FC124B187007F013FC114B187007F00FFC104B187007F00BFC0F4B0F4902462A
:2077A0000F481A70FEF7AEFC0E490F48FEF7AAFC0E490F48FEF7A6FC0123237010BD00BF78
:2077C0000436002048360020103700201237002060360020133700201137002060A8010050
:2077E000D800002074A80100FC00002084A80100200100202DE9F043454B93E8070093B04C
:2078000008AB03C323F8022B140C00211D220DF12B001C7012F030FC01200EF011F90028F3
:2078200061D00646324608A8282110F053FBDFF8FC90DFF8FC80374F032504AC99F8001057
:207840004B1CA7FB032000F4FF7202EB50029B1A58F8210089F80030214610F0D1FA10221D
:207860002146304612F0D2FB013D002836D094E80F006C4684E80F000FCC274C206000204A
:2078800043F2163560826160A260E3602582FFF7C9F90222034601212048FFF7CBF9204907
:2078A0001E48FFF763FD4FF480721E491E4812F005FC01200EF0C4F8024620B11A484FF46E
:2078C000807110F007FB184812F0DEFB164902461248FFF7A9FD13B0BDE8F08315F0FF05F9
:2078E000ACD16C46C8E7114D0A4A2878104E431CA2FB031202F4FF7101EB520204AC9B1ADE
:2079000056F820002B70214610F07AFAAFE700BF68A90100ABAAAAAA4C3600206436002017
:207920004CA8010010A80100F80B00200336002090A9010038B50B4DFFF75CFF28890A4949
:20794000FEF73EFF60B1044604F146012846FFF77FF9A4F844002046BDE83840FEF74ABF21
:2079600038BD00BF643600204C36002038B5124B1B7803B938BDFFF755F9104D034602225B
:2079800028460121FFF756F90D492846FFF7EEFC28890C49FEF714FF04460028EAD02846C6
:2079A00004F14601FFF754F9A4F844002046BDE83840FEF71FBF00BF05360020F80C0020D4
:2079C00094A801004C3600202DE9F04107F008FAFEF752F809F042FE07F01AFB0021664835
:2079E000664FDFF8EC81664D664C674E07F0E8FA00F0B4FB10F01EFC0CF014FA07F0F8F9F0
:207A000007F0B4FB614B1B6898477B689847D8F804309847A979EB79226803EB0123022ABF
:207A2000338025DC5A4B29686A6819605A605948002107F0C5FA4FF0FF300DF0D7FF236813
:207A4000022B054600F3818007F0F4F9FEF77CFB5148FDF799FE10F017FC07F0DFFA044619
:207A600010F01AFC14F0FF0FF7D107F0E9F9F4E74A4A4B494B4807F0FFF94B4807F068FBCB
:207A80002368022BCEDD454A4549464807F0F4F9464B4748196807F0EFF92368022BC1DD1E
:207AA0003E4A3F493F4807F0E7F9D8F80010414807F0E2F92368022BB4DD384A3849394850
:207AC00007F0DAF939683C4807F0D6F92368022BA8DD324A3249334807F0CEF937484AF6C5
:207AE000CD3107F0C9F92368022B9BDD2B4A2C492C4807F0C1F932481A2107F0BDF92368A3
:207B0000022B8FDD254A2649264807F0B5F931882C4807F0B1F92368022B83DD1F4A204923
:207B2000204807F0A9F9284807F0A6F92368022B7FF778AF284601F017FB2368022B7FF74A
:207B400071AF0A2007F002FB6CE7144A1449154807F092F91D4807F08FF92368022B7FF7E8
:207B600073AF284601F0F0FA2368022B7FF76CAF0A2007F0EBFA67E77801002094AA010025
:207B80003437002098010020EA350020C4AB01003C3B0020DC0200200CB401009CA9010056
:207BA00044A70100D8A60100A4A901004CAD0100DCA90100ECA90100F8A9010004AA0100A5
:207BC00020AA010040AA010050AA010068AA010038B4010030B590F82D50012D83B004465F
:207BE00011D91F2507F02CFB094BB0FBF5F11B68009301FB1501074A234604F10C0000F081
:207C0000BBFA03B030BDE91C01258D40013DE9E744380020997C00002DE9F0470D468B68C5
:207C200092F82C708146506BD3E90068144601F031FA686807F0D6FAA968134801F054FBBF
:207C40001248294601F050FB636B1B6873B10023A3852046FFF7BEFF36B13A4649464046CA
:207C60003346BDE8F0471847BDE8F08704F10C0000F0ECFA2146064801F00CFA21460548FD
:207C800001F032FBE8E700BF440100205C0100200C0E002050010020F8B12DE9F047436B07
:207CA0001D6882B00446ADB1686807F0B1FA63490C2007F07DF80121072007F06DF800F01A
:207CC00059F900280ADAAB6823B1052022462946FFF7A2FF02B0BDE8F087704706F0B6FF9C
:207CE000DFF85C8190F80290D8F8047006F0AEFF064606F0B5FF01463046B84707F068F8C6
:207D0000D8F818600746B04770BB002F50D1D8F81CA0D04740BBD8F8087006F0A1FFB847E1
:207D200000285CD002281FD0AB68002BD2D00420CCE709F0C7FC6FF028031E1A03E009F0C5
:207D4000C1FCC64202D5D0470028F8D0D04700285DD0D8F81030032101A89847032803D159
:207D60009DF806304B452AD0AA68002AB2D094F82D300133DBB2052B84F82D3094F82C3055
:207D800006D90133DBB2002184F82C3084F82D10127A9A4205D8224629460120FFF73CFF23
:207DA00098E72046FFF716FF686807F015FA91E7D8F8086006F054FFB0470028B2D1AB684F
:207DC000002B87D094F82C3000200133294684F82C3084F82D002246FFF71EFF7AE709F020
:207DE00071FC6FF018073F1A03E009F06BFCC74202D5D0470028F8D0B047002899D1D04775
:207E0000002896D1D8F814309847002891D0A96800293FF45FAF94F82C300133DBB2002211
:207E200084F82C3084F82D200A7A9A42B9D8224629460220FFF7F0FE4CE700BF3437002056
:207E4000C4AB01002DE9F04105460D200F4606F0B7FF064601F0B8F901210B2006F09CFF26
:207E6000374B1C6814B914E0246894B13146201D01F0BCF80028F7D0606B01F025F9072819
:207E80001EDDDDB138462B460122BDE8F041062118472C4801F00CFA04460028F1D03146D6
:207EA000201D01F09DF8002304F13002C4E90C322348A385214601F0A1F8DDE7BDE8F0816C
:207EC000214801F0F5F9064660B3204801F0F0F9B06018B307F05EF97060D8B10520D6F844
:207EE000088006F05FFFC8E9005710F0FF0006BF082388F8083088F80800606B314601F03C
:207F00007DF8636B1B689E42D8D12046BDE8F041FFF760BEB1680D4801F0E6F90A483146BB
:207F200001F0E2F9606B01F0CFF80028A9D12146034801F0AFF82146024801F0D5F9A0E70F
:207F40000C0E0020500100205C0100204401002008B5054801F09AF9044801F097F9BDE894
:207F60000840034801F092B95C010020440100205001002010B501210B2006F00DFF024B7E
:207F8000BDE810405B681847CCAA0100014B9B68184700BFCCAA0100014B1B6A184700BF80
:207FA000C4AB0100014B5B6A184700BFC4AB010010B50D4B82B01B6898470C4B04469B6A5B
:207FC00001A91920984701280BD0002C0198B8BF15248028D4BFC4EB0000C4F1800002B095
:207FE00010BD002002B010BDCCAA0100C4AB0100FFF728BF00B583B006F02CFE032802D14B
:2080000003B05DF804FBFFF7C1FF0028F8DB0D2006F0D6FE1F4900F0E9FFE8B10C2006F0B6
:20802000CFFE1C4900F0E2FF0028E9D101F0D6F8B8B1072006F0B6FE0028E1D00223ADF8BF
:20804000043006F003FE144B8278DB688DF80620032101A89847D3E706F0BAFE0028DDD1C4
:20806000CEE701F0E1F8072006F09CFE18B90B4B9B689847C4E70223ADF8043006F0E6FD3F
:20808000054B8278DB688DF80620032101A89847EDE700BF34370020C4AB010038B4010081
:2080A00030B50D4C83B0A56A69461920A84748B901A90420A84738B101F07EF8FFF748FF1E
:2080C000236A984703B030BD0199E36A21F00201019104209847EFE7C4AB0100F8B5038886
:2080E00005462BB14A2B14D1882916D00120F8BD174B1C6834B1A168201D00F0B9F9246853
:20810000002CF8D1134B01221A704A232B800120F8BD002303800320F8BD0D4B1C68002CEB
:20812000F3D0231D9A4205D02468231D002CECD09A42F9D10648084E214600F0ABFFD4E9CF
:208140000523376832600BB1E06998473760DCE7EC0E00200636002044380020034A044BDA
:20816000044800211170196006F02ABF06360020EC0E00206801002070B50E4C049E2578FC
:208180004661C0E90623044635B9A1600A482146BDE8704000F032BF084D094B2E682B6074
:2081A000043000F065F92E6021460348BDE8704000F024BF06360020EC0E002044380020C3
:2081C0006801002070B50C4B1B7804462BB921460A48BDE8704000F011BF094D094B2E68CB
:2081E0002B60043000F04EF92E6021460348BDE8704000F003BF00BF06360020EC0E00200D
:20820000443800206801002070B50C4B1B7804462BB921460A48BDE8704000F0EFBE094DFB
:20822000094B2E682B60043000F036F92E6021460348BDE8704000F0E1BE00BF0636002037
:20824000EC0E0020443800206801002010B50A4B1B7804463BB9C0E9033321460748BDE8BA
:20826000104000F017BF043000F028F921460348BDE8104000F00EBF06360020EC0E0020C9
:20828000094B1A7842B9094B01E0984209D01B68002BFAD1012070470069B0FA80F04009F8
:2082A00070470020704700BF06360020EC0E002010B50446C0B20FF089FF0A2C01D0204686
:2082C00010BD0FF053FF204610BD00BFF8B588B10F46461E002500E0013516F8014F2046F0
:2082E0004CB1AF4207D00FF071FF0A2CF4D10FF03DFFF1E705460FF039FF2846F8BD00BFD8
:2083000010B5FDF7F1FB0B4B1A68D2E9003192680B44191A52B1D2E9003423441B1A9268F0
:20832000994228BF1946002AF5D14318024A136010BD00BFF40E0020F00E00202DE9F843F5
:20834000038805465BB3592B2CD187292FD0822920D12C4FDFF8B4803C684FF00009CCB17E
:20836000002603E0A3682646A3B11C4620460DF0EBF80028F6D0E0682246882106F0AAFE9C
:2083800003464046002B2AD006F0D2FEA3682646002BEAD159232B800120BDE8F883194AFB
:2083A0001360F7E7002303800320BDE8F883154F3968002019B9EDE789680120D9B1CB68E9
:2083C0009342F9D000B139608B68002BE2D0D868904207BF9B688B6019469B68F5E7E3609E
:2083E000A3686EB1B3603B68C4F808902BB1FFF787FF3C68B3E73960CCE7034A1360C9E7F7
:208400003B60F1E7F40E0020F00E00207801002010B50446104806F08BFE1049E3680A6814
:208420004BB142B194420FD0134601E09C420BD09B68002BFAD10A4BA2601B68E3600C6023
:20844000BDE81040FFF75CBF054B1B68E360BDE81040FFF755BF00BF78010020F40E002087
:2084600044380020014806F063BE00BF7801002010B504460DF04CF82046BDE81040FFF707
:20848000C7BF00BF10B504460DF04AF82046BDE81040FFF7BDBF00BF10B504460DF04EF86B
:2084A0002046BDE81040FFF7B3BF00BF024B1868003818BF01207047F40E002010B5124B42
:2084C00019688142044614D00B462BB19A68A24206D01346002BF9D10023C4E9023310BD21
:2084E000A2689A6049B1FFF70BFF0023C4E9023310BD82681A60002AF5D1044B00221A606D
:208500000023C4E9023310BDF40E0020F00E0020014B1888704700BFAC03002000283ED0E2
:20852000037A022B30B410D00378022B15D00379B3B10024C37913F0030318BF012301B14A
:208540000C6002B1136030BC7047C579447A037965B90CB9012BF2D0DBB100231C46EEE7B7
:20856000447A14F0030418BF0124E3E7C4B1032D37D1032C2ED0022C24D143BB022D2DD045
:208580000123032D24D1A4F10204B4FA84F46409D5E7023C012C8CBF00240124CFE770473C
:2085A0004BB9022D08BF0123EAD1A4F10304B4FA84F46409C3E7032D01D0022D02D123469D
:2085C0001C46BCE7002BC8D1022DDAD1EDE701230024B4E7002BC0D10123D4E701231C4620
:2085E000ADE7022DC7D1002BF1D1022C4FF00103DBD11C46A3E700BF30B500230B608B80ED
:20860000437DDB075CBF01230B70037E012B83B00D46044623D901AA694604F11000FFF730
:208620007DFF009B0BB10223EB70019B0BB102236B70E37D03F00303022B03D0032B14BF35
:2086400000230823AB70637E03F00303022B03D0032B14BF002308232B7103B030BDC37D0C
:2086600013F0030309D0437E13F0030305D0C38B828B9B1AB3FA83F35B092375CBE700BFD9
:2086800002280CBF012307230B441A78FF2A184603F1FF3303D18142F7D1012070470020B2
:2086A000704700BF30B583B06946FFF7A5FF9DF800309DF801509DF802409DF803109DF824
:2086C00004209DF8050002332B4423440B441344184403B030BD00BF70B44378827805781A
:2086E000C478DB00120102F0100203F008031343027905F0070564012B4304F020049201FE
:20870000234302F0400213430B7043798579467AC479027A03F001036D0043EA861305F09C
:208720000205A0002B4300F00C001201034302F03002134370BC4B70704700BF70B582B0A1
:208740000D4604466946FFF757FF04F110002946FFF7C2FF9DF80030012B04BFA37EAB7066
:208760009DF801300CBF03200220022B06D1A38B2B54A38B421C1B0AAB5402309DF8026099
:2087800056B1731E234429181A7801F8012BA34203F1FF33F8D130449DF80330022B06D1CE
:2087A000E38B2B54E38B421C1B0AAB5402309DF8046056B1F31D23442918073413F8012982
:2087C00001F8012BA342F9D1304402B070BD00BF30B40278437802F00700C2F3C005C2F372
:2087E00000140870C2F34010C2F380124D708C7003F00105C3F34004C8700A71C3F381000B
:20880000C3F301129B094D718C71C87130BC0A724B727047012943DD2DE9F04186B00F46FF
:2088200003A914460546FFF7D3FF03AB03CB9DF811201B882383206161616AB3AE1C03A8BF
:2088400002AA01A9FFF76AFE9DF81380B8F1000F43D0029B002B31D1B8F1020FA38367D090
:20886000B8F1030F4DD09DF81580B8F1000F2CD0019BBBB9A38BE383B8F1020F4DD0B8F11E
:20888000030F31D0701B3B1A8742C4E90E6300DA002006B0BDE8F081AB78A376EE1CCEE73D
:2088A00000207047717816F8023B029A03EB01239BB2E383002ADFD1A383DDE7727816F890
:2088C000023B03EB02239BB2C6E71E4904F1080000F086FBA4F81E80D4E71A49204600F0CB
:2088E0007FFBA4F81C80BEE706F10800034604F1080213F8011D02F8011BB342F9D1064690
:20890000C0E706F108000346621E13F8011D02F8011FB342F9D10646A5E70A4904F10800BE
:2089200000F05EFB7378237216F8023B6372A9E70449204600F054FB7378237016F8023B03
:20894000637090E7D8AA010030B591B006F06EF9044606F07FF96A4601462046FFF75AFF63
:2089600000283ED0044606F045F9D0B39DF810100B2006F011FA9DF81310072006F00CFA04
:208980009DF817308BB1BDF81C50FFF7C1FD854205D0BDF81C204FF6FF739A4221D19DF843
:2089A00017006946FFF76CFEB0B102A90C2006F0FFF99DF815303BB14FF6FF71062006F0D4
:2089C000EBF9204611B030BD9DF81A10062006F0E3F9204611B030BD69460D2006F0E8F921
:2089E000E3E74FF0FF34ECE7F8B505460B2014460E46A84700232074A37496B3E374637562
:208A00000820A847002701232376A07567740620A847A076FFF77CFDE0830920A84701282D
:208A20000CBF3B4603236376FFF772FDA0830A20A84701281AD066B90323E375637E022B8C
:208A40000CD0E37DA3F10203B3FA83F35B092375F8BD0223E375637E022BF2D10123237563
:208A6000F8BD0720A8476675E074C9E7E775E5E730B591B00546FFF74BFD4FF6FF74A042DB
:208A80003AD040220021684611F0F6FA06F0A0F96A4601461A48FFF7A7FF06F099F918B3D3
:208AA000ADF800400C2006F08BF9014602A800F097FA06F0BBF80E9006F0CCF803466846C1
:208AC0000F93FFF7EFFD044615B9204611B030BD06F060F880B106F0B9F801466846FFF7D5
:208AE0002DFE204611B030BD0D2006F069F90146684600F075FAD5E74FF0FF34E5E700BFA5
:208B0000A5ED00000120FFF7B3BF00BF0020FFF7AFBF00BF0649074A074B9B1A03DD043B72
:208B2000C858D050FBDC0BF05DFFFAF7B3F80000C8B8010008000020C0030020FEE7FEE7D5
:208B4000FEE7FEE7FEE7FEE7FEE7FEE7FEE7FEE700F01F030121C0F34710994000F066B8C8
:208B600008B503F0EDFB00B108BDBDE8084003F09DBB00BF30B583B01446022301F01F0148
:208B800000228DF8063014F00C0341EA4015ADF8042006D0042B25D0082B27D00C2B02D16E
:208BA00003238DF8043014F0030304D0022B15D0012B02D103238DF805300E4A01A9284697
:208BC00003F0C8FB2306284603D403F0C1FC03B030BD012103F050FC03B030BD01238DF877
:208BE0000530EAE701238DF80430DCE702238DF80430D8E7518B000001F01F0141EA4010CA
:208C00001F28CABF054B4FF0A04300F01F00D3F8101521FA00F000F001007047000300500D
:208C20000146014800F0EAB9F80E002070B50C4B1C689CB105460E4601E0246874B1237AD0
:208C4000AB42FAD1E36816EA0301F6D063682846002BF2D098472468002CF0D170BD00BFDD
:208C6000F80E0020024B00221A60FFF779BF00BFF80E0020EFF3108072B6704780F3108876
:208C8000704700BF70B41A4A1A4D0023012440FA03F1C90712D59178B9B11178567801F087
:208CA0001F0141EA46111F29C6BF01F01F012E464FF0A04604FA01F1C6F80C150133042B69
:208CC00002F10302E3D170BC70471178567801F01F0141EA46111F29C6BF01F01F012E46C9
:208CE0004FF0A04604FA01F1C6F80815E6E700BF50A501000003005070B41A4A1A4D00239D
:208D0000012440FA03F1C90712D59178B9B11178567801F01F0141EA46111F29C6BF01F02E
:208D20001F012E464FF0A04604FA01F1C6F808150133042B02F10302E3D170BC7047117834
:208D4000567801F01F0141EA46111F29C6BF01F01F012E464FF0A04604FA01F1C6F80C156C
:208D6000E6E700BF50A50100000300500E4A30B40E4D02F10C0403201378517803F01F03F8
:208D800043EA41131F2BC6BF03F01F0329464FF0A04103F5E0730332944241F82300EBD171
:208DA00030BC0F20FFF7A8BF50A501000003005010B50948FFF706FA084802F00DFB50B19B
:208DC000064C01460B7A5B080B72204602F0D0FA01460028F6D110BD14370020880100205C
:208DE0000146014802F026BB8801002080B110B50446FCF779FE2368C01AB0F5963F05D207
:208E0000207A032894BF0020012010BD002010BD0020704770B50546144689B1022907D062
:208E200006290CD10146BDE870402A4802F002BB0146284802F0FEFA0646002832D170BD24
:208E40000146244802F0F6FA0646002835D0FCF74BFE337A30602344102BA8BF10233372AA
:208E6000FCF742FE3368C01AE401B0F5963FA4B208D2337A042BB38834BF19220A222BB966
:208E8000B48070BDB3881922002BF9D002FB04F41149C2F1640203FB0242A1FB0232520932
:208EA000B28070BDFCF720FE337A30602344102BA8BF102333720C34D2E7334605482946F6
:208EC000082202F017FB06460028B8D047F6FF73C380BCE7880100201F85EB5138B5054612
:208EE000042005F05FFF29460446214824B202F0A1FA38B3B0F9063047F6FF7293422CD02D
:208F000004EB840462005A251A4C818813FB052384FB0324DB17C3EB641424B2C48081B942
:208F200004F15A0212B222EAE2721E2A124BA8BF1E22D201A3FB0232120902F5807292B283
:208F4000828038BD034629460948082202F0D2FA0028F6D047F6FF73C3808388C480002BCF
:208F6000EFD147F6FF739C42DAD14FF48072E7E7880100201F85EB518988888838B509480E
:208F800002F02AFA60B1074D04462146284602F01FFB2146284602F0EBF904460028F4D149
:208FA00038BD00BF8801002000B5002183B0084802F0BCF9074B084A1B6800930748002328
:208FC0004FF4E131FFF7D8F803B05DF804FB00BF8801002044380020B18D000014370020C2
:208FE0000B684A6842600360704700BF08B5082211F00CF8B0FA80F0400908BD0368DBB1C6
:2090000010B4002400E0134699420FD01A681C46002AF8D100230B600368CBB11A461B6846
:20902000002BFBD111605DF8044B70470A686CB1226000221A60EDE700230B6003684BB1F7
:209040001A461B68002BFBD1116070470260F0E70160E8E70160704730B405684DB12B46CD
:20906000002400E01346994207D01A681C46002AF8D10D6030BC016070470A683CB12260B8
:2090800000221A6005680D6030BC016070470260F6E700BF03689BB110B4002400E0134680
:2090A00099421A6805D01C46002AF8D15DF8044B704734B1226000221A605DF8044B704770
:2090C00070470260F7E700BF03682BB100201B680130002BFBD170471846704730B479B1EE
:2090E000036843B1002500E023469A4217D01C681D46002CF8D10B6813600A6030BC704711
:20910000056845B12B4600E023469A4210D01C681946002CF8D11560026030BC704725B14E
:209120001068286000201860E5E714680460F9E739B114680C60002119600568156002605B
:20914000EBE711680160F6E700B58BB00246282168460EF0BFFE6946024805F08DFE0BB068
:209160005DF804FBD8A50100F0B170B50024104E054654B1E3070DD5295D304605F07CFE4E
:20918000072C10D00134002CF4D12978304605F073FEF7E72E2005F0D9FF295D304605F02F
:2091A0006BFE072CEED170BD024805F065BE00BFF0AA0100E0AA010008B506F041F8014BA8
:2091C000187008BD07360020034B197806204A1C1A7005F0E1BD00BF07360020F8B5FCF7A1
:2091E00083FC104E0746344600250C2005F0E8FD2146FFF7FBFE103420B90135102DF4D1F5
:209200000020F8BD062006EB051505F0CBFD2B7B8342F5D1A868381AB0F5206F8CBF002059
:209220000120F8BDBC0F0020F8B5174E0024374635460C2005F0C4FD2946FFF7D7FE1035DE
:20924000F8B90134102CF4D10F2407EB0414254654F8100D6168A268E368A6420FC5F6D175
:20926000062005F09FFD3873FCF73EFC0346BB600C2005F0A5FDBDE8F84001460248FFF7D4
:20928000AFBE002CE1D1EBE7BC0F002010B5044642884068002110F0EFFE23886288A0689A
:2092A00002FB03F2BDE81040002110F0E5BE00BF30B44588ADB14368002202E00132AA4267
:2092C0000CD0194601330C78002CF7D101230B700588806802FB050030BC7047002030BCE2
:2092E00070472846F8E700BF30B44488826854B18A420CD00588002301E0914208D00133F4
:20930000A3422A44F9D14FF0FF3030BC704700234268D15C0029F6D00020D05430BC70474F
:2093200083688B4208D84288008800FB023081422CBF00200120704700207047418849B1D6
:2093400043680020194413F8012B02B901308B42F9D170470846704710B5436E04469847D0
:20936000034BE06E1978BDE81040002205F0B2BE0F430020F0B501230025062285B004463D
:2093800080F86020A0F86830A0F89C5280F8385029464FF4087200F5956010F06DFE0F4F40
:2093A0000F4B84F8745204F2347604F1740203934FF400730092214604F2A622CDE9013715
:2093C00030460BF081FDB4F83027304604F5E46105B0BDE8F0400BF0B1BD00BF71AB000019
:2093E0004595000070B500F174030446002503672946242204F2347680F86A5000F51E7023
:2094000010F03AFE30460BF0E1FD30460BF0EAFD30462946342210F02FFE042384F86030D2
:2094200070BD00BF08B5026F00F51D739A4205D01170036F01330367002008BD00F1740100
:209440008A4209D0002380F87432521A00F234700BF09EFD012008BD012380F87432184608
:2094600008BD00BF70B50446D0F8A032006F154604F51D76321AEE1A964228BF1646B6B232
:209480003246194410F0D0FDD4F8A002226F304432448542C4F8A002226713D004F1740146
:2094A0008A420BD00023521A84F8743204F234700BF06EFDD4F8A002281A70BD012384F8D7
:2094C0007432F9E70020C4F8A00270BD10B50446042100F5D962FFF73FFF94F81637B4F83E
:2094E0001A17012B04BF002384F8163709B1002010BD04F595604FF4087210F0BDFD002034
:2095000010BD00BF90F83830024623B90B4B0C48197805F0DFBD10B5022300F2347480F8E3
:20952000603020460BF052FD20460BF05BFD20463422BDE81040002110F09EBD0E360020A1
:209540009C01002010B582B0032A8DF807200C460ED8F2B91D4B1E4819780722012384F873
:20956000602084F87432224605F0B4FD02B010BD042AFBD1B1F856372BB9012201F174031C
:2095800081F874220B6704F11800FEF73DFE02B010BD104B0E481978224605F09BFD042330
:2095A00084F8603004F11800FEF750FE0DF1070201212046FFF7D0FE2046FFF713FF637DAE
:2095C000012BD3D12046FFF7D5FECFE70B3600209C0100200936002008B505F0E9FC1B4A5D
:2095E0001B4B1070187005F0E3FC1A4B187005F0DFFC194B187005F0DBFC184B187005F0D4
:20960000D7FC174B187005F0D3FC164B187005F0CFFC154B187005F0CBFC144B187005F0A0
:20962000C7FC134A134B1070187005F0C1FC124B187005F0BDFC114B11480021196005F01B
:20964000BFFC104B01221A7008BD00BF0C360020133600200B3600200D36002010360020CE
:20966000113600200F3600200E3600200F43002009360020123600200A360020C010002031
:209680009C010020083600202DE9F04782B003888DF8071040F296618B420546144600F07E
:2096A000B78149D840F276618B4200F0208240F29F8040F284618B4240F01382A94B9DF866
:2096C00007101B788B4200F0D687A74B1B788B4240F26687A54B1B788B4240F00483DFF877
:2096E000B092D9F8006096F86030DFF880A2DFF89C8240F28E27032B01F06681B6F89C3282
:20970000BB4200F0698700F264814BB140F28D22934240F0FB8796F87432002B00F06981F8
:20972000E0213046FFF77EFE002800F05A8740F28D23A6F89C32EEE7B3F5D66F00F0628263
:2097400040F2BD618B4240F09480864B9DF807101B788B4200F07F87834B1B788B4240F275
:209760001287824B1B788B4240F0C782DFF82092D9F8004094F860307C4F4FF00008092BAE
:2097800040F0D980B4F89C32002B01F06380A3F26B339AB2252A00F2FB82252B00F2F882CE
:2097A000DFE813F0FE021903F602F6027C03A903E703F602F602CE03FA03F602F602F60218
:2097C000F602F602F602F602F602C302F602F602F602F602F602F602F602F602F602F6023C
:2097E000F602F602F602F602F602F602F602D000002B00F0A08040F25F62934240F07181AC
:20980000584B9DF807101B788B4200F01887584B1B788B4200F0EF87564B1B788B4200F0B0
:209820007787554F3B788B4200F0C187534B1B788B4200F0A887524B1B788B4200F08F87AE
:20984000504B1B788B4200F076874F4B1B788B4271D194F87432DFF83891012BC9F80040E5
:2098600069D194F86030092B65D10022A4F89C2282E740F2A3618B4240F03381394B9DF843
:2098800007101B788B4200F0CA86374B1B788B4240F29386354B1B788B4240F03882DFF843
:2098A000F090D9F8008098F86030304F374E092B41F06F80B8F89C32002B01F04380A3F56A
:2098C00031739AB21F2A7ED81F2B7CD8DFE813F0BB02D5027B007B007B00CC03DD037B0062
:2098E0007B007B007B007B007B007B00ED031404FE037B007B007B007B007B0027047B0070
:209900007B007B007B007B007B007B007B0062000CF8036094F884320133DBB2042B84F873
:20992000843240F2B887002281212046FFF714FD0023A4F89C3240F25F632B80012002B0D0
:20994000BDE8F087261D94F89932012B05D030460BF0FAFD002800F0108330460BF0F4FDDB
:209960000CE200BF09360020133600200A3600200C3600200B3600200D3600200E36002088
:2099800010360020113600200F36002044380020BC10002008F1040A98F89932012B05D0AA
:2099A00050460BF0D1FD002800F06B8250460BF0CBFD4FF40872002108F5956010F05CFBC3
:2099C000002388F86A3000239DF80710A8F89C3236E740F29D22934240F0988696F87432A8
:2099E000002B40F08186301D0BF0AEFD002840F07B869AF80010D8F80000002205F06AFBCB
:209A0000002800F07081D9F8006096F8603072E69E4B9DF807101B788B4200F0DC869C4B68
:209A20001B788B4240F2A2859A4B1B788B4240F05F81DFF86C92D9F8006096F86030DFF81D
:209A400054A2DFF8588240F2B137092B40F0BE87B6F89C32BB4215D028D82BB1B3F56C7FCF
:209A600039D196F8743293B1C0213046FFF7DAFC002800F010864FF46C73A6F89C32F0E72E
:209A8000A6F89C7296F87432002B40F004869AF80010D8F80000002205F01CFB002800F049
:209AA0002781D9F8006096F86030CEE7B3F56F7F11D196F8B03423B9301D0BF045FD002882
:209AC000E5D04FF40872002106F5956010F0D4FA002386F8383000239DF80710A6F89C32F1
:209AE000A9E6002303202B8002B0BDE8F087674B9DF807101B788B4200F08686644B1B781C
:209B00008B4240F22685634B1B788B4240F00481DFF88C91D9F80060B6F89C32DFF884815B
:209B20000027002B00F05687A3F22B239AB2422A61D8422B5FD8DFE813F023033B035E0002
:209B40005E00550367037D0382033E042E045E045E005E005E005E005E005E005E004E0426
:209B60007204F3035E005E005E005E005E005E005E005E00ED04CE04E8045E008004BB0439
:209B800091045E005E005E005E005E005E005E005E00A404BD03D7035E005E005E005E0086
:209BA000A303E00392035E005E005E005E005E005E005E005E005E005E005E005E004300DC
:209BC00006F1040A96F89932012B05D050460BF0BBFC002800F0F08250460BF0B5FC0028EA
:209BE00040F053872C4F4FF40872002106F5956010F042FA00E0284F9DF807100023A6F812
:209C00009C320FE6214B9DF807101B788B4200F00B861F4B1B788B4240F28E841D4B1B787F
:209C20008B426FD1DFF87890D9F8006096F86030DFF86080194F092B40F07586B6F89C32EF
:209C4000002B00F049866FF4457213449AB2182A43D8182B41D8DFE813F0C700E0004000F3
:209C60004000400035017801400040004000400040004000B001F801C60140004000400004
:209C800040004000400040004000270009360020133600200A3600200D3600204438002036
:209CA000BC100020F8AA010006F1040A96F89932012B05D050460BF047FC002800F0B18099
:209CC00050460BF041FC4FF40872002106F5956010F0D2F9002386F86A3000239DF8071013
:209CE000A6F89C32B1E540F284632B80012026E640F296632B80012021E640F2BD632B8076
:209D000001201CE64FF4D6632B80012017E640F2A3632B80012012E640F276632B80012008
:209D20000DE640F27E33A4F89C3294F87432002B00F02381B4F89422D4F890122046FFF7C6
:209D400091FB0028EDD1226F04F174018A4200F0B58684F87402521A04F234700BF018F99B
:209D6000261D30464FF4A0610BF0D2FB94F89822002A00F0BA86012A00F0AA864FF4087276
:209D8000002104F5956010F077F9002384F86A300023A4F89C32CEE540F26B33A4F89C3291
:209DA00094F87432002B00F0E88094F878122046FFF738FB0028EFD1C4F8A00294F88422D1
:209DC00004F520712046FFF74DFB00286AD04FF45B73A4F89C3294F87432002BEED1CCE0B0
:209DE00040F21533A6F89C3296F87432CBB196F878123046FFF716FB0028F1D1C6F8A002EE
:209E000096F8842206F520713046FFF72BFB00285CD040F21633A6F89C3296F87432002B56
:209E2000EED198F800103868002205F053F900283FF468AFD9F8006096F86030FBE64FF4DB
:209E40003173A8F89C3298F87432D3B198F878124046FFF7E7FA0028F1D1C8F8A00298F8E3
:209E6000842208F520714046FFF7FCFA002800F0008140F2C523A8F89C3298F87432002BBA
:209E8000EDD139783068002205F024F900283FF43EAFD9F8008098F8603008E594F87432AF
:209EA000002B6AD0B4F88C122046090AFFF7BAFA28B340F26F33A4F89C3294F87432002B5A
:209EC000F0D15AE096F87432002BAAD0B6F886123046090AFFF7A6FA00283BD040F21A3397
:209EE000A6F89C3296F87432002BEFD199E74FF45C73A4F89C3294F87432002B3DD094F8E5
:209F00008C122046FFF78EFA0028F0D1C4F8A002B4F88C22D4F888122046FFF7A3FA20BBE4
:209F200094F89832002B00F0C085B4F886122046090AFFF777FA98B34FF45D73A4F89C327F
:209F400094F87432002BF0D117E096F87432002B3FF467AF96F886123046FFF763FA88B31A
:209F600040F21B33A6F89C32EFE740F27133A4F89C3294F87432002BCAD1CA4B39781868A1
:209F8000002205F0A7F800283FF4B7AED9F8004094F86030FFF7F3BB94F87432002BECD061
:209FA00094F886122046FFF73DFA002800F07D8540F27533A4F89C32EEE796F87432002B58
:209FC0003FF42FAFB6F88C123046090AFFF72AFA00283FD040F22233A6F89C32EDE74FF440
:209FE0004973A6F89C3296F87432002B3FF419AFB6F88C22D6F888123046FFF733FA00285A
:20A00000EDD1326F06F174018A4200F0528586F87402521A06F234700AF0BAFF06F1040A2E
:20A0200050464FF4A0610BF073FA4FF40872002106F5956010F020F840F22D33A6F89C32FA
:20A0400034E640F22333A6F89C3296F87432002B3FF4E7AE96F88C123046FFF7E3F900282F
:20A06000EFD1C6F8A002C3E798F87432002B3FF408AFB8F886124046090AFFF7D3F948B12F
:20A0800040F2C923A8F89C32EEE798F87432002B3FF4F7AE98F886124046FFF7C3F948B1CD
:20A0A00040F2CA23A8F89C32EFE798F87432002B3FF4E7AEB8F88C124046090AFFF7B2F98C
:20A0C000F8B140F2D223A8F89C32EEE798F87432002B3FF4D6AEB8F88C22D8F88812404607
:20A0E000FFF7C0F900B34FF43573A8F89C32EDE740F2D323A8F89C3298F87432002B3FF4A7
:20A10000C0AE98F88C124046FFF78CF90028EFD1C8F8A002DFE740F2DA23A8F89C3298F865
:20A120007432002B3FF4ADAE98F898124046FFF779F90028EFD1D8F8702008F174018A4216
:20A1400000F0C18488F87402521A08F234700AF01FFF08F1040A50464FF4A0610BF0D8F905
:20A160004FF40872002108F595600FF085FF40F2E323A8F89C320FE440F22B23A6F89C3207
:20A1800096F87432C3B196F878123046FFF74AF90028F1D1C6F8A00296F8842206F5207146
:20A1A0003046FFF75FF908B34FF40B73A6F89C3296F87432002BEFD1D9F8003093F86030B8
:20A1C000032B00F05E84384A364B11781868002204F080FF00283FF49FADD9F80060B6F858
:20A1E0009C329EE496F87432002BE5D000213046FFF718F960B140F22F23A6F89C32F1E784
:20A200004FF40C73A6F89C3296F87432002BD3D006213046FFF706F90028F1D1C6F8A00232
:20A22000062241463046FFF71DF960B140F23123A6F89C3296F87432002BF1D1BCE796F898
:20A240007432002BB8D003213046FFF7EBF8002800F0B68040F23223A6F89C32EFE796F88D
:20A260007432002BA8D0B6F85C20B16D3046FFF7F9F800286CD04FF41873A6F89C32EEE77D
:20A2800096F87432002B97D0B6F85C103046090AFFF7C8F8002835D040F25E23A6F89C3253
:20A2A000EEE700BF443800200A3600204FF41673A6F89C3296F87432002B3FF47DAF96F88A
:20A2C00054103046FFF7AEF80028EFD1C6F8A002B6F85420316D3046FFF7C4F8002834D0AC
:20A2E00040F25923A6F89C3296F87432002BEFD162E740F25F23A6F89C3296F87432002B5D
:20A300003FF45AAF96F85C103046FFF78BF80028EFD1C6F8A002A6E740F23F23A6F89C3243
:20A3200096F87432002B3FF447AF328AF1683046FFF798F80028EFD1337D580700F1EF802D
:20A3400096F91430002BC0F2A180337D59069BD4326F06F174018A4200F0CE8386F8747230
:20A36000521A06F234700AF013FE082306F1040A86F8603050464FF4A0610BF0C9F84FF4B3
:20A380000872002106F595600FF076FE40F26D23A6F89C3216E496F87432002B3FF40CAF4A
:20A3A000F18A3046090AFFF73DF848B34FF40D73A6F89C32EFE796F87432002B3FF4FCAE32
:20A3C000317D3046FFF72EF80028E9D040F23323A6F89C32EFE796F87432002B3FF4ECAE66
:20A3E000318A3046090AFFF71DF8E8B140F23D23A6F89C32EFE796F87432002B3FF4DCAE85
:20A40000B17D3046FFF70EF80028E9D040F23523A6F89C32EFE740F23E23A6F89C3296F862
:20A420007432002B3FF4C8AE317C3046FEF7FAFF0028F0D1C6F8A00277E796F87432002B8B
:20A440003FF4BAAEB6F848103046090AFEF7EAFF98B34FF41373A6F89C32EEE796F874326B
:20A46000002B3FF4A9AEB6F84820716C3046FEF7F9FF00283FF464AF40F24E23A6F89C3254
:20A48000ECE796F87432002B3FF496AEB6F854103046090AFEF7C6FF00283FF410AF40F272
:20A4A0005723A6F89C32ECE740F24D23A6F89C3296F87432002B3FF47FAE96F848103046BA
:20A4C000FEF7B0FF0028EFD1C6F8A002CBE740F24923A6F89C3296F87432002B3FF46CAE28
:20A4E00096F840103046FEF79DFF0028EFD1C6F8A002B6F84020F16B3046FEF7B3FF002880
:20A50000A0D040F24A23A6F89C3296F87432002BEFD151E696F87432002B3FF44DAEB6F82F
:20A5200040103046090AFEF77DFF0028D8D04FF41273A6F89C32EDE7C34B1B788B42FFF498
:20A540006DABC24B186804F0C5FD9DF80710FFF765BBBD4B1B788B42FFF4D5AABB4B18687E
:20A5600004F0B8FD9DF80710FFF7CDBAB64B1B788B42FFF459AAB54B186804F0ABFD9DF801
:20A580000710FFF751BAB04B1B788B42FFF4E9A8AE4B186804F09EFD9DF80710FFF7E1B881
:20A5A000A94B1B788B42FFF495A8A84B186804F091FD9DF80710FFF78DB8A34B1B788B42ED
:20A5C000FFF468A9A14B186804F084FD9DF80710FFF760B9A6F89C7296F87432002B3FF49D
:20A5E00008AA00213046FEF71DFF0028F2D1326F06F174018A4200F03A8286F87402521A31
:20A6000006F234700AF0C4FC4FF48071301D0AF07FFF40F29D23A6F89C32FFF7DFB98C4B28
:20A620008A481B680068032683F860600026A3F89C6204F04FFD9DF80710FFF72BB9844BA5
:20A64000032284F8602020461C60FEF7CBFE9DF80710FFF7DCB87E4B7C481B680068032464
:20A6600083F860400024A3F89C4204F033FD9DF80710FFF776B8764B74481B68006803269D
:20A6800083F860600026A3F89C6204F023FD9DF80710FFF71FB800213046FEF7C3FE0028BE
:20A6A0007FF4EEA9326F06F174018A4200F0E38186F87402521A06F234700AF069FC0123E4
:20A6C00086F838304FF40872002106F595600FF0D3FC4FF4A061301D0AF01AFF4FF46F732F
:20A6E000A6F89C32FFF7E5B9D9F800000023A6F89C32FEF777FE0121D9F800000DF1070296
:20A70000FEF72AFE9DF80710FFF790B83046EDE794F87432DFF83891B4F8A422C9F80040A3
:20A72000012BA4F85C277FF47CA80023A4F89C322646FFF7F3B994F87432DFF81491012BC2
:20A74000C9F800407FF481A894F86030092B7FF47CA80022A4F89C222646FFF769BA94F8E8
:20A760007432DFF8EC90012BC9F800407FF468A894F86030092B7FF463A80022A4F89C22E6
:20A78000A046FFF792B894F87432DFF8C490012BC9F800407FF44FA894F86030092B7FF4DC
:20A7A0004AA80022A4F89C222646FFF748B994F86030DFF89C900A2BC9F800407FF436A822
:20A7C00094F87422012A40F0F3800022A4F89C222646FEF78ABF1E4B1C481B680068032682
:20A7E00083F860600026A3F89C6204F073FC9DF80710FFF719B9164B20461C60FEF7BAFD99
:20A800009DF80710FFF708B8114B10481B680068032683F860600026A3F89C6204F05AFCCA
:20A820009DF80710FFF76FB9094B08481B680068032683F860600026A3F89C6204F04AFC62
:20A840009DF80710FFF7EAB91236002044380020BC10002094F8981294F89A224B0043F0C7
:20A860003003DBB2012A84F8783208BF43F00103B4F88C2208BF84F87832D4F894321A4492
:20A88000002940F09D800232C4F87C2284F8848204F5207C002302F07F007F2A60F07F068B
:20A8A0004FEAD2123FF634A80CF8030094F884320133DBB2042B84F884323FF634A894F862
:20A8C000983294F87812002B7FF471AA01F0F70184F87812FFF76BBAB6F88C2286F8843245
:20A8E0000432A221C6F87C2286F8781206F5207C02F07F007F2A60F07F0E4FEAD21216D862
:20A900000CF8030096F884320133DBB2042B86F884327FF66CAA002281213046FEF71CFDF5
:20A920000023A6F89C329DF80710FEF78EBF0CF803E096F884320133DBB2042B86F884324B
:20A94000D6D9E8E7B8F88C2288F8843205328221C8F87C2288F8781208F5207C02F07F0099
:20A960007F2A60F07F0E4FEAD21216D80CF8030098F884320133DBB2042B88F884327FF65E
:20A9800065AA002281214046FEF7E6FC0023A8F89C329DF80710FEF753BF0CF803E098F8CC
:20A9A00084320133DBB2042B88F88432D6D9E8E75348224604F08EFB9DF80710FEF736BF27
:20A9C0000432C4F87C2261E7304692E69DF80710FEF731BF328A102386F87832002A4ED0C1
:20A9E0000E32B6F854300BB102331A44B6F85C300BB102331A44B6F840300BB102331A44A0
:20AA0000B6F848300BB102331A44C6F87C2286F8847206F5207C002302F07F007F2A60F0CD
:20AA20007F0E4FEAD21217D80CF8030096F884320133DBB2042B86F884327FF6A4AB8121A8
:20AA400000223046FEF788FC00239DF807102D4FA6F89C32FEF7E6BE0CF803E096F884326A
:20AA60000133DBB2042B86F88432D5D9E7E7012386F87432C8E5012386F874321FE60C22C6
:20AA8000AFE79DF80710FEF7CCBE96F860301D4F092B7FF4A8A80A23397886F86030324610
:20AAA000174804F017FBFFF79EB8C4F8A082FFF741B9012386F87432FFF7B0BA012384F8CF
:20AAC0007432FFF74DB9012388F87432FFF741BB4FF40872002104F595600FF0CDFA4FF4C3
:20AAE0006473A4F89C32FEF72EBF074BE06E197804F0F0FAFFF742B9012386F8743234E4D3
:20AB00009C0100200D3600200F4300202DE9F04182B00024DDF820C0019486462AB3146897
:20AB200001270020451CA142E8B24FEAC71804F1010616D91EF80450166005F07F0413B1D0
:20AB40001E6801361E6005280BD0BCF8006004FB0764ACF800402C065FFA88F702D51468F3
:20AB6000E0E7002002B0BDE8F081144601AAD7E72DE9F04F87B000200490002B00F09080F8
:20AB80001E4691F8B0340C461746002B40F08C8091F8B134002B00F08E8094F8B634002B96
:20ABA00000F09A80B4F8B22494F8B104B2F5007F00F2AA8020F00F0300F0F001D4F8AC54B7
:20ABC000501C854239D2302BDDF810B04FF0010A4FF0000904F2BA4800F0AF80B4F8B80436
:20ABE000A6EB0B02C0F50075954228BF154600F2BA402A4607EB0B0120440FF015FAB4F8FC
:20AC0000B834D4F8AC242B449BB2AB44B3F5007F1544CDF810B0A4F8B834C4F8AC5400F0C8
:20AC2000F080B4F8B2245E4502F101037CD8AB4236D894F8B11401F0F00101F0D00304F24C
:20AC4000BA40902BC4F8BC0600F00181402900F03C81402910D9902900F0258140F2EA80FC
:20AC6000B0291AD1012384F8993204F2B44203212046FEF771FB10E0202900F0F7803029D5
:20AC80000BD1B4F8B824C4F810070023A4F81427A4F81A372046FEF719FC012384F8B034A2
:20ACA000002007B0BDE8F08F01464FF4087204F595600FF0E1F93A78D4F8AC3484F8B1241F
:20ACC000012201339642C4F8AC340492E8D094F8B634002B7FF466AF04F2B243009304AA06
:20ACE00004F2AC4331463846FFF710FF002800F00281B4F8B22494F8B1040123B2F5007FCD
:20AD000084F8B6347FF656AF00F0F001302920F00F033FF453AFD4F8AC3401321E449642A9
:20AD2000C4F8AC64BCD3B8E7AB4282D994F8B13423F00F03302B7FF451AF94F8C536002BBB
:20AD40007FF44CAF94F8C436EBB9A4F8C23617F80B300BF10102691C1B02B242A4F8C03656
:20AD6000C4F8AC1471D2BA5C84F8C4A613430BF1020B0235402BA4F8C036CDF810B0C4F844
:20AD8000AC543FF62BAFB4F8C456012D7FF426AFB4F8C226B4F8C016A6EB0B008B1A83424C
:20ADA00028BF034602F2CC6007EB0B019AB22044039302920FF038F9B4F8C2C6039BD4F89D
:20ADC000AC14029AB4F8C00663449BB2934483420A44CDF810B0C4F8AC24A4F8C2360DD144
:20ADE000E21884F8C55682F8CC96B4F8B224023AD31A9BB2A4F81837A4F81A3784F816A7DD
:20AE0000ECE6B4F81A27C4F81087A2F50072A4F81437A4F81A272046FEF758FBC4F8108752
:20AE2000A4F8B89400287FF43BAFDDF810B0D4F8AC54F6E6602902D0502B7FF42EAF002220
:20AE400084212046FEF788FA27E79346C6E694F8BA6494F8BB54402945EA062504F2BC46DD
:20AE6000A4F8B454C4F8BC663BD0F2E6022A48D194F8BB54002D4DD12B4BE18A1B6800934B
:20AE8000012384F8993204F118002346274AC901FDF772F90923294684F8603005AA20467B
:20AEA000FEF75AFAF9E6B4F8B424D4F8BC36ADF81420012184F899121B788DF8163005AAF9
:20AEC00002212046FEF748FAE7E694F8BA1494F8BB3404F2BC4243EA0123A4F8B434C4F88B
:20AEE000BC26012384F8993204F2B44205212046FEF732FAD1E6024680212046FEF72CFA4B
:20AF0000CEE6204600228021FEF726FA2046FEF769FAC2E6204604F2BB428221FEF71CFAD2
:20AF20002046FEF75FFAB8E644380020059500002DE9F8431578BDF820808DB30446164670
:20AF400089464FF4ED6200211F460FF095F8E66030460FF099F80025012320826375A4F8D3
:20AF600068306766C4F86C90A4F8A482A4F89C5284F8385029464FF4087204F595600FF04B
:20AF80007BF8094B84F874521B7833B107482146FEF734F80020BDE8F883FEF71DFBF5E731
:20AFA0008220BDE8F88300BF08360020C010002070B5044690F8600084B004289DF8205006
:20AFC00031D804F17400E3820023C4F81C17A4F83027206784F89932C5B1237D6D4643F0CB
:20AFE00002030846237529460CF00AFFC0B195E80F000E4E04F5E46585E80F0031780C48DE
:20B00000224604F067F8002004B070BD238A002BE3D06D46084629460CF0F2FE0028E6D1AE
:20B02000802004B070BD002004B070BD0C3600209C01002090F86030092B024600D0704754
:20B04000034B044819780A2382F8603004F042B80D3600209C0100202DE9F843044690F85D
:20B0600060009DF824709DF828C0092833D194F86A90B9F1000F29D1B4F8686084F89AC210
:20B0800002369846B6B2012384F86A30C4F888221046A4F86860A4F886620D460EF0F4FF10
:20B0A000089BA4F88C02C4F89082C4F8943284F8987284F8999205B12E80094B09481978AC
:20B0C000224604F007F84846BDE8F8834FF001094846BDE8F8834FF081094846BDE8F883F9
:20B0E0000F3600209C01002051B1012907D110B50C4C237843B9BDE8104007F0CBBA70474E
:20B10000084B01221A707047074A0849084803F0B3FE084804F01CF800232370BDE81040DF
:20B1200007F0B8BA1536002010AB0100D0A60100D8A601001CAB0100F0B50F4C0F4D104E07
:20B1400023782860002785B00A4637704BB14FF48063014600930B480B4BFFF7E9FE05B042
:20B16000F0BD039103F024FF084B039A01461970012328682370EAE714360020C410002042
:20B1800015360020C8100020E9B000001043002010B50C4C0C4A0D490D4882B003F06CFE93
:20B1A000214640F25B720B4803F066FE012300932146B42340F25B720748FFF7F9FE02B09D
:20B1C00010BD00BF30AB010010AB010044A70100D8A6010038AB0100C8100020034B1B7823
:20B1E00003B970470248FFF725BF00BF15360020C8100020014B1878704700BF15360020D9
:20B200000C4B1B78A3B170B50C4684B071B1054660B108460EF038FF012600210090CDE9B6
:20B220000161054823462A46FFF716FF04B070BD704700BF15360020C810002038B50D4B7C
:20B240000D4D1C68002818BF05463CB1211D2846FDF7CCFE28B92468002CF7D14FF0FF30A0
:20B2600038BD064A064B9068241AA01003FB00F038BD00BF60180020D8AA0100AC010020C8
:20B28000ABAAAAAA2DE9F84F224CDFF89CA0DFF88C90214F0546884604F1200B54F8043FFC
:20B2A000BBB19E68AEB1A5B1D9F80820AA1A91100C3207FB01F10CD05A68D86802FB0100FB
:20B2C00038B11AF801201B6842FA03F3DB0700D5B0475C45E2D1D5B1104B0F4A9B68EB1A59
:20B2E0009B1002FB03F30E490E480022CA5429460AF80320FDF7CEFEB8F1000F01D1BDE840
:20B30000F88F29460548BDE8F84FFDF7EDBF4FF0FF33E8E72C180020ABAAAAAAAC01002044
:20B3200050180020601800203819002038B10368072B04D80C4A52F82330984210D00B4A18
:20B340001368072B0AD830B4074C03605D1C8160156044F82300012030BC704700207047FB
:20B3600081600120704700BF3018002034190020F0B5164B164D9C68164E20B301B3C768F9
:20B38000D0F804C0C91B91FBFCF101EB4102013119D014EB820314D054F82230A3EB040ED4
:20B3A0004FEAAE0205FB02F20CFB02714BB11EF10C0F08D021B1B35C02681341DB07DCD506
:20B3C0000B461846F0BD00231846F0BDAC010020ABAAAAAA38190020124B1968F9B1124B17
:20B3E0009B68C91AD0B111F10C0F17D010B40F4B4468C268891003FB01F304FB032149B146
:20B400000B4C0268E35C1341DB0703D508465DF8044B70475DF8044BFFF7AABF0021FFF75B
:20B42000A7BF00BF60180020AC010020ABAAAAAA3819002010B504460846FFF7FFFE84B1E3
:20B44000431C02460DD06368E06803FB020038B1054B21689B5C0B4113F0010F08BF002056
:20B4600010BD002010BD00BF381900202DE9F84316460D46FFF7DEFF28B10024012006B13A
:20B480003460BDE8F88304462846FFF7D7FE0130F3D11448FDF752FF0028EED1124B1D6816
:20B4A000F5B1DFF84C90DFF83C80104F06E02046291D05F011FB04462D686DB1D8F80830A9
:20B4C000EB1A9B1007FB03F319F80330002BF3D1002CECD12C1DEFE7201E18BF0120CEE79E
:20B4E0002046CCE7AC01002060180020ABAAAAAA501800202DE9F04182B060B32F4B0C4645
:20B50000002908BF1C46214601AA0546FFF7AEFF08B32046FFF792FE461C21D06A68EC68B9
:20B5200000FB0244002120460EF0A6FDEB686A68E31A93FBF2F35A1C06D021492D68C85C9E
:20B540000122AA400243CA54204602B0BDE8F081B8F1000F1DD10024204602B0BDE8F08155
:20B56000184FDDF804803846FDF7A2FE06460028EED015483146FDF741FDBB682146301DEA
:20B58000F41AFDF72DFD14F10C0F12D16A680024C8E74046FFF752FE411CDCD0BB6800EBF4
:20B5A000400013EB8006D6D000213046FFF76AFEDFE7064BA01003FB00F0AFE7D8AA01005E
:20B5C00038190020AC01002060180020ABAAAAAA18B319B3C3684268CB1A93FBF2F35A1CB2
:20B5E0001CD070B40F4E0568F45C012202FA05F524EA0504F454C3684468CB1A93FBF4F378
:20B60000591C0DD0084C0068E15C02FA00F021EA0001E154104670BC7047704700207047EB
:20B620001046F8E7381900205018002098B199B1C2684368891A91FBF3F14B1C0CD010B45A
:20B64000064A0368545C012000FA03F3234353545DF8044B704770470020704750180020F0
:20B66000A0B1A1B1C2684368891A91FBF3F14B1C0DD010B4074C0268635C012000FA02F2AC
:20B6800023EA020363545DF8044B704770470020704700BF5018002088B179B1C36840687B
:20B6A000C91A91FBF0F14B1C08D0054B986801EB410110EB810002D004307047002070476D
:20B6C000AC01002070B50B4B1C685CB105460E46012D09D01DB963680BB1984718B9246852
:20B6E000002CF5D1002070BDA3683046002BF6D09847F3E748190020064B074A0121196022
:20B70000D2F8503513F0FF03FAD1C2F8FC3F0120704700BF1010004000100040A1B119283B
:20B7200010D8DFE800F00D770F0F6E65605B453F0F3A0F0F0F36322E2A0F26221E1A1713C7
:20B740000020704701207047022070477D230B600020704700200860704710230B60002082
:20B7600070470A230B600020704720230B600020704703230B600020704708230B60002000
:20B780007047D8230B60002070471A230B60002070470B230B6000207047244B1B780B6059
:20B7A00000207047224B93F900300B6000207047204B214A012082B018601368002BFCD034
:20B7C0000020106012681D4B0192019AD3F8483503F07F035B420B6002B07047184B5B7964
:20B7E0000B6000207047164B5B780B6000207047134BDB7800200860002BA1D001230B602D
:20B8000070470F4B1B7800200860002B98D004230B607047094B0B4AD3F80835A2FB0323AC
:20B820009B080A33DBB20B60002070471636002017360020141000401C110040001000405F
:20B84000C8010020CDCCCCCC0120704770B582B0FDF710FABFF35F8F1C4B1B78ABB11C4B44
:20B860001C4902224FF0FF34C1F80843C3F88021C3F88020BFF34F8FBFF36F8FBFF35F8F32
:20B8800002B0BDE87040FDF7F9B9134903F0FF020A600968114B019101991A601A680D49F6
:20B8A0000B4B00924FF0FF3502224FF44054009EC1F80853C3F88021C1F804431A60BFF3F8
:20B8C0005F8F02B0BDE87040FDF7D8B9C801002000E100E0001000403011004034110040EE
:20B8E000144BD3F8FC0F28B1D3F85035DBB2032B01D000207047104B1B7803F0FF0073B183
:20B900000E4B1B78053B7A2BF3D80D4B1B68002BEFD10C4B1868B0FA80F040097047074A83
:20B920001378053B7A2BE5D892F8800080F00100704700BF00100040C80100204C1900202B
:20B9400030110040341100400D2801D001207047042A05D121B1034B1B680B60002070471A
:20B9600002207047D019002070B51B4CD4F85055EDB2032D82B028D0184B1948194AC4F80C
:20B9800004051949C3F8102501264FF00062C3F81415C3F80465C3F80425FFF757FFD4F880
:20B9A000003243F01003C4F80032D4F80032022D43F40023C4F8003209D00C4B0C4A002105
:20B9C00019601B680193019B166002B070BD094B1E6002B070BD00BF0010004000F00140F5
:20B9E0004C190020381100404C80004058110040041000400810004070B5304D304C314A3F
:20BA000000232B6084B02D680095009D236024680194019C1360146802942B4D029C42F867
:20BA2000043C2C7852F8043C0393631F7A2B039A02D8023CA1420ADA8122002122480EF033
:20BA40001BFBFFF791FF0024204604B070BD2246691C0EF0E9FA2B191C4E5B781C4A3F2BC0
:20BA60009ABF9B00DBB2FF233370D2F84835194A03F07F035B425BB299B20420137003F0D2
:20BA80008BF93178032003F087F9134B2A7813491A74D1F84C055860D1F8481599605200B6
:20BAA000DA605D68084881220021023D1D600EF0E3FAFFF759FF204604B070BD38110040BE
:20BAC0000C110040341100404C190020163600200010004017360020D0190020008000400D
:20BAE00010B5038804461BB340F2D332934224D1822901D0012010BD124A1378053B7A2BA7
:20BB000016D8114B1B6813B992F8803083B10CF0C3FB03F0D3F803F089F88021FFF76CFF30
:20BB2000002805DD80B203F07BF8084BDB68984740F2D3332380012010BD0023038003205C
:20BB400010BD00BF4C1900203011004094AA01007D2910B50C4609D801460A48A31C00F826
:20BB6000013B22460EF060FA002010BD064A0749074803F081F921467D22064803F07CF9C4
:20BB8000012010BDE419002060AB010070AB0100D8A6010074AB010070B4164B1649174C8C
:20BBA0000F22C3F810258A780A3A02EB8202C3F808250879CD798A794979120642EA0522CE
:20BBC000024342EA0142C3F86C2640F2022600250B48C3F834657F2140F20122C3F8384511
:20BBE000C3F83C55C3F81405C3F81815C3F8502670BC704700100040C801002021100100BE
:20BC00000800000608B5084BD3F8FC2F1AB1FFF7ABFE012008BD0122C3F8FC2FFFF7BCFF06
:20BC2000FFF7A2FE012008BD0010004030B585B0FFF7E8FF104A11491148124C0023136040
:20BC400015680395039D0B600D680295029D03600368019301230198236001E00B6813B957
:20BC60001368002BFAD0044A044B10681B68B0FA80F0400905B030BD481100404411004089
:20BC80004C1100402C10004010B5072867D8DFE800F01A2A666648525A04364A3648C9B220
:20BCA0005171D0F8FC3F5BB11179D479937952791B0643EA04230B4343EA0243C0F86C3676
:20BCC0000024204610BD01294FD000294AD12B4A294B01211160D3F8504514F0FF04FAD1D2
:20BCE000C3F8FC4FEDE7A1F10B030F2B3AD8214A214BC8B29070D3F8FC2F002AE0D01F4AF4
:20BD000001201060D3F8504514F0FF04FAD10A3901EB8101C3F8FC4FC3F80815FFF772FF6A
:20BD2000CFE731F007041DD1124BC1F380011970FFF78CFDC5E731F0010413D10D4BC9B210
:20BD4000D970204610BD0B4A0B4BC9B25170D3F8FC2F002AB4D0C3F80C150024B1E701241F
:20BD6000204610BD0224204610BDFFF74BFF0024A7E700BFC80100200010004010100040ED
:20BD800010B57D2884B04BD82C4CFFF73BFFE378002B3FD163782A4A2A49DBB20120C2F87A
:20BDA0000C350860D2F85035DBB2022BFAD12649264BC2F8043500230B600868019001980B
:20BDC0000B66086E029002988B648B6C0393039BD2F8003223F01003C2F80032D2F800322C
:20BDE000012143F48023C2F80032116005F06AFC6FF002031C1A05F065FCE042FBD4104A54
:20BE0000D2F85035DBB20B2BFAD0FFF7ADFD002004B010BDFFF70AFF0028BBD10220F7E752
:20BE20000B4A0C4904460C4803F026F821460B4803F022F8012004B010BD00BFC801002098
:20BE4000001000400C1000400C110040E419002060AB010070AB0100D8A6010090AB0100D9
:20BE600010B50C46FFF774FE2046BDE81040FFF787BF00BF10B51A491A481B4A1B4C002374
:20BE80000B6003704B6023708B6082B0CB600B741360136800934FF0804301210098196009
:20BEA0001368002BFCD0002414601368019321460F48019B03F084F8214681220D480EF043
:20BEC000DBF80D4B0122C3F8FC2FFFF765FE0B4A1378DBB21370FFF7B9FC204602B010BD55
:20BEE000D0190020163600200001004017360020B80100204C19002000100040C801002088
:20BF0000074A1378053B7A2B07D8064B1B6813B992F880007047012070470020704700BFB2
:20BF20004C19002030110040154B1B7803B1704700B503F0FF02134B196883B029B9124BA3
:20BF40001A6882B903B05DF804FB1A601B6800930E480F4B009A012283F8802003B05DF8FD
:20BF600004EB03F0E5B819601B68019381220848019B0EF081F803B05DF804EBFFF7F4BC0F
:20BF8000C80100203011004034110040B80100204C19002010B40346002253E8000F00EAF1
:20BFA000020143E8001494F0000FF6D15DF8044B704700BF10B568B90E4CA368012262708B
:20BFC0003BB1D3E900230020A2609847A368002BF7D110BD0128FCD1064C2369A070002BBB
:20BFE000F7D0D3E900230120226198472369002BF7D110BD641A002010B50B4C237882B045
:20C0000013B1852002B010BD08486360A3602361E36000F0B5F8019000F0BEF801980123CA
:20C02000237002B010BD00BF641A0020B5BF000038B5154DAB78044673B110B143680120B0
:20C0400098470020F9F78EFBEB680133EB600020BDE83840F9F78EBB03F0FF00F9F782FBC1
:20C0600064B12A6942B1944208D0134601E09C4204D01B68002BFAD122602C61EB68002B85
:20C08000E2D100F09FF8DFE7641A002038B5154D6B78044673B110B14368002098470020D7
:20C0A000F9F760FB6B6801336B600020BDE83840F9F760BB03F0FF00F9F754FB64B1AA68C3
:20C0C00042B1944208D0134601E09C4204D01B68002BFAD12260AC606B68002BE2D100F02B
:20C0E00089F8DFE7641A002038B50B4C0020F9F739FB6368013B6360656825B1BDE8384049
:20C100000020F9F737BB00F087F865700020BDE83840F9F72FBB00BF641A002010B5074C4D
:20C1200023784BB9064B002808BF184600F044FB08B90123237010BD852010BD183600206E
:20C14000FCAB010000B583B0019000F069FB00F06FFB019800F056FB00F05AFB002003B01E
:20C160005DF804FB10B4034653E8000F00EA010243E8002494F0000FF6D15DF8044B704723
:20C18000044A137923B90121106091801846704785207047781A0020084B1A68D20704D49D
:20C1A000C02283F8002301221A60054A4FF080410123C1F818351370704700BF00E100E02F
:20C1C0001143002010B4094B094A0021196083B01B680193019C4FF0804102200123C1F800
:20C1E0000403136003B05DF8044B70470401004008000040074B00221A6082B01B680193F3
:20C2000001994FF080430122C3F804231A6002B0704700BF00010040074B01221A604FF06C
:20C220008042D2F80C3403F00113B3F1011FF8D0024B00225A71704704000040781A0020B8
:20C2400010B5174B1A6882B062B10021154A19601B68507900934FF080410123009CC1F89F
:20C26000083398B1104B1A68BAB100221A601B6801934FF0804202210A4B0198C2F8081358
:20C280001B68012002B0BDE810401847116853718847054B1A68002AE7D102B010BD00BFF6
:20C2A00000010040781A00200401004030B41F4C94F86A3082B0002B33D104F12F032046E3
:20C2C00004F15F01FF2203F8012F8B42FBD14FF0FF3222600123072B88BFE11803F10103A4
:20C2E00040F8042F88BF81F858200C2BF3D11049104B0020C0228880606683F80623402216
:20C300001A600D4B0D4A18601B680193019D01214FF0004384F86A10C2F8043302B030BC9E
:20C320007047082002B030BC704700BF801A0020E41A002000E100E07C61004000600040B4
:20C34000034B93F86A00003818BF0120704700BF801A0020F0B4454F3B1893F93030002B98
:20C360005DDA91F802C0CCF3400CBCF1000F0CBF0823002307EB8304A4F104040CBF0C2648
:20C38000082602E001339E424CD954F8045F0135F8D13C1847F8232084F83030BCF1000F38
:20C3A0004FD08A7854071AD4D5074ED41F284C7887BF2F4D00F01F0202464FF0A04502F5D4
:20C3C000E072A40045F822402A4DC40800F0070C2E5D012202FA0CF232432A558A7812F0E2
:20C3E000020222D09B0003F1804303F5C0430978D3F8104524F44F3424F44074C3F81045E2
:20C4000002020904D3F8100501F4403102F47C520A430243C3F810250020F0BC70470820D4
:20C42000F0BC70470420F0BC7047083B1F44097897F8603043EA811387F860301046F0BCFA
:20C440007047FA1882F85800ABE71F2887BF084A00F01F0404464FF0A04202EB8402D2F815
:20C46000004724F00204C2F80047ADE7801A002000030050E41A002070B4324C251883B089
:20C4800095F93030072B22DD234493F858309B09032B46D0012B0CBF4FF400324FF44032FA
:20C4A0001F288ABF284B4FF0A04300F01F0003EB8000D0F8003723F44033C0F80037D0F89A
:20C4C00000371A43C0F8002703B070BC7047DAB2072AF9D8980000F1804000F5C04003F193
:20C4E00040029200D0F8106592B202F1804202F5C04246F00106C0F81065002010601268C5
:20C500000192019A0029DFD095F9302054F82220002AD9D00D49012202FA03F3C1F804337B
:20C52000D2E71F288ABF084A4FF0A04200F01F03D2F8102598BF0346DA4002F0010202324B
:20C540001204ADE7801A00200003005000600040194B034493F93030072B13DD1F288ABF3B
:20C56000164B4FF0A04300F01F0003EB8000D0F8003723F44033C0F80037D0F80037C0F88C
:20C5800000377047DAB2072A14D810B49A0002F1804202F5C0420A4CD2F81005012120F091
:20C5A000010001FA03F3C2F81005C4F808335DF8044B7047704700BF801A002000030050E5
:20C5C000006000402DE9F04F002289B0CDE9022216461546704B714C7148012204E004330B
:20C5E00083424FEA420211D019680129F7D1D4F804131142F3D01D60196800910433834221
:20C6000046EA020600994FEA4202EDD1654B1A68012A07D016F0FF0F17D1002E32DB09B0EA
:20C62000BDE8F08F00221A601B6801934FF0A042019BD2F810255C4B0292D3F81035039386
:20C6400016F0FF0F1ED046F00046584F01250024A30003F180432E4203F5C0434FEA450523
:20C660000BD0D3F8100557F82420D3F81015C0F30520C1F3014102B190470134082CE7D103
:20C68000002ECCDA4FF0FF33494D0DF1100ACDE906330022CAF804200492A5F16408454C87
:20C6A0000027012614F9010B431C32D0C0F3C20E08AB03EB0E0C00F007031CF8081C06FA42
:20C6C00003F31942C2B200F03F0022D008EB0009910999F9309058F82990B9F1000F4CD0AE
:20C6E00003294CD01F288BBFDFF8BCE04FF0A04E02F01F0202460EEB82021CF818ECD2F807
:20C7000000C71EEA030FCCF3014C1BD1BCF1030F3CD0A542C6D1002F81D04FF0A0430299BA
:20C72000D3F81035204A9942D2F8102503D1039991423FF474AFDDE90401CDE90232CDE9A1
:20C740000601ACE7BCF1020FE3D1032904D0B9F1000FDED0C847DCE74FF4403CD2F80037D4
:20C7600023F44033C2F80037D2F8003701374CEA0303FFB2C2F80037E9E70329C9D11AF87F
:20C780000EB04BEA030B0AF80EB0ABE70329DED14FF4003CE2E700BF006100400060004023
:20C7A000206100407C61004000030050801A0020E41A0020E01A0020104A1378DBB910B419
:20C7C00003780F494FF08044C3F34003C4F88035037803F00103C4F878350B68DB0704D411
:20C7E000C02381F8003301230B600123137000205DF8044B70478520704700BF1243002069
:20C8000000E100E0014B02681A607047F41A00204FF080434FF46072C3F80423704700BFD3
:20C820004FF080434FF46072C3F80823704700BF014B00221A607047F41A002010B54FF0B4
:20C84000804386B0D3F80443620705D5D3F8082103F58473002A4ED1A30603D52A4B1A68E6
:20C86000002A3FD1600603D5284B1A68002A2FD1210602D5264B1A680ABBE20502D5254B3D
:20C880001A6892B9A3050ED5234B1A685AB100221A601A68214B0592059A1B68022006B02A
:20C8A000BDE81040184706B010BD00221A601B4A1B68049301201368049A9847E2E7002084
:20C8C0001860164A1B6803931368039A9847D4E700221A60124A1B68029301201368029A6D
:20C8E0009847C5E7002018600D4A1B6801931368019A9847B6E700221A600A4A1B6800930F
:20C900001368009A9847A7E714010040180100401C0100402001004024010040F41A002096
:20C92000F01A0020EC1A002008B5FFF787FFBDE80840FFF785BC00BF074B0849084A002076
:20C94000186082B01B680193019BD1F808051368C0B202B0184700BF00D1004000D00040C6
:20C96000F81A002070B443791E4C1F4E03EB430546F82320655D8DBB90F904308A78002B23
:20C9800024DB03F1604303F561435201D2B283F8002390F90430002B07DB144D03F01F06AD
:20C9A00001225B09B24045F8232003680A88C3F8082543790879C97803EB4303E2180125C7
:20C9C00050709170E554002070BC7047084D03F00F0352011D44D2B22A76DAE7082070BC13
:20C9E000704700BFFC1A0020001B002000E100E0FCEC00E00368044A01211960437903EBC9
:20CA000043030221D1547047FC1A002010B403680022C3F8002183B0D3F800310268019341
:20CA20000123019CC2F8443311B10268C2F8043303B05DF8044B70472DE9F041274F284EA6
:20CA4000DFF8A08084B000244FF48035D7F804332B4211D056F824200023E0B262B1C7F822
:20CA60004853C7F8085346F8243056F824300393D8F80030039A98470134032C4FEA4505D4
:20CA8000E4D1164BD3F80423D10702D5D3F80021C2B9124BD3F80423920710D5D3F80421BB
:20CAA0006AB10022C3F80421D3F804210D4B0192019A1B68052004B0BDE8F041184704B09E
:20CAC000BDE8F0810022C3F80021064AD3F80031029304201368029A9847DAE700B0004096
:20CAE00040B10040001B0020084B09491B68094AA1FB03139B0C916800FB03F09368CB1A2F
:20CB000023F07F438342F9D3704700BFC802002083DE1B4310E000E030B44C689C4208D270
:20CB2000002545600968016093420CD0002030BC704743600D6805600868E41A18449342C9
:20CB4000C1E90004F2D1201E18BF012030BC704710B4D1E900439A4228BF1A46C0E90042BC
:20CB6000D1E90030801A1344C1E90030003818BF01205DF8044B70474B689A4228BF1A469F
:20CB800062B10B68C0E90032D1E90030801A1344C1E90030101E18BF012070471346F1E771
:20CBA00010B5094B09491A68094C82B0002301208DF804008DF80730ADF8053001A8237062
:20CBC0000B70904702B010BD2C1C00201C36002019360020704700BF00B583B00D4B0E492E
:20CBE00000228DF80420D3F82025ADF80620D3F8C0040A4A0968136800280CBF4FF480709A
:20CC00004FF00120034301A81360884703B05DF804FB00BF007002402C1C0020081B002060
:20CC2000F8B54B680B4F934228BF13461D460C4606461A46096838460DF0F6F9C6E90075C5
:20CC4000D4E90030401B2B44C4E90030003818BF0120F8BD341C002070B54B68934228BF57
:20CC600013460D461C4606465BB933607460D5E90032121B2344C5E90032201E18BF012045
:20CC800070BD044B0968184622460DF0CDF93060ECE700BF341C002010B5274BD3F8004446
:20CCA000C3F8004482B0BFF36F8FBFF34F8FBFF36F8FBFF34F8FE1050ED5204B20491A68A4
:20CCC000022000238DF80730ADF805308DF80400012301A80B709047A2050DD5174B184985
:20CCE0001A68032000238DF804008DF80730ADF8053001A80B70904763051AD5104B1A780E
:20CD0000BAB10D4C0F48012100221A70C4F808150160BFF36F8FBFF34F8F084BADF8052093
:20CD200004211B688DF807208DF804100DEB0100984702B010BD00BF007002402C1C0020D6
:20CD4000193600205870024070B5394A0126136806FA01F423431360030682B0054610D4D8
:20CD6000344B1B681C420AD1334B8DF8060006221B688DF807608DF8042001A8984702B0F5
:20CD800070BD2E4B00F00F0133F8113003F1804303F51C331A68DAB100221A60BFF36F8F2A
:20CDA000BFF34F8F264B80281B6822D0082B08BF244B254808BF1A60244B03EB01120026A8
:20CDC000927B0670032A4FEA011029D01B583BB3184B19682140D2D1174B8DF806500622B2
:20CDE0001B688DF807108DF8042001A8984702B070BD082B08BF134B134908BF1A60144BB0
:20CE000093F89E200020032A087003D0D3F89030002BDDD16FF001010648FFF7A3F9D7E7CE
:20CE2000012303FA01F1C9430248FFF79BF9CFE7081B0020041B00202C1C00200CAC0100A6
:20CE4000300100101C7C02401A3600209C1B00200C1B0020064B93F900201878002AB4BFFF
:20CE60000021102100F00F031944FFF76DBF00BF1C3600202DE9F04FDFF8F4A2DFF8F8829B
:20CE8000DAF80040D8F80030234089B000F0C68013F0012400F0C58094FAA4F4002C00F00F
:20CEA000C580B4FA84F70F2F3D461BD8DFF8CCA24FEA071B0AEB07165AF80B30B2897168FD
:20CEC00006A8984767F07F09012302974FFA89F903FA07F708B94AF80B006FEA070B05F0F5
:20CEE00008072CE0A7F11003974A4FF0010BDDB20BFA07FB4FFA83F913F008032C4602EB78
:20CF000005166FEA0B0B019340F0988003950022019205F594738D4A52F82330B2897168D5
:20CF20003768029306A8B847069A22B1079A029B934200F2DB80019F029400B93060844BEF
:20CF40001B68082B02D1834B82221A60D8F80020B368079902EA0B020B44C8F800207E4AC1
:20CF6000B360B9F1000F4FF001031370069A73DB002F00F08580754BC3F8A027C3F8A41755
:20CF8000734B1B68082B4FEA850540F08A80734B1B68002B40F08580B9F1000FB4BF04232C
:20CFA00028231D446E4A6F49029B6F4EDFF8D081EDB2B4BF9146894605F1804509EB430920
:20CFC00005F51C35002701243760BFF36F8FBFF34F8F2C60BFF36F8FBFF34F8F0220FFF7FF
:20CFE00083FD3368002BEFD01E20FFF77DFDD8F800309A0606D40220FFF776FDD8F8003079
:20D000009B06F8D50120FFF76FFDB9F8003003F1804303F51C331B68002BD4D009B0BDE890
:20D02000F08F93FAA3F4002C7FF43BAF1023464E039399464FF0FF3B254668E7434BD3F8FC
:20D04000C034D9037DD5B28971683468019F029506A80023A04770E7002F61D105EB8503DF
:20D060009B0003F1804303F51C33AD00C3F80026C3F80416364B1B68082B5CD0042311E039
:20D0800005EB85039B0003F1804303F51C33AD00C3F80027C3F804172D4B1B68082B3FF4B9
:20D0A00076AF28232B44DBB203F1804303F51C3301221A60BFF36F8FBFF34F8F284B294A43
:20D0C0002A4913EA290938BF9146029B39F8132002F1804202F51C3202E00B68002B9DD1F7
:20D0E0001368002BF9D009B0BDE8F08F02245946B4731F48FFF736F81E4B03991B688DF860
:20D10000174006228DF816108DF8142005A89847DAF80030D8F8004023407FF4B9AE7DE7ED
:20D120000A4BC3F8A026C3F8A416094B1B68082B4FEA8505A2D1094B1B68002B3FF42CAF54
:20D140009CE70395EAE600BF0C1B002000700240300100101C7C02401A360020340100105C
:20D160000CAC01002CAC01000471024000710240041B00202C1C0020081B00209C1B0020F2
:20D180007474024038B5214BD3F86C44C3F86C44BFF36F8FBFF34F8F1D4B1B68082B28D0D0
:20D1A0009CB1012594FAA4F3B3FA83F21146D3B10F2AA2F1100005FA02F30DDDC0B224EAA0
:20D1C0000304FFF7C1FD002CECD1124B1B787BB9BDE83840FFF74EBE05FA02F224EA020461
:20D1E00041F08000EDE720211020FFF7ADFDD9E738BD094B1B68002BD2D1084A136803F07F
:20D20000011123F0011311601C43C9E700700240300100101A36002034010010301C002041
:20D2200010B5184B1B68082B82B002D1164B00221A60164B164C93F87E200021032A217043
:20D2400005D01B6F6BB1FFF715FE02B010BD11486FF40001FEF786FF2378002BF3D002B059
:20D2600010BD6FF400010B48FEF77CFF0A4B062107221B688DF80410ADF8062001A89847A6
:20D28000EAE700BF300100101C7C02400C1B00201A360020041B00202C1C0020134B1B68A4
:20D2A000082B02D1124B00221A60124B124993F88E200020032A087002D0D3F8803003B1B8
:20D2C000704700B56FF0807183B00C48FEF74AFF0B4B062108221B688DF80410ADF806203F
:20D2E00001A8984703B05DF804FB00BF300100101C7C02400C1B00201A360020041B0020CF
:20D300002C1C002000B5184B1B68082B83B002D1164B00221A60164B164993F81E2100202A
:20D32000032A087005D0D3F8103153B103B05DF804FB6FF480711048FEF714FF03B05DF8A0
:20D3400004FB6FF480710C48FEF70CFF0B4B062188221B688DF80410ADF8062001A8984790
:20D3600003B05DF804FB00BF300100101C7C02400C1B00201A360020041B00202C1C00206E
:20D380000B4B1B68082B02D10A4B00221A600A4B0A4993F89E200020032A087003D0D3F869
:20D3A000903003B1704706486FF00101FEF7DABE300100101C7C02400C1B00201A36002034
:20D3C000041B00200B4B1B68082B02D10A4B00221A600A4B0A4993F80E210020032A087017
:20D3E00003D0D3F8003103B1704706486FF08001FEF7B8BE300100101C7C02400C1B0020F8
:20D400001A360020041B00200B4B1B68082B02D10A4B00221A600A4B0A4993F8EE2000202C
:20D42000032A087003D0D3F8E03003B1704706486FF02001FEF796BE300100101C7C0240FC
:20D440000C1B00201A360020041B00200B4B1B68082B02D10A4B00221A600A4B0A4993F8D3
:20D46000FE200020032A087003D0D3F8F03003B1704706486FF04001FEF774BE300100104A
:20D480001C7C02400C1B00201A360020041B00200B4B1B68082B02D10A4B00221A600A4B97
:20D4A0000A4993F8AE200020032A087003D0D3F8A03003B1704706486FF00201FEF752BE6D
:20D4C000300100101C7C02400C1B00201A360020041B00200B4B1B68082B02D10A4B0022E5
:20D4E0001A600A4B0A4993F8BE200020032A087003D0D3F8B03003B1704706486FF0040141
:20D50000FEF730BE300100101C7C02400C1B00201A360020041B00200B4B1B68082B02D138
:20D520000A4B00221A600A4B0A4993F8CE200020032A087003D0D3F8C03003B170470648CD
:20D540006FF00801FEF70EBE300100101C7C02400C1B00201A360020041B00200B4B1B68B8
:20D56000082B02D10A4B00221A600A4B0A4993F8DE200020032A087003D0D3F8D03003B16C
:20D58000704706486FF01001FEF7ECBD300100101C7C02400C1B00201A360020041B002067
:20D5A00010B5184B1B68082B82B002D1164B00221A60164B164C93F82E200021032A217010
:20D5C00005D01B6A6BB1FFF755FC02B010BD11486FF48021FEF7C6FD2378002BF3D002B0BF
:20D5E00010BD6FF480210B48FEF7BCFD0A4B062102221B688DF80410ADF8062001A898474A
:20D60000EAE700BF300100101C7C02400C1B00201A360020041B00202C1C002010B5184BD9
:20D620001B68082B82B002D1164B00221A60164B164C93F83E200021032A217005D01B6B4C
:20D640006BB1FFF717FC02B010BD11486FF40021FEF788FD2378002BF3D002B010BD6FF464
:20D6600000210B48FEF77EFD0A4B062103221B688DF80410ADF8062001A89847EAE700BF26
:20D68000300100101C7C02400C1B00201A360020041B00202C1C002010B5174B1B68082B34
:20D6A00082B002D1154B00221A60154B154C9A7F0021032A217005D01B696BB1FFF7DAFB70
:20D6C00002B010BD10486FF40031FEF74BFD2378002BF3D002B010BD6FF400310A48FEF7BF
:20D6E00041FD0A4B062101221B688DF80410ADF8062001A89847EAE7300100101C7C0240F2
:20D700000C1B00201A360020041B00202C1C002010B5184B1B68082B82B002D1164B002245
:20D720001A60164B164C93F84E200021032A217005D01B6C6BB1FFF79DFB02B010BD1148F6
:20D740006FF48011FEF70EFD2378002BF3D002B010BD6FF480110B48FEF704FD0A4B042215
:20D7600006211B688DF80410ADF806200DEB02009847E9E7300100101C7C02400C1B002090
:20D780001A360020041B00202C1C002010B5184B1B68082B82B002D1164B00221A60164B31
:20D7A000164C93F85E200021032A217005D01B6D6BB1FFF75FFB02B010BD11486FF400110A
:20D7C000FEF7D0FC2378002BF3D002B010BD6FF400110B48FEF7C6FC0A4B062105221B68DC
:20D7E0008DF80410ADF8062001A89847EAE700BF300100101C7C02400C1B00201A360020DB
:20D80000041B00202C1C002010B5174B1B68082B82B002D1154B00221A60154B154C93F837
:20D820006E200021032A217005D01B6E6BB1FFF721FB02B010BD10486FF48001FEF792FCB1
:20D840002378002BF3D002B010BD6FF480010A48FEF788FC094A062312688DF80430ADF8BD
:20D86000063001A89047EBE7300100101C7C02400C1B00201A360020041B00202C1C0020A7
:20D880001D490B78002B34D130B41C4C1C4A206001240C701046194640251C4607E011F038
:20D8A000080F00F1100014BF4FF4007540250131C9B20929A0F89C5080F89E40C0F890401F
:20D8C000C0F89840EBD14020002107E013F0080F02F1100214BF4FF4007040200133DBB2CE
:20D8E000092B9081917311609160EFD1002030BC70470820704700BF1B3600202C1C002083
:20D900000C1B00200249034A00230B60137070472C1C00201B36002038B5604B4FF400624A
:20D92000C3F80024BFF36F8FBFF34F8F5C4B1B68082B62D00D2B11D10020F7F713FF594B5B
:20D940001A68002A00F08780574B03221A600020F7F710FF524B1B68082B52D04F4A012394
:20D96000C2F80035BFF36F8FBFF34F8FD2F800341B05FBD54FF40063C2F80034BFF36F8F46
:20D98000BFF34F8F464B1B68082B48D0434A474D474843498024C2F81C45002340F2FF1435
:20D9A000C2F830352B6004600A68424D424C4349082A08BF424A4FF0020008BF136000231B
:20D9C000374A2B70237008701368082B10D00D2B12D10020F7F7C6FE324B1A68002A42D06A
:20D9E000314B00221A60BDE838400020F7F7C2BE344B1B68002BECD138BD324B1B68002B5A
:20DA00009AD10020F7F7AEFE264B1A68002A3CD02D4BC0221A600020F7F7ACFE9EE7002087
:20DA2000F7F7A0FE1F4B1A6842B3274B00221A600020F7F79FFE1A4B1B68082BA6D12349C2
:20DA4000234B40F2E370402208601A60BFF36F8FBFF34F8F9AE7144949F2753203201A60F2
:20DA600008601A6073E7104849F27531196002601960BDE838400020F7F77CBE124849F2E3
:20DA80007531196002601960D2E70F4949F27532C0201A6008601A60BDE700BF0070024048
:20DAA0003001001000EC064014ED0640041B0020081B00201A3600201C3600201B360020D7
:20DAC0001C7C02403401001014EC06400078024004780240114B00221A7028B9104B1B68A2
:20DAE000082B13D00F4900E00F49104B104AC3F80413C02182F82713802151600122C3F834
:20DB00000425BFF36F8FBFF34F8F7047094B06491A68044B002A18BF1946E6E719360020D5
:20DB2000300100100714C0010714E0010070024000E100E034010010024B1878003818BF28
:20DB4000012070471B360020034B1878012894BF00200120704700BF1B36002010B5002015
:20DB6000F7F700FE144B1B7803F0FF0453B1134AD2F82C355BB1124B1B680021082BC2F84B
:20DB80002C150AD00020F7F7F5FD204610BD1C460020F7F7EFFD204610BD0A4B1A683AB9DE
:20DBA000094949F27532C0201A6008601A60E9E7054BC0221A60E5E719360020007002408C
:20DBC0003001001000EC064014EC0640024B034AC3F80823704700BF00700240041480014B
:20DBE000024B034AC3F80423704700BF0070024004148001014B00221A70704719360020CA
:20DC0000064B10F0800FA3F1900200F00F0008BF134603EB00139889704700BF9C1B002070
:20DC2000064A010600F00F034CBFD2F81005D2F81405D84000F00100704700BF007002408D
:20DC40002DE9F0414FFA80F8B8F1000F00F00F0504464FF00000B4BF074610270E46F7F73E
:20DC600081FD55B9324B1B78A34206D010240020F7F780FD2046BDE8F0812E4BDFF8DCC026
:20DC80001C68DCF80030E4432F440122A4B202FA07F71C433C4025D1B8F1000F29DB264AF2
:20DCA0002649DFF8BC80280105EB450E42F8008001EB8E0E02EB051896E80700204D1F43D6
:20DCC000802600238EE80700C8E901E3CCF8007088F80E300020C5F80461F7F74BFD204699
:20DCE000BDE8F08111240020F7F744FD2046BDE8F08132681349144802F0604205EB450EE5
:20DD0000B2F1005F01EB051800EB8E0E4FEA051506D0B268D20754BF0C4A0D4A4A51CBE748
:20DD2000B268D00754BF0B4A0B4A4A51C4E700BF1C360020081B00200C1B0020AC37002031
:20DD400000E100E09C1B00204037002021CC000059CC000051CB000079CB0000041B0020E3
:20DD600019CB00002DE9F04147B2002F00F00F0504464FF00000B4BF80464FF010080E46DF
:20DD8000F7F7F0FC55B91F4B1B78A34206D010240020F7F7EFFC2046BDE8F0811A4B1B4971
:20DDA0001C680A68E443A8440123A4B203FA08F314431C401FD11648DFF858E0A0F1900CAB
:20DDC00010EA270738BF674607EB051C2D01CCF808403068785113430B607268CCF8042046
:20DDE00080238CF80E400020CEF80431F7F7C2FC2046BDE8F08111240020F7F7BBFC20460B
:20DE0000BDE8F0811C360020081B0020041B00209C1B002000E100E000487047341C0020F1
:20DE2000044B40F48070C3F81805BFF36F8FBFF34F8F704700700240010718D4020600F002
:20DE40000F0309D40B4A9B001A445068A0F10100B0FA80F040097047074A03F5847352F897
:20DE60002300A0F10100B0FA80F0400970470020704700BF4074024000700240064BC3F889
:20DE80000C05BFF34F8F40F48070C3F80C05BFF36F8FBFF34F8F7047007002400F4B0022CC
:20DEA00002604260D3F880240270D3F884244270D3F88824D3F88C1442EA01224280D3F89A
:20DEC0009024D3F8941442EA01228280D3F89824D3F89C3442EA0323C380704700700240AA
:20DEE000104B1B68082B07D00F4B01221A60BFF36F8FBFF34F8F70470C4B1B68002BF3D183
:20DF0000EFF3108172B6084B01221A60BFF36F8FBFF34F8F1A60BFF36F8FBFF34F8F81F308
:20DF200010887047300100104C7002403401001010B5164B1B68082B82B002D1144B0022AC
:20DF40001A60144B14499A7B0020032A087015D01C681CB1FFF7C4FF02B010BD6FF480312F
:20DF60000E48FEF7FFF80E4BADF8064006221B688DF8042001A8984702B010BD6FF48031AC
:20DF80000648FEF7EFF802B010BD00BF300100101C7C02400C1B00201A360020041B002008
:20DFA0002C1C0020034B01221A60BFF36F8FBFF34F8F704750700240034B01221A60BFF378
:20DFC0006F8FBFF34F8F704754700240014B1878704700BF1C36002070B5264B1B68082BE6
:20DFE000044622D00020F7F7BDFB14F0800F224814BF0022102204F00F050368A9180122A4
:20E000008A4023EA020314F00804036008D11B4B05F5947543F82540BFF36F8FBFF34F8F8F
:20E02000BDE870400020F7F7A5BB154B1D68002DD8D12846F7F796FB14F0800F0E48114E2D
:20E04000114904F00F0414BF002210222244012303FA02F2036823EA0203036040F2C57373
:20E0600003EB440434600D6028460B68BDE87040F7F780BB30010010081B002000700240D4
:20E080003401001000780240047802402DE9F04F5C4C5D4EDFF87C81236896F90010D8F84D
:20E0A00000205A4896F80090D0F88054DB439BB2002983B043EA020324DB09F00F0A0AF1DF
:20E0C0001002012797403B4248D1514F0DF1040805F080056FF001114E483570FEF742F89A
:20E0E000236839680022052543F0010340468DF80720ADF805208DF804502360884703B097
:20E10000BDE8F08F09F00F074FF0010A0AFA07FA13EA0A0FD9D00020F7F724FB19F0080F71
:20E1200010D1B9F1800F5ED03B493C4A07F2DA335B000B6013681168DBB243F002030B43BA
:20E14000136013682368D8F8002062EA030111EA0A0F24D12E4F0DF104081CE00020F7F76C
:20E1600001FBD8F800302E4937EA030001EB0A1B4FEA0A1A33D1226841F80A0023EA0703B2
:20E1800022EA0707C8F8003027600323204F8BF80E300DF104080020F7F7ECFA98E72149B1
:20E1A0008DF806904FEA071C01EB071022EA0A02174FC8F800204FF0000E41F80CE00322F0
:20E1C00006210DF1040843EA0A0382738DF807208DF804103A68236040469047DBE74846C8
:20E1E000FFF7FAFED1E70C4B0C4A40F2B471196013681168DBB243F004030B431360136805
:20E20000A0E700BF081B00201C360020007002402C1C0020041B0020007802400478024032
:20E220000C1B00209C1B00202DE9F0417C4BD3F80453002D00F0E0800024DFF804E2A44648
:20E2400029460127774A91FAA1F3B3FA83F08600324483B3166807FA00F321EA030136B18D
:20E26000C2F800C0BFF36F8FBFF34F8F1C430029E8D16D4B1B68082B29D06C4F04F4000584
:20E2800034F4000410D0DFF8BC81012694FAA4F3B3FA83F206FA02F19BB124EA010458F84E
:20E2A00022309847002CF1D13B780BB9FEF7E2FD4DB9BDE8F081DEF80020002AC2D072466E
:20E2C000CEE79847E2E7BDE8F041FFF7DFBE584B564F1B68002BD1D13B78002B7ED1A00211
:20E2E00040F18380534A544BDFF848E1DFF848C140F2A971116019684E4A11F0FF0118BF20
:20E300001B6840F2AA7018BF19404B4B10601A68494812F0FF021CBF1B681A40454B40F268
:20E32000AB761E60036813F0FF031CBF0068034040F2AC70CEF80000DCF8000001403F4898
:20E340000AD0066840F2A9780E430660CEF80080CCF80010DCF80010DFF8D8C0364E40F248
:20E36000AD71CCF8001031680A4009D0016840F2AA7E41EA02410160CCF800E0326032688D
:20E380002C492D4A40F2AE760E60126813400ED0D90748BF44F400042649DA06264A40F20E
:20E3A000AB760E601360136848BF44F00104036833F001121CBF05F080710C4313F0011FCC
:20E3C0003FF45CAF6B0544BF026044F4806455E7174B1C68ECB9154F3B7833B104F400054F
:20E3E00034F400047FF44FAF62E704F4000534F400047FF448AF59E70B4B1B68082BE7D0A1
:20E400000A4B1B78002B7FF454AFBDE8F041FEF731BD064B1B78002B3FF448AF49E700BF92
:20E420000070024000710240300100101A360020340100100078024004780240301C00209D
:20E440008071024040AC010070B5044640B2002833DB254B254A04F00F05595D012303FA47
:20E4600001F1C2F80413D2F81415E940C90723D4D2F81415AB400B43C2F81435BFF36F8F17
:20E48000BFF34F8FC5B1002816DB14F0080613D13046F7F767F92046FFF79EFD144910350A
:20E4A0000B68012202FA05F523EA05030B603046BDE87040F7F75EB970BD0E4B0B4A04F0B1
:20E4C0000F05595D012303FA01F1C2F80413D2F81015E940CE07EFD4D2F81015AB400B43B6
:20E4E000C2F81035CAE700BF20AC010000700240041B002000AC0100020610B5044609D44E
:20E50000030707D4094A00F00F039B001A445368012B07D0064BC3F81845BFF36F8FBFF33F
:20E520004F8F10BDFFF758FDF4E700BF40740240007002402DE9F04F5C4D5D4E2B683268CD
:20E540004FEA134A4FEA0A4A5AEA020A83B01BD0584FDFF870819AFAAAF4002C00F081806C
:20E56000B4FA84FBBBF10F0F30DDABF11003DCB213F0080F4FF0010303FA0BFB2AEA0B0AD1
:20E5800008D0BAF1000FE6D140F2FF132B6003B0BDE8F08F07EB04190020F7F7E3F83368F9
:20E5A0003BEA03006CD12A68C9F8000023EA0B0322EA0B0233602A60032389F80E3000204D
:20E5C000F7F7D8F8BAF1000FC5D1DDE71BF008004CD14BF08009F7F7C5F8B9F1800F0BF096
:20E5E0000F0351D0344803F2DA3149000160D8F80010D8F80000C9B241F002010143C8F85F
:20E600000010D8F80010D5F800C03068012460EA0C0E04FA03F11EEA010F1DD0274A8DF86F
:20E62000069020EA01004FEA031E306002EB0313224800224CEA01014FF0030C40F80E20D4
:20E6400083F80EC01E4B8DF807C006221B688DF8042001A82960984704FA0BFB2AEA0B0A2A
:20E66000ADE7B9464FF4803B102495E7012303FA0BFB2AEA0B0ABAF1000F7FF46CAF83E757
:20E680002046FFF7A9FC97E70B4940F2B4700860D8F80010D8F80000C9B241F00401014344
:20E6A000C8F80010D8F80010ADE700BF081B0020041B00200C1B0020007802409C1B0020FD
:20E6C0002C1C00200478024008B5FFF733FF0A4B0022C3F80425BFF36F8FBFF34F8F074A43
:20E6E0008021C2F88410BFF34F8FBFF36F8F4FF0FF32C3F8082308BD0070024000E100E05D
:20E70000044B8022C3F884215B681B0600D47047FFF7DABF00E100E008B5114B8022C3F873
:20E7200084215B681B0618D40E4B0022D3F80413C3F80813C3F80025BFF36F8FBFF34F8F11
:20E74000094B0A491B68082B04BF094B1A60094B0020012208701A7008BDFFF7B5FFE3E7F9
:20E7600000E100E000700240300100101A3600201C7C02401B36002010B50020F6F7F2FF67
:20E78000104B1B782BB900240020F6F7F3FF204610BD03F0FF04FFF7CDFE0B4AD2F8003447
:20E7A00013F40073EFD10121C2F82C15D2F80014890544BF1C46C2F82C350020F6F7DAFF30
:20E7C000204610BD1936002000700240F0B5044683B00020F6F7C6FF22061ED4364E3748D4
:20E7E000326804F00F0101F110050123AB400F0100EB011533EA02014CD1314CC1512168FF
:20E8000022EA030221EA0303326023600323AB730020F6F7AFFF03B0F0BD230704F00F0233
:20E820000FD4802C3AD02748274902F2DA335B0003600B680868DBB243F0020303430B6048
:20E840000B681F4D1C4E29683068012360EA010793401F42DCD01D4F8DF806404FEA021C62
:20E8600020EA030007EB02123060194C002047F80C000B430620032191738DF80710226863
:20E880008DF8040001A82B6090470020F6F772FF03B0F0BD2046FFF79FFBB7E7094B0A49CB
:20E8A00040F2B47018600B680868DBB243F0040303430B600B68C4E7041B00200C1B00208B
:20E8C000081B002000780240047802409C1B00202C1C00202DE9F04146B282B00446002063
:20E8E000F6F740FF002E3CDB4C484D49026804F00F0707F110050123AB4033EA020C3D463F
:20E900004FEA071E01EB071876D1464C41F80EC0216822EA030221EA0303026023600323F8
:20E9200088F80E300020F6F725FF3F490122D1F81435BA4023EA0203C1F81435BFF36F8F6D
:20E94000BFF34F8F394B3A4A374912EA260238BF1A460123525D9340C1F8083302B0BDE833
:20E96000F08104F00F0C230765460FD4802C47D03049314A0CF2DA335B000B6013681168E3
:20E98000DBB243F002030B4313601368DFF894E02248DEF800200168012361EA020703FAED
:20E9A0000CF31F4226D0254F8DF806404FEA0C1821EA0301224C016007EB0C1C002147F80D
:20E9C0000810062003211A438CF80E108DF807108DF804002168CEF8002001A8DC438847AB
:20E9E0000020F6F7C7FE104AD2F810352340C2F81035A3E7DC43F3E72046FFF7EDFA8EE73F
:20EA00000C4B0D4A40F2B471196013681168DBB243F004030B4313601368B7E7041B0020A4
:20EA20000C1B0020081B00200070024020AC010000AC010000780240047802409C1B0020D1
:20EA40002C1C002010B5074C236882B03BB1064B1B6898470023236023680193019B02B0C7
:20EA600010BD00BF00010140741C002070B5114B114A1D781160DDB9104E0278012119701D
:20EA8000C6F80C25416804464FF47A720023C803490C0BF03FF9C6F80405237A084A5B01DD
:20EAA000DBB282F810334FF480331360284670BD082070BD1E360020741C0020000001404E
:20EAC00000E100E0044B054901220220C3F804231A600870704700BF000001401E36002094
:20EAE00010B504460020F6F73DFE0E4A1378072B11D80D492370581C1070D1F808050122EB
:20EB000002FA03F30343C1F8083500240020F6F731FE204610BD04240020F6F72BFE204670
:20EB200010BD00BF1D36002000000140034B044A00F5C07043F82020704700BF00000140A2
:20EB40003546526E2DE9F0410E4A0F4B16781F88F419802C03DD00242046BDE8F081DFF83C
:20EB600030803246414605460BF05EFA074B1B7833443A46A81958FA83F10BF055FA204635
:20EB8000BDE8F0811F360020EC350020EE350020781C002070B4134B134D144A2C781B783B
:20EBA0001288234452FA83F39BB21A18802A15DC013B1BB2002B0CDB0D4A591C1E18114406
:20EBC0003244013B11F8016D02F801691BB25E1CF7D120442870012070BC7047002070BC4D
:20EBE000704700BFEE3500201F360020EC350020781C0020084A138883420BDB10B4074946
:20EC00000C8880B21B1A20440880138001205DF8044B704700207047EC350020EE350020A3
:20EC2000014B1880704700BFEC350020044A054B12781B780448134450FA83F0704700BFA8
:20EC4000EE3500201F360020781C002000487047781C0020014B1888704700BFEC350020F2
:20EC60000549064A064B127808781B88104453FA80F080B2704700BF1F360020EE35002087
:20EC8000EC35002010B50A4B0A4C0B49002220461A605A609A60DA601A615A61FAF7A0F9BF
:20ECA00004F108000449BDE81040FAF799B900BF2838002018380020D8AA01000448054906
:20ECC000054A002303800B801370FFF7DBBF00BFEE350020EC3500201F36002070B580291B
:20ECE00082B00B4A0B4D0C4E01900C464FF0000328BF8024137033802B80FFF7C3FF0199F8
:20ED0000064822460BF090F920462C8002B070BD1F360020EC350020EE350020781C00201B
:20ED2000F0B40C4B0C4A1C685D689F68DE68C6600460456087601C695D69456104615468C4
:20ED40009068D36812680A604C608860F0BCCB60704700BF283800201838002070B40C4B50
:20ED6000026844688568C668DE601A605C609D60026944695C611A61064B0C6848688A683A
:20ED8000C968D9601C6058609A6070BC704700BF2838002018380020014B23F8101070470B
:20EDA00028380020014B33F81000704728380020024B0C3803EBC000FAF712B918380020AA
:20EDC000024B0C3803EBC000704700BF1838002001490248FAF70AB9D8AA010020380020CB
:20EDE00008B5F9F73FFFBDE80840F9F7BFBF00BF08B5F6F7CDFD002000F028FA06F0B2FBC5
:20EE000003F0ACFC09F094F903F0A8FC09F0FAF84FF08052064BD2F8A800D2F8A4205A6033
:20EE20004CF6F4613622D87019809A7008BD00BF343700200148002100F0C2B86002002093
:20EE400010B5F9F717FF0446BFF35F8F00F038F900B930BFBFF35F8F2046BDE81040F9F749
:20EE60000DBF00BF0AB90020704708B508461146F9F72CFA002008BD0FB400B583B004AAB7
:20EE8000054852F8041B019205F07EF803B05DF804EB04B0704700BFD8010020F8B5254D85
:20EEA0002A688242044642D0002A33D0134601E0002B2FD01B689C42FAD15BB31E4EA37B4B
:20EEC000376853B1A36843B18C4206D000223460832104F10C0098472A6894421BD02AB184
:20EEE0001368A3421DD01A46002AF9D1A37B83B12D680023A37365B1AB7B13F0010F284694
:20EF000022464FF0870101D000F018F82D68002DF2D13760F8BD23682B60A37B002BE7D109
:20EF2000F7E723681360A37B002BE1D1F1E71346C3E700BF40380020443800208368BBB1D5
:20EF400070B504460B4E0220A073346004F10C000D4698470238012804D9832D02D0012307
:20EF6000A37370BD21462046BDE87040FFF796BF704700BF4438002038B50B4A0B4B1468BB
:20EF800000221A707CB1012501E024685CB1E37B002BFAD0E581204600228221FFF7CEFF51
:20EFA0002468002CF3D138BD4038002023360020024B1878421C1A70704700BF213600201D
:20EFC00070B50E4D2C68844207D00A4634B1234600E01BB11B689842FBD170BD0028FCD0EC
:20EFE000074E04600121002334688173838181212860FFF7A3FF346070BD00BF40380020A5
:20F0000044380020014B1968FFF748BF44380020014B8A221A707047213600202DE9F041F7
:20F02000224D2B78F3B9224E3378BBB12148224C027802EB420704EB8701013202F01F0247
:20F04000013B0270486854F827800F7ADBB2337058B1812F1ED0827BD2071DD4287818443C
:20F06000BDE8F081FFF788FFDDE7144A14685CB9F4E7A37B13F0010F20464246394601D000
:20F08000FFF75CFF24685CB12B78002BF1D0FFF773FFEEE70123837342463946FFF74EFF56
:20F0A000337828781844BDE8F08100BF233600202236002020360020F81C002040380020A1
:20F0C000024A034B10781B7818447047223600202336002070B40D4D2C78202C12D00C4BD0
:20F0E0000C4E1B78234403F01F0303EB430301342C7006EB830446F8232060602172002036
:20F1000070BC7047012070BC704700BF2236002020360020F81C002038B5837B034CDB070B
:20F12000256801D5FFF70AFF256038BD4438002018B1837B013B012B00D97047024A012328
:20F140001370C373704700BF23360020F9F7B0B810B504460AF098FF01462046F9F7B6F8C4
:20F16000BDE810400A20F9F7A3B800BF08B50448FAF78CF8BDE808400248FAF787B800BFC2
:20F18000EC010020E00100200148FAF7D7B800BFE001002038B50E48FAF78AF8044678B1AF
:20F1A0000C48FAF785F80546206058B1FFF7CAFC05F19A01A5F8800005F18200FFF7B0FD34
:20F1C000204638BD214602482C46FAF78DF8F7E7E0010020EC010020006800F19A018230A9
:20F1E000FFF79EBD10B5014604460748FAF798F800B910BD21680548FAF776F8214602482C
:20F20000BDE81040FAF770B8E0010020EC01002010B5014604460948FAF782F800B910BD3A
:20F220002468B4F880102046FFF758FD04F19A0104F18200BDE81040FFF790BDE001002015
:20F2400008B509F0A9F980B208BD00BF0F4B0121002219601946C3F80021D1F80031002B29
:20F26000FBD0D1F80805094A0023C0B2C1F80031D2F80031002BFBD0D2F80815012340EAF5
:20F28000012080B2536009F059B900BF00D0004010B4817942790479521A224208D00346A7
:20F2A0004A1C00682240405C9A715DF8044B70474FF0FF30F9E700BF38B505460C4606F08F
:20F2C0001FFB8DB10F4B2868696803C3ACB121460D4B51F8080F496803C3BDE838400948F4
:20F2E0000122002106F0FEBB0346064D59689A680068DB680FC5002CE9D10449014806F0CB
:20F3000033FDEAE7F8230020002400203C3B002010B5044C237803B110BDFFF7CDFF0123BF
:20F32000237010BD2436002010B51D4C217882B031B31C4B002403F1540193F820201AB1AC
:20F3400093F82120012A15D01C338B42F5D1204606F030FB04B9F8B102F0F6F84023024677
:20F3600021460020009300F081FB00F029FA002002B010BD1A7CFE2A08D003F11004E3E7ED
:20F380000846FFF799FF01232370D2E75A7C802ADAD003F11004D7E74FF0FF30E8E700BF35
:20F3A00024360020C0390020054B187B30B1B3F84E00DB8AC01AB0FA80F04009704700BFE5
:20F3C000483800202DE9F0471A4CDFF86C809DF82490164607460D4620464FF4B0720021E6
:20F3E0009A460AF049FEB8F82030B34205D108994A46504602F0F8F810B90020BDE8F08773
:20F4000001264FF0FF33F0214FF2F0026773E1732673E364A4F85030A4F85820C4F808808E
:20F4200028686968AA68EB681C340FC43046BDE8F08700BF4838002028020020437D012BBC
:20F4400001D900207047F0B590F8512090F8503083B0CDE900320446028A00F13C032146CD
:20F46000007EFFF7AFFF48B3164B226A607D617FE58B5A610022666D1976618B5D83257FA6
:20F4800083F85C20A77D83F854709873207D83F85300E07D1982996883F855201E609D7424
:20F4A00083F852000B689847074801F0CBFD01F0FBFE01F031FF012003B0F0BD002003B0C6
:20F4C000F0BD00BF48380020A4AC010008B5FFF76BFF084B08B983F85C009B681B68984762
:20F4E00001F0D6FB044801F0ADFDBDE8084001F06DBF00BF48380020ACAC01000A4B93F9C0
:20F50000521093F85220002902F10102B4BFD2B202F07F02197B83F85220F022DA7301B969
:20F520007047FFF7D3BF00BF483800202DE9F0414C4D05F16400B5F84E40F8F787FE95F8B7
:20F540005C30032B5BD0FFF72FFF804620B1AB68BDE8F041DB6918476F6C434E01F0C0FB67
:20F5600001F072FB686C01F0EDFA03463068A5F84E30FBF731FF0446002836D1002F55D096
:20F58000B5F84E30B5F84C209A4201D9A5F84C30B5F850304FF6FF7293420AD0B5F84E10BB
:20F5A000914206D0CB1A002BB8BF5B42B3F5007F3FDC95F85B30002BC9D06B6C002B3ED050
:20F5C000002F46D001F074FD002385F85B30AB68BDE8F041DB69184723681BB32146306875
:20F5E000FBF7C6FE04460028C8D0204601F0AAFAB5F84E308342EFD8C4F80080EEE7002068
:20F6000001F022FB4FF6FF739C42A5F84E309ED0164801F017FD01F07FFEAB68BDE8F04104
:20F62000DB691847F6F760FA2060D7E7B5F84E30ACE70F48A5F8501001F004FDB9E70B48AB
:20F6400085F85C3001F0FEFC01F08EFC01F064FEBAE70123074885F85C3001F0F3FC01F0FA
:20F6600047FEAFE7483800204C020020BCAC0100CCAC0100E4AC010030B4084D2B7B53B14B
:20F68000044630B11C350FCD20606160A260E360012030BC7047184630BC70474838002027
:20F6A00010B5FFF781FE134C78B994F9582094F85830002A03F10103B4BFDBB203F07F03D0
:20F6C000002084F8583001F08DF8F9F757FC01F0DFFA06F0EDFF01F057FE94F841305B06FD
:20F6E00002D40023237310BD034801F067FF0023237310BD4838002074380020024B0322A8
:20F7000083F85C2001F062BE4838002008B50F4B1A7B8AB19A6C511C0ED082420DD9101A35
:20F72000B0F5967F986407D2586C28B101F016FABDE8084000F0F2BE08BD00210322996407
:20F7400083F85C20BDE8084001F040BE4838002010B5084C237B5BB194F840200146D20866
:20F7600004F11C000AF052FCB0FA80F0400910BD184610BD4838002008B5FFF715FE18B1A6
:20F78000BDE80840FFF7BABE08BD00BF024B1B7B03B97047FFF79ABE48380020074B9A7BDF
:20F7A000187B1AB9003818BF0120704728B193F85C00012894BF0020012070474838002028
:20F7C000024B1B7B03B97047FFF7B0BE483800202DE9F041614D2A7B06460C462AB16A7BD7
:20F7E000237E9A4209D0BDE8F081FFF7DDFD98B12B7B002BF3D1BDE8F0815948102221469F
:20F800000AF004FC0028EED1628AEB8A9A4209D2BDE8F041FFF78ABE2046FFF70FFE00284A
:20F82000E6D1E0E7E17D95F8520001F06FFE628A002840D14FF6FF739A4204D095F857300F
:20F84000013385F8573095F85210E07D01F05EFE48B1B5F84E20EB8A9A4257D0FFF7A4FDB4
:20F86000074600286BD022460121304600F03AFEE8B1304601F026FA0746002843D090F880
:20F880000680304601F01EFA002849D0638A8380637E8371AB6CABB96B8BAA7BC3EB031303
:20F8A0005B01AB641AB117B16B6C9F4217D02B7B002B98D0ACE7EB8A9A42F8D1294801F063
:20F8C000C1FBF4E7002FF2D06B6C9F42EFD16B8BAA7BC3EB03135B01AB64002AE7D0607E1F
:20F8E000414601F013FE0028E1D095F90F20EB7B002A03F10103B4BFDBB203F07F03EB738E
:20F9000001F0D6FBD3E74FF0F008BAE7E37D85F85230FFF749FD0028A5D0FFF7EFFDA2E7F0
:20F92000304605F00FFF0028C1D00F4B0146012218682346FBF7DEFD0028A7D1B7E701F0EC
:20F9400023FD384601F080F92046FFF777FD2B7B002B88D0FFF7BAFD85E700BF483800202E
:20F9600064380020F0AC01004C02002011B1084801F068BB10B50A460321044600F0B2FD78
:20F9800020B12046BDE8104000F0E4BD10BD00BF0CAD010038B591F823300C460546BBB192
:20F9A000FF2B1BBF0D4A508B4FF0FF3343430A460020294606F0E0FD18B194F92530002B92
:20F9C00000DB38BD218C2846BDE8384001F090BB0A461846294606F0B5FDEEE748380020A9
:20F9E00070B5154D0E4695F85910044601F08EFD08B185F8594095F85830A34200D070BDAA
:20FA000095F85C30012B76B207D001F095FB002EF5DA032385F85C3070BD002E02DA01F0CD
:20FA20008BFBF6E70223054885F85C3001F00AFBBDE8704001F080BB483800201CAD010007
:20FA400070B50E461C4605463AB924B11DB1064BAE801B7B23B9012070BD01F00DFBF4E7D7
:20FA6000FFF764FD012070BD483800202DE9F047284C82B094F80CC09DF828A005461746F1
:20FA800099460E46BCF1000F0AD0102204F11C000AF0BCFA80B34FF0F008FFF701FE01E06A
:20FAA0004FF0F0083B463146CDE9009A28460122FFF788FC184F194884F852800023012161
:20FAC00040F608421E263C25A173228280214FF0FF32A37484F85330A4F854300223676115
:20FAE00026766583A4F84E10A26484F85C3002B0BDE8F04701F0A6BA94F9523094F852802E
:20FB0000002B08F10108B4BF5FFA88F808F07F08C3E700BF483800200004800028AD01008A
:20FB200002484FF4B07200210AF0A6BA48380020144A907918B992F82A10632901D0012081
:20FB4000704792F82910C1B992F82B30042B15D10D4B187B88B110B45C7B92F82D00A0425F
:20FB60000ED1B3F84E1082F82D000B0A43EA0123D38501205DF8044B704770470846704700
:20FB80000846F7E7443B00204838002070B5174A0546118816482B2208F0DCF80446154872
:20FBA000FFF7D6FD08B9002070BD1349002006F089FC10490646002006F084FC14B1A2785D
:20FBC000032A06D00028EED0002EECD04369B342E9D1084C0FCC002148F2FE002880AA60BD
:20FBE000EB606980A980E980012070BD303B0020443B00205C3B0020643800202DE9F0430B
:20FC00002C4B2D48198885B02B2208F0A3F8044610B18378032B03D0002005B0BDE8F0834E
:20FC2000C278002A41D04378417906790133DB00DBB2A3EB111306F00F052B443609183B02
:20FC4000C6F1100193FBF1F30133DBB29A42E3D8194F9B1ADBB201FB03F1C31B01F1080C94
:20FC60001033012A18BF354663445B1BB3F5A06FD2D807F118030FCBE84688E80F0004EBBD
:20FC80000C06C5F1100905F1180031464A4638440AF0CAF94A4608EB050130460AF0C4F97F
:20FCA000E378013BE3700120B7E7012005B0BDE8F08300BF303B0020443B00204378002BDE
:20FCC0003AD12DE9F041425A40F263439A4200EB01042ED1194D2B7B5BB36A7BE3789A425D
:20FCE00027D1A3789A0624D4A2881549170A0C20DE09D1F8008047EA0227FFF761F8014664
:20FD00004046FBF797FBB5F84E10A578BFB2B94294BF002101218E42C5F380131CBF45F084
:20FD20004005A57086EA01023946BDE8F041FFF787BE0020BDE8F0810020704748380020B9
:20FD40004C0200202DE9F0432B4E2C4F318883B038460DF10702012307F0A2FF002842D091
:20FD60009DF80730062B3ED0044607F10609B84614E013B9A378632B16D03188E31BC91A40
:20FD8000204689B200230DF1070207F089FF044648B39DF80730062B814624D0112B22D0EE
:20FDA0003A2B20D02B2BE4D1237889F8003065780135ED00684207F03FFFC0B1318828392D
:20FDC00089B2404607F062FF3288E31B9A420EDDD21A611920460AF035F999F800308DF851
:20FDE0000730062BDAD1012003B0BDE8F083002003B0BDE8F08300BF303B0020443B002030
:20FE00002DE9F04FA34E337B89B063B3A24C228B48F2FE039A4226D0237EFF2B23D0FFF743
:20FE2000C3FA054688B904F1080005F0C3FD28B19A4BE27993F806319A4219D0FFF778FEBB
:20FE40000546284609B0BDE8F08F04F11809FFF779FF4846FFF77CFC28B14946002006F00E
:20FE600031FB804688BB0125284609B0BDE8F08F8B4F3A88B2F59F6FF6D8283A04F128013D
:20FE800004F130000AF0DEF8B6F84E20A179767B84F82950130A43EA022340F26342E385A3
:20FEA000628584F82C5084F82810A571082084F82D6007F0C1FE3988283989B2204607F0F8
:20FEC000E5FEFFF735FE0546CEE706F11C01002006F0F8FA0190002848D04946002006F084
:20FEE0000BFB002842D0D8F81410002900F0C480019B8B4200F0C7806A4BCDF80C809B69C7
:20FF000002934FF0000B0F270DF1100A8846029B414650469847DFF898C139466046D646DC
:20FF20005246002312F8015B10F8016FAE4202D10133102BF6D19F420CDAD8F814800BF108
:20FF40000103DBB2B8F1000F15D0019A424512D09B46DCE700271EF8013B1CF8012F9A4232
:20FF600006D10137102FF6D13946E6E700257BE73946FFB2E1E7C1F11006C7F1180A16FBEE
:20FF80000BAA5FFA8AFB1AF0070A1FBFCAF1080A5FFA8AFAD3445FFA8BFBDDF80C801D4671
:20FFA0005B463F4A02931288D118B1F5A06FDDDC3D490888283021185844283A20440391F4
:20FFC0000AF040F803995A46084600210AF054F8A279029B84F828202B22A271B3F1080274
:20FFE00048BF03F1FF32D210304B2E4984F82920ABEB0A024FEA0A1A84F82B5084F82DA0FD
:020000040001F9
:20000000D5180DF1100A8B69029307EB07120320574484F82A0084F82C204446DDF8048038
:20002000CDF804B0D346BA461F466269904521465846A5EB060508D0B84732465146284635
:2000400009F0F2FF6469002CEFD1DA46029BDDF804B02146504698479AE80F0089E80F00CA
:20006000584607F0E9FD0E4B0B481988283989B207F00CFE0125F7E608230D468A469B46E9
:200080000F2701268DE7082300259B46AA460F27012686E748380020443B0020C03900204C
:2000A000303B00204CAD0100F63500206C3B00205B3B002008B50C4A137B43B10B4B0C49B3
:2000C0001B88527B2C3358185B5C9A4203D0BDE8084007F097BDC1788078FFF781FCBDE8FA
:2000E000084007F08FBD00BF48380020F6350020443B00202DE9F0418EB02622002104A892
:2001000009F0BAFF434B444C1F88444B217B07F12C02D618D25C8DF8322011B1617B9142B3
:2001200004D007F06FFD0EB0BDE8F0813C4A083315880FCB2C3DED1BADB20027E846032D27
:2001400088E80F00CDE90477CDE90677E9D97378217EF2788DF835305B068DF83310ADF84E
:20016000302046D40424AC424FDA002720E0621CAA42D6DA3219507802300444AC42D0DC6E
:20018000052B21D10328CCDD7318DA788DF834200732D210131D8342C3D10431314408A8B5
:2001A000CDE90877CDE90A7709F03EFFAC422CDA335D2146002BDAD10134A542F6DA07F0F9
:2001C00021FD0EB0BDE8F081062BEFD10528A8DD731813285B798DF83330E7DD0631731882
:2001E00070589A685968DB680DF1100CACE80F00DCE7132D95D904F11C001022311D09F079
:2002000005FF00288DD11424ADE704A94046FFF7C1FB86E7F635002048380020443B0020AC
:20022000303B00202DE9F0439DB05C22002105A809F022FF9B4B9C4F9C4A1D889C4B0C9355
:2002400007F1080314880FCB2C3C641BA4B201AE86E80F004FF0010C964BADF824C040F6D0
:200260000842172CADF82E200D9304D807F0CAFC1DB0BDE8F08305F12C03DD19AE4695F844
:20028000038095F802905EF8080F95F804C0DB5DDEF80410DEF808208DF82C3048EA09279B
:2002A000DEF80C30ADF826702CF07F0ECCF3C2078DF828E08DF8297095F8018095F805E095
:2002C0008DF82B800CF0070C05AF182C8DF82AC08DF82DE00FC700F0E08018216B5C002B95
:2002E000C4D04A1CA242C1DA6A18507802304718A742BBDC023B062BB8D80FF2080C5CF8C3
:2003000023F000BF2B040100D1030100750301006D0201006D0201006D0201002103010018
:200320002028A3D193788DF86430802B9ED892F809C0D37892F80880D07A8DF86530103167
:200340006B184FEA0C4C92F80AE09A684CEA086C4CEA000C68585968DB684CEA0E2C0DF1F5
:20036000500ECDF860C0AEE80F00A74280F295803946B3E710287FF479AF294492F807C07B
:200380008B7A91F8069091F8088091F80EE0D17A507A41EA0321D37BADF824104CEA092CBB
:2003A00040EA08205179ADF834C0ADF8360092F803C01079527B8DF82EC043EA0E23ADF894
:2003C00032308DF82F008DF830108DF83120CCE707287FF74BAF05EB010C53799CF804E0D9
:2003E00092F802C092F807808DF84CC01B0443EA0E6392F806E0D2788DF84D200CF10702A0
:2004000043EA0803D21043EA0E2302F1070E86451293BFF62BAFBCF1800F3FF627AF0831DD
:2004200029440EA809F000FE9FE705287FF71EAF137992F803E092F802C08DF868C0D909D8
:2004400041EA4E018DF86910C3F3011E51798DF86AE003F00F038DF86B308DF86C10BCF1E3
:20046000000F82D0BCF1070F0DD0BCF1020F7FF4FDAE07287FF7FAAE9179D3798DF86E10F9
:200480008DF86F3071E707287FF7F0AE9179D37943EA0123ADF86E3067E705A93046FFF74B
:2004A00097F9E3E6F6350020443B0020303B0020001E3C000004800008B5084B1B7B4BB1EE
:2004C0000748017EA1F1FF01B1FA81F108304909FFF74CFABDE8084007F094BB4838002006
:2004E000443B0020F0B583B00E461746054605F003F9044610B1204603B0F0BD0C20FEF7A6
:200500005FFC22460146CDE900672846012305F091F80446204603B0F0BD00BF70B5044666
:20052000FFF74EF9084B094D198809482C314B1900225A70944218BF20464A550223BDE8BA
:2005400070409B2105F000BEF6350020443B0020A83900202DE9F04F8BB00646FFF730F996
:2005600000F068FF10B1002E00F02C81974B984A1B88984D2C339C18697B995495F8523059
:20058000637000F057FF002867D0FF23194695F85320914F95F854C0A170002AE3700FCF75
:2005A00095F80E80A0600CF0070C14BF6FF07F0E4FF0000E4CEAC8074EEA07070020277102
:2005C000EF7BE160226163616771A071E07100F031FF002846D12B78002B43D06978A878AE
:2005E000A376CA0142EA0012E87849080243E17602200621072B22772076617600F0DB80C0
:20060000022B40F0DF80A879EA7963772021A077E27727234FF0290809932823CDE9073879
:200620004FF02B092A23CDE905394FF02F0A2E23CDE9033A2D222C23CDE9013222238B46AD
:200640004FF0260C4FF030084FF0250E4FF024094FF0230A0093212726E0B5F84E30190A39
:20066000DBB294E71F23099321222023CDE90732232022232727CDE905302623CDE9033725
:200680004FF0250E2423CDE9013E18211A238B464FF01E0C4FF028084FF01D0E4FF01C09BF
:2006A0004FF01B0A00931927042060540098AA8AEB8A0E21E1554FF000072754297C099F77
:2006C00004F80A10687CA97C04F809004FEA122A04F80E1004F80CA0E255079AA968059F32
:2006E00095F840C0180AA054089A287EA3540A8C6B8B4FEA122E04F807E0069FE255019AB9
:200700004FF00007A754029AA054039A190AA154049AA354BCF1000F0FD100F08BFE18B9D8
:200720002E4B002E08BF1E464346304601229B210BB0BDE8F04F05F007BDD5F83CE095F83B
:2007400041A0DFF89C90082504F8085004EB0B05B9E80F0085F812C04FF01E0C85F811C07F
:200760004FEA1E6C85F814C085F818C0CEF3074C85F815C085F819C00BF12009CEF3072C3B
:200780005FFA8EFE85F816C085F81AC085F813A085F817E085F81BE00BF11C0C04EB09058D
:2007A000002744F80C700BF1300844F809006960AA60EB60B1E7EB8860771A0A2021E37722
:2007C000A27726E70BB0BDE8F08F00BFF6350020443B00204838002064380020A83900200E
:2007E000743800202DE9F041074600F0ADFE304C8046606C00F0B2F90646FEF7E1FF237B96
:20080000002B52D0636C002B4FD0B8F1000F4CD0002E4AD0A37B002B47D0264B264A1B8872
:20082000617B94F858C02C339D18002F99540CBF002380236B7005200023122180221C342F
:200840002871697185F803C0EA71AB70AB7103CCD8F800C0D8F80420D8F808E0D8F80C80EC
:20086000C5F808C0EA604FF0060C14226A76C5F81E00C5F82210C5F81480C5F810E0AB7659
:20088000EB762B776F7785F818C056F8083FA4F108007468C5F826300222C5F82A402E235D
:2008A000BDE8F0419B2105F04FBCBDE8F08100BF48380020F6350020443B0020F0B583B06F
:2008C0000E4615460190FEF77BFF0A4B0A4A1B880A490198497B2C339C189954002704231F
:2008E00003229B21A670E570677003B0BDE8F04005F02ABCF6350020443B002048380020E8
:2009000008B5074805F072FB064805F06FFB064805F06CFBBDE80840044805F067BB00BF03
:200920001C0200201002002004020020F8010020704700BF014B00221A7070474838002043
:2009400008B500F017F908B1808808BD4FF6FF7008BD00BFB0B138B50446858800F00AF984
:2009600068B183884FF6FE722B44934207D8204600F000F948B18088284480B238BD4FF653
:20098000FF7038BD4FF6FF7070474FF6FF70F3E770B50646FFF7DEFF0B4B0446586CFFF75C
:2009A000D9FF336804F1BF05044623B9A542B4BF0020012070BDF5F797F83368C01AB0F588
:2009C000963FF3D9002070BD4838002088B138B5094B0446DD8AFFF7BDFFA2884FF6FF71CD
:2009E00053198B4228BF0B46984238BF184680B238BD4FF6FF7070474838002008B500F078
:200A0000B9F828B18088B0F5007F8CBF0020012008BD00BF10B50446FFF79CFF03462046C1
:200A20001C4600F0A7F840B18388B3F5007F05D8B4F5004F8CBF0020012010BD002010BD87
:200A400070B50E46F0B10446FFF7E4FF0546AEB13046FFF7DFFF88B1DDB1164D6B6CA3427F
:200A600020D09E4217D02046FFF774FF05463046FFF770FF85420CD2204670BD002DFBD199
:200A8000002070BD0029FBD00846FFF7C3FF0028F6D0304670BD2046FFF77AFF0028E2D0CF
:200AA0003046F7E73046FFF773FF0028E4D16B6CD7E700BF4838002010B500F03BF828B172
:200AC000044B9B68BDE810405B6918474FF6FF7010BD00BF4838002070B5044608460D46BC
:200AE000FFF7EAFF06462046FFF7E6FF86428CBF2846204670BD00BF08B50C4BD3F828218F
:200B0000824204BF0022C3F82821D3F80421824204BF0022C3F80421054B01461868FAF7A7
:200B200057FDBDE8084000F051BC00BF483800204C020020024B01461868FAF77BBC00BFAF
:200B40004C02002020B1044B9B685B6903B118474FF6FF70704700BF4838002008B5044B57
:200B600001461868FAF798FDBDE8084004F0E4BD4C02002008B5044B01461868FAF78CFDEB
:200B8000BDE80840F8F72CB94C0200202DE9F041274C237B82B000274BB3264D80462868AE
:200BA000FAF71AFC014610B34FF6FF76A3685B690846B3B101919847B0420199034610D0C3
:200BC000E28A82420DD8B4F814C00846BCF1000F11D0B4F84C206244B24228BF32469342AF
:200BE00009DD2868FAF7C4FB01460028DED1384602B0BDE8F081A3680191DB689847019912
:200C00000028EED0B8F1000F07D1A368019138469B69984701990746E3E708460191FFF7D9
:200C2000A9FFF8F7E3F801990028EED1D9E700BF483800204C02002008B5FFF79BFFBDE842
:200C40000840F8F7D3B800BF70B50F4D696C814219D00E4E04463068FAF702FD21463068E4
:200C6000FAF7E4FC686CFFF779FF04F0ABFD04F08BFD2046FFF772FF002104F0B9FD01238D
:200C80006C6485F85B3070BD483800204C02002038B50B4D0020FFF7D7FF2868FAF79CFBF8
:200CA00050B104462046FFF727FF21462868FAF75FFB04460028F5D1BDE83840FEF780BD9E
:200CC0004C02002008B504F017FD04F00FFD034B01461868BDE80840FAF7ACBB4C02002019
:200CE00038B5FEF761FBF8B90546FFF74FFF0446D0B1FFF73FFFF8F779F868B90E4DD5F8CE
:200D00002831A3B16B6CA34209D00120FFF73EFF38B10446204638BD074BC3F828512046C3
:200D200038BD6B6C002BFAD10024204638BDC5F8284100F0C1FAE5E748380020024B03499C
:200D40001868FAF7F3BA00BF4C020020F90A010030B5134D134995F8553080249C40A1FB75
:200D6000043483B0A3092B66FEF76AFA0E4A0F4912682B6E0092E40904FB00F0A1FB002184
:200D800004EBD1315A1A2A660124094AA5F8564005F1A4000023F7F7EFF903B030BD00BFC1
:200DA00048380020D34D62104438002001800080A90E010000B583B0FEF742FA0A4B0B49EA
:200DC0001B680093A1FB0031490A01EB8101A0EBC11081B2064A074801F5A0710023F7F729
:200DE000CBF903B05DF804FB44380020CDCCCCCC490E01002C39002008B5054BD3F80401A1
:200E0000FFF7ACFE18B1BDE80840FFF7A3BB08BD4838002010B50B4C012384F85A30FFF787
:200E2000C9FF94F9582094F85830207E0133002AB4BFDBB203F07F0384F85830BDE8104067
:200E4000FFF7D0BC4838002010B50B4C94F85A30207E013384F85A30FFF7C4FC94F85A309A
:200E6000042B03D8BDE81040FFF7A4BFBDE810400248FEF78BBC00BF4838002034AD01005E
:200E80000348002290F85C1100F59670FFF716BD48380020024B1B7B03B97047FEF700BC85
:200EA00048380020FEF78CBC10B582B0FEF776FC68B3184C94F8563073B9637C217C94F832
:200EC00055200B449A42BCBF013284F8552002B0BDE81040FFF73CBFFEF766FA28B9A37CE6
:200EE0001BB194F857209A4206D2B4F84E30A4F850300020FFF72EFB074B216E1B680093F3
:200F0000064A0748002384F85630F7F735F902B010BD00BF4838002044380020A90E0100BF
:200F2000EC38002000B583B0FEF78AF90A4B0B491B680093030AA1FB03134FF4345101FBCB
:200F4000130081B2064A074801F5B4510023F7F713F903B05DF804FB443800200B5BB005D6
:200F6000791201005039002000B5104883B0F7F787F910B903B05DF804FBFEF761F90C4B18
:200F80000C491B680093A1FB0031C90AC1EB0111A0EB012081B2084A044801F5F0610023A1
:200FA000F7F7EAF803B05DF804FB00BF882400204438002089888888BD0F010008B5FEF793
:200FC000F3F950B9094B1A7B42B15A6C32B1B3F84E204FF6FF739A4200D008BD0020FFF740
:200FE0009DFABDE80840FFF7BFBF00BF4838002010B5124C237B43B9FFF7B6FFFEF7E0FB62
:20100000BDE810400E48F7F7DDB83C20FEF77EFB3C2005F013FB237B002BEDD0636C002B59
:20102000EAD0B4F84E204FF6FF739A42E4D0FEF7C7FBBDE810400248F7F7C4B84838002095
:20104000A824002010B5FEF7A9FB48B1094C94F8553013B1627C9A4202D200F0EBF900B110
:2010600010BD637C84F8570084F85530BDE81040FFF76EBE4838002030B50A4D2B7B83B024
:201080000BB903B030BD084B084A1B68009300230446194605F1C400C5F80441F7F76CF857
:2010A00003B030BD4838002044380020F90D010010B50C4C237B82B00BB1A37B0BB902B010
:2010C00010BDFEF7BDF8084B084A1B680093C0F3080000F58071002304F1E400F7F74CF80F
:2010E00002B010BD4838002044380020150E010070B50E4C227B82B00AB902B070BD0346D8
:201100000D469A6859680068DB68A4F85C5104F596740FC4064E074A336800930023204693
:201120001946F7F729F802B070BD00BF4838002044380020810E0100134B1A7B12B1197E8A
:20114000FF2900D1704710B55C8B82B001FB04F1CC01FEF775F80D4BA3FB00231B0BC3EBF4
:201160000313A0EB432080B200F5F050084B094A1B680093844288BF241A21460648002325
:20118000F6F7FAFF02B010BD483800208988888844380020150E01002C3900202DE9F0419D
:2011A000334CF4F7A1FC237B002B39D0D4F8285115B12846BDE8F0810746606C18B1FFF7EF
:2011C0003BFD002852D0FEF73BF800EB800303EB031303EB032300EB430080B2254E45F2D5
:2011E0005553984230681FD9FAF7F6F80446B8B14FF6FF7706E021463068FAF7B9F80446BF
:201200000028D6D02046FFF717FD0028F3D12046FFF798FC0DB1B842EDD207462546EAE7B4
:2012200000252846BDE8F081FAF7D6F804460028F6D04FF0000806E021463068FAF798F861
:2012400004460028B5D02046FFF7F6FC0028F3D12046FFF78FFC0028EED0036815B1FA1A4B
:201260004245E9D9A7EB03082546E5E7656CA0E7483800204C02002038B5FFF78FFF05462F
:20128000FFF76CFC30B104462846FFF773FC2046FFF760F9034B1B7B03B938BDBDE838408B
:2012A000FFF740BE48380020024B1B7B03B97047FFF738BE4838002010B50A4C237B82B0CD
:2012C0000BB902B010BDFDF7BBFF074B074A1B680093C0F30801002304F58470F6F74CFF60
:2012E00002B010BD48380020443800207912010010B5084C237B03B910BD04F18400F6F701
:20130000BFFF0028F8D104F18400BDE81040F6F79DBF00BF4838002010B50C4C237B82B01B
:201320000BB902B010BD04F18400F6F7A9FF0028F7D0074B074A1B68009304F18400002318
:201340004FF41641F6F718FF02B010BD4838002044380020950E010000B5084B084A1B68B3
:20136000084883B04FF4F05100930023F6F704FF03B05DF804EBFFF7F7BD00BF44380020C4
:20138000F10F0100A824002010B50F4C2046F6F75DFF04F12000F6F759FF04F14000F6F715
:2013A00055FF04F16000F6F751FF04F18000F6F74DFF04F1A400F6F749FF04F1D800BDE859
:2013C0001040F6F743BF00BFAC3800200848037B03B9704700B5074B074A1B6883B0643028
:2013E000009300231946F6F7C7FE03B05DF804FB4838002044380020A50E0100044B187B4D
:2014000020B193F85C00003818BF0120704700BF48380020054B187B30B193F85C00A0F192
:201420000200B0FA80F04009704700BF48380020704700BF014B1878704700BF25360020EE
:2014400010B50023C0E90033C0E902330A7D07320446D20808F0E8FD20460249BDE8104083
:2014600004F082BC3C3B002008B50E48002340F2FF214FF4D05243808380C3800381438165
:2014800083810180C28104F005FBFEF749FBFFF755FCFFF761FFFFF733FABDE8084005F0B5
:2014A000BDB800BFA839002010B50A4C237B012B00D010BDFFF73EFB0028FAD0D4F828312F
:2014C000984204BF0023C4F82831BDE81040FFF77DBF00BF48380020024688B10B4669B1C5
:2014E00010B4084C03CC1060516053F80C1F5B68D360916001205DF8044B70470846704706
:20150000704700BF64380020704700BF7F2801DD7F290EDD884206DC13DA081A7028D4BF25
:20152000002001207047401A0F28CCBF00200120704701F58071081A1028D4BF002001208A
:2015400070470020704700BF2DE9F843194E377B17B196F840700FBB3E46174C4FF00008D6
:2015600004F1540594F820301BB194F82130012B05D01C34A542F5D14046BDE8F883237C55
:2015800004F11009FE2B3A464946304609D06EB108F03CFD0028ECD1C846EAE7FF082C3639
:2015A000DBE7637C802BE4D0002EF1D104F11009C846DEE748380020C039002000B585B0B7
:2015C00001466846FFF73CFF684604F0F3F908B104F016FB034B002283F8402005B05DF844
:2015E00004FB00BF4838002078B370B54B1E7F2B84B00C4606D812F04001154605D1084604
:2016000004B070BD002004B070BD134B0026E21DD2080146C3E90066C3E90266184608F0C8
:2016200003FD4FF0FF33A0F12C020146684682F8404082F84150D363FFF702FF684604F0B1
:20164000B9F918B1012004B070BD704701460122684604F047FAF5E77438002010B4164A3D
:20166000164B17490020106083B012680192019AD3F8102522F00F0242F00802C3F81025EF
:20168000D3F8082542F00302C3F80825D3F804254FF4803422F003024FF48070C3F804251A
:2016A000C3F80443C1F88001086001221A6003B05DF8044B704700BF40810040008000405B
:2016C00000E100E0034A044B01211160D3F84405704700BF4480004000800040064B1A68F9
:2016E00002B97047002282B01A601B680193019B02B000F003B800BF40810040054B18680A
:2017000038B110B400241C60D0E901215DF8044B10477047C82400202DE9F0410488752C6F
:20172000064607D07C2C37D0A4B1002303800320BDE8F081DFF8D0802E4D98F800202E4FD4
:2017400000233B602B6012B32C4CE256002A41DB2B6832E02A4F274DFDF72AFC294B3A68C3
:2017600018702C60002A43D02346244C984604F8038000219368802098472B6801332B60F5
:2017800057F82320002AF2D1DBB21F4A1370752333800120BDE8F0811A4B1B788B4216D123
:2017A000144D164CDFF86080134F2B683A68E15C01F07F010132E1543A6098F80020013384
:2017C00093422B60C1DB3B68002BB9D1DFE70120BDE8F0810A4A0B4952F8232009780020E2
:2017E000FDF778FC0028E0D17C23338001209FE71346CAE7D0240020CC2400203C370020EE
:20180000D0010020134300202636002030B50388B3F5B47F83B004460D4608D0B3F5B67F15
:2018200022D05BB300230380032003B030BD88292FD11B4B9A422CD11A4B1B78F3B11A4B4E
:201840001B78DBB1F5F7EEF90122034600211748F5F7F0F916491548F5F788FD154A002128
:201860004FF4B67391842380134B0093134A0F4B10482946F4F75EF901280DD908484FF4F1
:20188000F051F6F7F5FD4FF4B4730120238003B030BD012003B030BD002003B030BD00BF1A
:2018A00024250020053600202736002034250020A8AD0100D4240020C11801004C36002084
:2018C00038B518B1124B00221A7038BD104D114A2B7811490133044610482B70FDF7CCFA74
:2018E00029780F48FDF7C8FA2B78022BEDD9094A0C490A48FDF7C0FA0B48FDF729FC0B4B3A
:201900000B4819782246FDF7E5FB2C7038BD00BF28360020B0AD0100D0A60100D8A6010085
:20192000C0AD010070AB0100DCAD0100113700209402002010B5FDF783FC1A4BDFED1A6A88
:201940001A7807EE900AF8EE677A87EEA67A3AB9DFED167AB4EEE77AF1EE10FA16D410BD18
:20196000DFED137AB4EEE77AF1EE10FA02D401221A7010BD00240F4A0F4910481C70FDF725
:201980007BFABDE810400E48FDF7E2BB0124094A09490A481C70FDF76FFABDE810400948AB
:2019A000FDF7D6BB2A36002000FF7F470AD7A33BCDCC4C3EB0AD010008AE0100D8A60100E7
:2019C0003CAE01000CAE010010B52A4C03460F202370F7F791F92378032B14D8DFE803F034
:2019E0003E281402244A25492548FDF745FA2548FDF7AEFB0420F7F745F9FFF79BFFF9F715
:201A0000F9FB024668B110BD1B4A1C491C48FDF733FA1D48FDF79CFBF9F7ECFB024600281E
:201A2000F1D11A4B1A481978BDE81040FDF752BB114A12491248FDF71FFA1648FDF788FBA4
:201A40000120F7F71FF9F4F74FF880B2FDF7FEFBF9F7D0FB02460028E3D010BD064A0749C3
:201A60000748FDF709FA0C48FDF772FBBDE81040F9F7B4BB27360020B0AD010044A7010050
:201A8000D8A60100A0AE010090AE0100104300209402002078AE01006CAE0100F8B5038896
:201AA0000446A3B140F22F10834248D1534B1B788B420E46154646D0514B1B78B34257D02B
:201AC000872E68D040F22F1323800120F8BDFDF76FFA4C4B4C4A4D4905464D481D70FDF7AB
:201AE000CBF94C48FDF734FB4B4B1B880BB1013B9BB24A4A4A484B4E202102F077F94A4BF6
:201B000000251D70F3F744FF2846F3F7E1FE30600028D7D03C4A45493D48FDF7ADF9336882
:201B2000434893F84A20196CFDF7A6F9364A3F493748FDF7A1F93F48FDF70AFBC2E70023AC
:201B400023800320F8BD3C4B1F78002F4DD1012239463A481A70FDF733FA39463848FDF7DD
:201B60002FFA284B354819783A46FDF7B3FAA3E72C4B1B68002BA3D0002DA3D0AB429FD17B
:201B8000214A30492248FDF777F995F84B102E48FDF772F994E7294B9D4293D11A4A2349D4
:201BA0001B482A4D244F2A4EFDF766F92948FDF7CFFA2949294A1C4B00200870284910700A
:201BC0002870284A1B78387005250D702649307011600BB1FFF7F8FE0B4A0C490C48FDF7FF
:201BE0004BF92248FDF7B4FA6CE7074A0F490848FDF742F91E48FDF7ABFA5DE70E43002066
:201C00000D43002014430020B0AD010044A70100D8A60100B0AE0100EA350020D8AE0100EF
:201C2000042500200025002027360020D0A60100E4AE010010AF01002B3600209402002098
:201C40007402002008AE0100A0AF01002A36002005360020C4AF010029360020283600209B
:201C6000AE0300207002002000001643E0AF010054AF010000B52DED028B3C4B1B7889B065
:201C8000002B48D1DFED3A0A9FED3A0AEFF754FBDFED397AB4EEE70AF1EE10FAF0EE408A48
:201CA0005ADCFFEE007AB4EE670AF1EE10FA48BFF0EE678ADFED310A9FED310AEFF73CFBCA
:201CC000DFED307AB4EEE70AF1EE10FAB0EE408A48DCDFED2D7AB4EE670AF1EE10FA48BF10
:201CE000B0EE678ADFED290A9FED290AEFF724FBDFED287AB4EEE70AF1EE10FAB0EE401AB0
:201D00002DDCDFED257AB4EE670AF1EE10FA48BFB0EE671A17E0DFED210A9FED210AEFF7A2
:201D20000BFBDFED200AF0EE408ABDEE000AEFF703FBDFED1D0AB0EE408A9FED1C0AEFF773
:201D4000FBFAB0EE401AB0EE680AF0EE480A09B0BDEC028B5DF804FBF0EE678AAAE7B0EE15
:201D6000671AF0E7B0EE678ABCE700BF2A360020CDCC4C3E3333B3BE9999993E9A99193E0D
:201D8000CDCC4CBE9A99993E333333BFCDCC4C3D52B81A4185EB1D411F8517418FC2753EE9
:201DA0001F856BBEB81E853E0AD7A33EC3F51C4100B52DED028B3C4B1B7889B0002B48D1F3
:201DC000DFED3A0AB5EE000AEFF7B6FADFED387AB4EEE70AF1EE10FAF0EE408A5ADCDFED0C
:201DE000357AB4EE670AF1EE10FA48BFF0EE678ADFED310A9FED310AEFF79EFADFED307AA0
:201E0000B4EEE70AF1EE10FAB0EE408A48DCDFED2D7AB4EE670AF1EE10FA48BFB0EE678AB5
:201E2000DFED290A9FED290AEFF786FADFED287AB4EEE70AF1EE10FAB0EE401A2DDCDFEDC7
:201E4000257AB4EE670AF1EE10FA48BFB0EE671A17E0DFED210A9FED210AEFF76DFADFED03
:201E6000200AF0EE408A9FED1F0AEFF765FAF6EE080AB0EE408A9FED1C0AEFF75DFAB0EEAB
:201E8000401AB0EE680AF0EE480A09B0BDEC028B5DF804FBF0EE678AAAE7B0EE671AF0E70F
:201EA000B0EE678ABCE700BF2A3600209A99993ECDCCAC3F9A9959BFCDCCCC3E0AD7A33E73
:201EC000F628DC3F703D8ABFEC51383EE17A1CC1E17A10C1E17A28C13333B33F713D8A3EAA
:201EE0009A99B93F3333B33EC3F51CC1074B1B782BB99FED070AF2EE0E0AEFF71DBADFEDE4
:201F0000050A9FED050AEFF717BA00BF2A3600200080A5430000484200009C4308B5174B31
:201F20001B7823BB9FED160AF0EE040AEFF704FA144BDFED157A93ED007A30EE070AB4EE2F
:201F4000E70AF1EE10FA04D5C3ED007AB0EE670A08BDDFED0E7AB4EEE70AF1EE10FAD2BF6F
:201F600083ED000AC3ED007AB0EE670A08BDF2EE0E0A9FED030AEFF7DFF9D9E72A3600205A
:201F800000000000700200200000F042000034432DE9F04F2DED108B0588ABB00446002D9D
:201FA00046D0B5F5C17F60D1994BDFF8A4821B788B420E46174600F09780964B1B78B3428E
:201FC00000F0AD80944B1B78B34200F0FC80934B1B78B34200F0E480914B1B78B34200F003
:201FE000CB80904B1B78B34200F0C6808E4D2B78B34245D0882E40D08C4B1B78B34250D030
:2020000098F80030012B00F09A80022B40F03A81882E21D1864B9F421ED1864B1B78DBB971
:20202000F5F788FC38464FF4A061F6F721FA13E0814A82498248FCF71FFF8248FDF788F8C4
:20204000F5F790FB80498148F9F776F8804B1B7813B12846FFF7B8FC4FF4C17323800120A4
:202060002BB0BDEC108BBDE8F08F0023038003202BB0BDEC108BBDE8F08F764B9F42BBD1E3
:20208000F9F7B8F820B998F8003033B1F9F780F898F80030002B40F0B580644B1B78B34234
:2020A000DAD1002FACD097F84B30042BA8D998F80030002BD0D0604A67496148FCF7DCFEB5
:2020C0006648FDF745F8F5F751FC6548F6F7F6F95748F6F7F3F9F9F781F86248FCF792FF50
:2020E000002323800220BBE798F80030012B02D00120FFF769FC504A50495148FCF7BCFEA3
:202100005948FDF725F8F5F715FC49484FF42071F6F7AEF93F4B1B78B3427FF453AF454902
:2021200098F80030514A0120087083424FF0000111707FF447AF0220FFF746FC42E7882E83
:202140008AD13B4B9F4287D13B4A3C493C48FCF793FE4748FCF7FCFF98F80030354A002176
:20216000022B117002D00220FFF72EFC30484FF4A061F6F77DF96FE72F4A30493048FCF7CB
:202180007BFE3C48FCF7E4FF3548F6F797F998F80030022B3FF42AAF0220FFF715FC25E744
:2021A000354998F80030354A00200870032B4FF00501117002D00320FFF706FC28488021D8
:2021C000F6F756F908E71C4A1C491D48FCF754FE2B48FCF7BDFF1749244A214800230B7068
:2021E0001370F6F76BF998F80030012B02D00120FFF7EAFBF5F79EFB0D484FF42071F6F7B6
:2022000037F9E4E613484FF4A061F6F731F9F3E61443002048360020113700201037002051
:202220006036002012370020104300200D430020F027002005360020B0AD010044A70100C0
:20224000D8A6010024B00100042500209402002027360020E0270020D0A60100E0B001007F
:20226000802800207402002040B00100283600201CB10100B4B0010029360020AE0300200E
:202280006CB00100032B7FF4E7AECB4B1B78B34200F06181882E7FF4DFAEC84B9F427FF45E
:2022A000DBAEFFF7E7FCF0EE608AB0EE419AB0EE408AFFF77DFDB0EE60AAF0EE41AAF0EE54
:2022C000409AFFF713FEB0EE40BAFFF727FEB5EEC08AF1EE10FABDEECAEAFDEEEAEAFDEE8B
:2022E000E8CABDEEC9DABDEEC8CAFDEEE9DABDEECBFAFDEEC0FAF0EE40BA00F18981B04B10
:202300001893F5EEC08AF1EE10FA00F19281AC4B1993B5EEC09AF1EE10FA00F18281A84E85
:20232000F5EEC09AF1EE10FA00F1A781A44FB5EEC0AAF1EE10FA00F19781DFF88482F5EEAC
:20234000C0AAF1EE10FA00F18681DFF87492B5EEC0BAF1EE10FA00F17581DFF864A2F5EEA8
:20236000C0BAF1EE10FA00F11D81DFF854B2F8F741FF002800F00281F8EEEF7A7BEEE7BA6B
:20238000F0EEEB7A17EE900A07F044F98D4B002207F098F907F046FCF8EECF7A17903BEE6D
:2023A00067BACDED16FAF0EECB7A17EE900ACDF854B007F02FF9834B002207F083F907F02E
:2023C00031FCF8EEEE7A14907AEEE7AA8DED13FAF0EEEA7A17EE900ACDF848A007F01AF9C6
:2023E000784B002207F06EF907F01CFCF8EECE7A11903AEE67AACDED10EAF0EECA7A17EEA8
:20240000900ACDF83C9007F005F96E4B002207F059F907F007FCF8EEED7A0E9079EEE79AAB
:202420008DED0DEAF0EEE97A17EE900ACDF8308007F0F0F8634B002207F044F907F0F2FB0F
:20244000F8EECD7A0B9039EE679ACDED0ADAF0EEC97A17EE900A099707F0DCF8594B0022FD
:2024600007F030F907F0DEFBF8EEEC7A089078EEE78A8DED07DAF0EEE87A17EE900A0696DB
:2024800007F0C8F800224F4B07F01CF907F0CAFBF8EECC7A199B059038EE678A0393F0EE01
:2024A000C87A17EE900ACDED04CA07F0B3F8454B002207F007F907F0B5FB189B424A0290F0
:2024C00000934FF40071414B41488DED01CA01F08DFC404B93E8070020AB03C323F8022BFB
:2024E000150C00211D220DF18B001D7007F0C4FD012003F0A5FA024618B1282120A805F0C3
:20250000E9FC354A354820AB802101F06FFC30493248F8F775FE3249324A3348FCF7ACFCB0
:202520002E493248FCF7A8FC314A3249137809780133DBB29942137030D82A4A28492A4893
:20254000FCF79AFC2C48FCF703FE1C484FF4A061F5F78EFF80E5234A21492348FCF78CFC47
:202560002648FCF7F5FD224A224B144800211170042280211A70F5F77BFF8BE6194A20493D
:2025800018901948FCF778FC1E48FCF7E1FD189B29781D481A46FCF79DFDC5E70748F5F707
:2025A00071FF59E5194A064B1FEE901A00290CBF93469B46DBE600BF1337002080280020A2
:2025C000A8AB010000408F407CB1010004250020E0250020E4B30100F4B201000028002075
:2025E00044A70100B0AD0100D8A601000CB3010029360020AE03002060B3010048B10100F4
:20260000D0A6010030B301009402002020B001001E4A1F4B1CEE101A002918BF1A461892C8
:202620006FE61A4E1A4B1DEE102A002A18BF1E4676E6164A164B1CEE901A002918BF1A469D
:20264000199266E6114A124B1FEE101A00290CBF92469A4683E60D4A0D4B1EEE901A0029F1
:202660000CBF9146994672E6084A094B1EEE101A00290CBF9046984661E6044F044B1DEE09
:20268000902A002A18BF1F4651E600BF20B00100A8AB0100024B034819780022FCF71ABDEA
:2026A0001043002094020020014B1878704700BF2736002070B50488672C06461BD0792C02
:2026C00033D05CB300230380032070BD1E4C1F4923681F4A0978581C002520602846D554FB
:2026E000FCF7F8FC1B4B2A4618688521FCF7F2FC30B300232360184C134D06E00A28E5D0FC
:202700000D28E3D02B687E2B15DD2046FCF7C0FD431CF3D167233380012070BDFCF748FCA8
:202720000A4A094B10701C60E5E7852901D0012070BD054CDDE706495A1CC8542A60E4E711
:2027400079233380012070BD1029002015430020902800204438002014290020044B054A9C
:202760001A607F22002104489A809971FCF728BC142900201C290020A4020020014B024AB6
:202780001A6070479C2900200100FD0010B51A4C0220A179FCF700FBA379112B17D0062B60
:2027A00007D03A2B1DD0BDE8104000210120FCF7F3BA124B1B8828331A191B5B5188994261
:2027C000BDE8104028BF19460120FCF7E5BA618D238D9942BDE8104028BF19460120FCF743
:2027E000DBBA064B28341B88195B49BABDE8104089B20120FCF7D0BA443B0020F6350020C5
:2028000070B414780D7A84F00204A542064624D00B891BB94B89B3F57F4F0FD01F4A14686A
:2028200001F1080303CB04F108031360012202FA06F320606160D8B270BC70478B89FE2B57
:20284000ECD1164CC989236823F8021B022202FA06F02360C0B270BC7047487A53789842EF
:20286000D6D1887A93789842D2D1C87AD3789842CED1087B13799842CAD1487B5379984234
:20288000C6D1887B93799842C2D1D379CA7B9A42BED1032202FA06F0C0B2CDE75830002044
:2028A0000F4B1A78012A19D110B459880288914203D000205DF8044B704742889988914209
:2028C00000F10200F5D1D98830F8022F9142F0D1428819899142ECD11846EBE700207047EE
:2028E0009C29002038B5154A154C164B24781B68156815492A460144181907F095FB601905
:2029000080B2FCF78DF9FCF745FCA8B10F4B00219B6804460E48984705F0BEFC2046FCF77A
:2029200077FC2046FCF75EFC0A4B1B68012B03D0032B01DC012038BD002038BD64300020B0
:202940002D36002068300020443B002094AA0100592901005C30002070B5124B1B680C46D8
:20296000154613B19B68084698470F4B0D201C60FCF726FA0D490646F6F738FB00B170BD52
:202980002A4621463046F6F745FA094B304621462A465B6C984729462046BDE8704002F05B
:2029A000DFBE00BFA82900205C300020D8AA01004CAD01002DE9F0410F468046FCF74AF909
:2029C000134B1978461A731E6D2B08D8114800230446A57871343DB101330C2BF9D14FF0B5
:2029E000FF363046BDE8F081C3EBC3040A4A03EB0413C418126800F8038003331144184490
:202A000032466770A67007F00FFB3046BDE8F0812D360020AC290020683000202DE9F04747
:202A200007461446002A3BD1644EB1468846B9F80A3092464FF0FF3523BB6B1C2ED009F1AF
:202A4000B009D4B16A1C15D0B02404FB05F406EB04090C20A9F80A80A9F80870FCF7B0F9F7
:202A600001464846F6F7BCFA04F110003044402102F04EFD2846BDE8F087B9F80A3001242D
:202A8000002BDAD009F1100002F05EFD002861D1691CD4D1B9F80A30002BD0D165B2CEE703
:202AA000464E3389834208D0B6F8B830BB4224D04FF0FF352846BDE8F0877389002BF3D0BB
:202AC0000C20FCF77DF901463046F6F78FFA0028EAD00025EFB238462146FFF76BFF002819
:202AE0001ADB0028E4DDB02303FB05666DB2B3891844B0812846BDE8F087B6F8BA30002B87
:202B0000D6D00C20FCF75CF901462D48F6F76EFA01250028CCD0DDE7738963B3002D48D085
:202B2000284802F011FD0028C2D0274B002103F24C5071819A781AB11A780AB99A700131E7
:202B400071338342F6D10029B2D021463846FFF731FFC6E71C4BA9F80AA003F24C51E0B20C
:202B60009A7822B11A78824208BF83F802A071338B42F5D161E7B6F8BA30002B98D0002D5F
:202B800096D1124802F0E0FC002891D00E4B0021A6F8BA108C4603F24C509A782AB11A7859
:202BA000012A04BF83F802C0013171338342F4D1C9E7B6F8BA30002BE3D179E7F82E0020BD
:202BC000A82F0020082F0020AC290020B82F00202DE9F84315090F2D02F00F0408BF1025FF
:202BE0000F2C06461F462DD0A04619B12A46304607F01AFA05EB08020F2A04DD5CB9D5B994
:202C00000120BDE8F883C2F110020021701907F033FA002CF3D01A4ADFF868901768D9F86E
:202C20000030DB1B03EB0807FCF714F887420EDD0020BDE8F8833046394603F095F80120E8
:202C4000BDE8F8831024A0460029CFD1E3E7D9F80070C8F1100030443946224607F0E4F96E
:202C6000022C05D03C44C9F800400120BDE8F8830A2DF7D8FF22FE23F2723373F2E700BFA5
:202C800068300020583000202DE9F04F394A00231370394A87B013700446FCF70FF8FBF7E3
:202CA000C5FF364B364A1B6810600BB1FFF76EFD042005F081F801460520FCF76DF831496F
:202CC000314E002C18BF21460D20FCF771F82F4B9B69984700280446306011DD264B284A52
:202CE0001B78D2F800B0DFF8B0A002330BEB030505F126010BEB00029142CAF8005003D39D
:202D0000002007B0BDE8F08F00220BF803202048FFF7C6FD03461F481F46FFF7C1FD8046C0
:202D2000002F00F001826B1CCAF8003080230193DFF8689099F8011099F800200B0943EADE
:202D40000213D8B2C3F3850343EA801311F00F0F58B202F00F02DBB222D1B9F802C0BCF10A
:202D6000000F1DD121F00F010A4340F0E2817823049326E02E3600202D360020A829002025
:202D800068300020D8AA01006030002094AA01004C3B00205C3B002058300020443B002064
:202DA00021F00F0C52EA0C0200F0AE81DAF80020D9F80010116002F8043B60210491CAF829
:202DC000002099F80630112B00F0BC81002B00F0B9813C2B00F0B681A3F12B02012A40F2A2
:202DE000B181DAF8002002F8013BCAF8002099F80730402B00F0D082FF2B00F0C882012B92
:202E000000F0C082DAF8002002F8013BCAF80020B9F80830002B40F00582B9F80C10B9F82D
:202E20000A30B9F80E200B43B9F810101343B9F812200B43B9F814101343B9F816200B4373
:202E400013439BB2002B40F00F82019B43F04003019399F81830FF2B00F02D82B8F1000FE3
:202E600000F06B8298F801202B7813432B700D20FBF7A6FFBC4902460020FFF7C1FC019FAC
:202E80000743FFB247F004030593B84B3468DAF80050D3F800B0B64A28231370B54B0193C3
:202EA000019B1E78112EA8464FF000075CD04EB13C2E00F04C812B2E00F054812C2E40F073
:202EC0009180022607F1280149444A780B780191D200112B02F1080200F04081002B00F05D
:202EE0003D813C2B00F03A812B3B012B40F236816B1C0BEB04008342BFF402AFCAF80030EB
:202F00009D188542BFF4FCAE1846CDE9021207F08BF8039A0299CAF800500346D0B2A0F190
:202F2000020C83F801C0924B93F800C00B7817448F4A6044112B107000F00E81002B00F06E
:202F40000B813C2B00F008812B3B012B8CBF0023012343EA460363F01F0388F80030019BAA
:202F60001E78112EA846A2D128376A1C39F80710CAF800200B0A43EA01239BB223F00F0235
:202F80004FF2B00609EB0701B24290B24A8800F0FD80120292B2B2F5704F00F0168103F48D
:202FA0007F43B3F5704F00F0FE802B46F02203F8052B0BEB04029342BFF4A2AE59F80700A0
:202FC000C5F80100CAF8003003F102089045BFF497AE6748C9880278198002F10803CAF8A3
:202FE00000800370644D049A2B78644E0BF803205F4A5B441178059A5A703388A8EB0B0879
:203000005FFA88F85A1A02EB0800844285F8008080F2EE80A4EB0805043D25F00705053C8C
:20302000521B121B002ACCBF02F1FF37032724F00708C4BF97FBF8F70437FCF7A5F8B84202
:20304000FFF45EAE002DFFF65BAE484A4C4BD2F80090494AB3F800A092F800B0DFF828C1EB
:20306000484F0AF101021A8049465A46002309F10400CCF8003006F0E5FF33883E4A89F83F
:2030800003A01B0A63F03F0389F80030338889F80130374B3D604FEA1A2A0BF1040B18787E
:2030A00089F802A082F800B0FFF71CFC00283FF427AE33882D492E4D09683A682D782E48AB
:2030C0001B0A63F01F030B7033884B7015443388ADB205229D42027009D39FE03A683388C2
:2030E0001544ADB2AB4240F29980204A11685B1BEA089C42B8BF43460A7128463B60FFF73D
:20310000F1FB0028EAD1FBE5DAF8003020F03F0001431970B9F80220A3F801200333CAF85B
:203120000030682304934CE600287FF4FCAD0190FEE5DAF8002002F8013B70230493CAF83F
:2031400000203EE6049B43F0040304934FE607F1280149440326B8E60123FAE62B460BEBA6
:203160000400CDE60126ADE65C3B0020683000202E3600204A3B00202D360020303B002038
:20318000F0350020643000205C300020130A43EA02239BB223F00F02824276D003F47F43E7
:2031A000B3F5704F11D02B46F22203F8042B0BEB04029342BFF4A4AD39F80700CAF8003019
:2031C000000A687048886880FEE62B46F12203F8042B0BEB04029342BFF492AD39F80700C8
:2031E000A5F801004888CAF80030000AE870EBE68B428CB2FFF484AD49440BEB080006F08C
:2032000013FF3088001B404480B2FBF709FD864B86489B680021984705F03EF8012007B076
:20322000BDE8F08F17BB48F2FE0293420BD1B9F81A30B9F81C10B9F81E200B4313439BB2F5
:20324000002B00F0AE807A4FDAF800E00FCF0EF11007CEF80000CEF80410CEF80820CEF862
:203260000C30CAF80070F4E5002FECD078782B78704A6F4943EA00132B700420FFF7C0FA68
:2032800060F03F00C3B20193E3E52B46F32203F8022B0BEB04029342BFF432AD39F8076025
:2032A0004888CAF80030360A000A00EB061000F5AA60687088E699F81930019A022B42F0E8
:2032C00008020592B9F81A2075D04ABBB9F81C1031BBB9F81E20B9F82000B9F82210024367
:2032E00092B211431AD199F82420002A00F0898099F82220A2B9DAF800504F4901982A4662
:2033000040F0090002F8013B0B68C5F801300B79059006351371CAF80050BCE5002AE7D071
:20332000464DDAF800600FCD06F1100530607160B260F360CAF80050ADE5B9F8182048F253
:20334000FE039A4215D1B9F81A30B9F81C10B9F81E200B4313439BB25BB90D20FBF730FD92
:20336000364902464046FFF74BFA019B0343DBB28AE5324DDAF80060019F05970FCD06F127
:203380001005D3E7049B43F00103049340E5049B43F0030304933BE5049B43F002030493CF
:2033A00036E5244A22490420FFF72AFA019F0743FBB201934DE5002AB2D1B9F81C10B9F843
:2033C0001E20B9F82050B9F822000A432A43B9F8245002432A4392B2002A7FF479AF99F890
:2033E0002620002A7FF475AFDAF8005099F8273005F8013B019BCAF8005043F00B030593FC
:2034000049E5DAF8005001980D492A4640F00A0002F8013B059008888B78A5F8010004358E
:203420009370CAF8005036E594AA0100592901004C3B00203C3B0020673B00205C3B0020E3
:20344000693B00202DE9F04F0C2091B0814F824CDFF81C82FBF7B4FC4FF0000BF5F73EFDC0
:2034600087F800B084F800B0FBF7E0FBC8F80000FBF7F0FB10B911B0BDE8F08F04F0C2FB28
:203480000420FBF78FFC0146062004F09FFC0320FBF788FC0146072004F098FCD8F8003000
:2034A0001A8852BAC2F3072101F0F801C02992B200F0A680E02967D158881D792378C2F34D
:2034C0000A0940BA053380B22A4649462370FFF7A5FAB0F1FF3F8246CDD0604ACDF808B0E3
:2034E000B02303FB00234FF4A06C9E890123CDE9003C4E4534BF00260126FBF7ABFB237846
:203500008342B8D8FBF7A6FB23783F78544AC41A07EBC5052544B5F5A06F146000F2F98137
:20352000BBF1000F0BD00199E2198A42A3DCD8F800100BEB07001944224606F075FDB9F161
:20354000000F00F0FB81029B3BB1444AB02303FB0A233A1992B29A811A83002E40F0648248
:20356000009B002B87D13C441FFA84F93D4C3E4A2368A2F8009023B1FFF708F923685B6838
:20358000984701F0BBFD76E7DA46D946CDF800B04FF4A062DFF8DCB0019222783348995C4D
:2035A00001F0F0050026F02D067047D001F0E000602861D041297FF45EAF511C53FA81F3B3
:2035C00003F1200C59461E685D689868D3F80CE0C1F80CE0103363450E604D60886001F1A5
:2035E0001001F0D118685B684B6008603B782833293200263B70009B2270354602937CE7C9
:2036000058882378C2F30A0940BA043380B25A4649462370FFF702FAB0F1FF3F82463FF476
:203620002AAF0E49D8F80030B02202FB001202F11A0B94210122CDE90021AEE70132D2B266
:2036400001F00F0511F00E0F227005707FF413AF995CABE72E3600202D360020F82E002037
:2036600064300020A8290020303B00202C36002068300020443B0020FBF7ECFA227802903D
:20368000531C8342BFF6F7AED8F8001088188B5C90F901504678039502F1020EBC4A01EB10
:2036A0000E00002D1060BCBF01301060D80600F14D81B74A10681A07A0EB010500F1908179
:2036C000029A0335AA427FF7D6AE054630F801CFAF4A80788BF80300ABF801C015F8040BF6
:2036E0009BF801C01560850805F0300545EA80150CF00F0CC0F3830040F0600045EA0C0C62
:203700008BF800008BF801C013F0040205920CD19F4A1068029A451AAA427FF7ACAE9C4A67
:2037200010F8015B8BF80650106013F0030300F04A819848C35C8BF807307506C6F3011317
:2037400040F1B281039A002AB6BF11F80E2000221209002B40F02A810BF1080519468E4A0F
:203760000691D25C04920C20FBF72AFB049A069903462846FFF72CFA00283FF47CAE16F010
:20378000080306F0030200F0A08170071FD4531E40F2FF21012BADF83C100DD87C48D8F84F
:2037A00000100368029D591A8D427FF764AE13F8011B8DF83D100360784900238A5C0BF103
:2037C00018000FA9FFF704FA00283FF454AE3B786F4A2833D2F800C0D8F800203B70029B3F
:2037E0000492ACEB020293427FF745AE059B002B00F014820BF10603059300220BF1280323
:20380000CDF82CB0CDE90C9A089266469B465AE05F49049BB51C0D600299EA1A9142737868
:2038200009937FF728AE2A46594B12F8016B1A60049B0A921146A1EB030A06F1020C069BCB
:2038400006F1010E19F0040F4FEADC093344D64409F1FF3A324606935FFA8AFA7FF40BAE4A
:20386000079D4F4B5B5D059DCDF814B02B70019B069D9D423FF7FFAD5FEAEC0C00F01282C7
:20388000099B8BF80030029B8BF801A07345FFF6F2AD06F0C9FB4FEAC909089B0A993A7807
:2038A0005FFA89F94B44DBB20893394B0E441E60039B0AF1010A91440BEBCA0B87F80090CF
:2038C000002B00F0F3810B9B32780499ABEB03030233069302F0F00C02F00103751C0393F7
:2038E000BCF1E00FC2F342030BF10200A5EB01014FEA5209079340F0A681254A1560029A9D
:203900008A427FF7B8AD039B002B81D00023099389E72449244B5FFA8AF0B02202FB001227
:203920000024548103F24C519A781AB11A78824208BF9C7071338B42F6D19CE5009B002B77
:203940003FF411AE002E7FF411AE94E513F0080563D10F4A1068029AA0EB010C62457FF736
:203960008AAD90F800C00A4ACCF3830C4CF0600C8BF800C010F801CB10604FEA9C0000F032
:20398000300040EA8C10ABF802508BF80100BBE65830002048B401004CB4010054B4010068
:2039A00030B40100F82E0020AC290020C549087801287FF460AD487890427FF45CAD02316F
:2039C0000BF10805CBE6C04A029D1368581A85427FF751AD13F8010B8BF807001360ACE6B6
:2039E000029A02354FF0600CAA428BF800C07FF742AD90F800C0B44A4FEA9C0505F030056B
:203A00000CF00F0C45EA0C0C8BF801C0B0F80150ABF802500330106076E660250020ABF8CF
:203A20000050ABF802006FE6DFF8BC82B02303FB0AF308EB03025589B2F818B0A2F80C90DB
:203A40005D4568D3B5F5A06F65D81A3308EB03015A469E489E4E06F0E7FA9C4BA5EB0B0282
:203A600003EB0B00002106F007FBF51E06F24C5B02E07136B34574D016F8012C002AF8D090
:203A800016F8033C9A45F4D116F8023C8F4802EBC301B1F5A06F4FEAC3033146184400F2E8
:203AA000258106F0C1FAE4E78A4A0C20D25C0492FBF786F9049A884903460BF10800FFF7FD
:203AC00087F800287FF45BAED5E4710738D50399002906DA2178D8F800300B449B7803F0F2
:203AE0000F03784D297801297FF4C5AC697899427FF4C1AC794B0D209A5C0392FBF760F9DD
:203B0000039A0346A91C0BF11800FFF761F800287FF45DAEAFE4B0235FFA8AF003FB008A30
:203B20006F4B0024AAF80A4003F24C519A781AB11A78824208BF9C7071339942F6D19AE45F
:203B4000644B0D209A5C0392FBF73AF9039A624903460BF11800FFF73BF800287FF437AE8B
:203B600089E45FFA8AF1B02303FB018A00205D4AAAF80A00AB781BB12B788B4208BFA870F7
:203B80007135AA42F6D1009B002B3FF4ECACEDE40299013399427FF76EAC9CF801301B0947
:203BA000A3F575639BB21B0243F0F00333809CF8013003F00F03A3F575639BB21B0243F07B
:203BC000F0037380404B0CF102051D6053070CD43D49049A0B6802989A1A013290427FF759
:203BE0004AAC33F8022BF2800B60FBF733F8364AD8F8001012680346B9F1000F00F0AF8082
:203C0000089AA9F128039B1A9BB21A0212B21B0A3978134301F10802B3803A702A4BD8F811
:203C200000201B689B1A2370B9F1000F71D0A9F128031A1200268BF80530009B8BF804208E
:203C40003546029359E4049B0299B446ACEB030399425E46DDE90C9ADDF82CB07FF70BAC7D
:203C600002F0F802F02AD9D10199A6EB0B0207328A42BFF600AC059911220A709CF80020F7
:203C800002F0F301F03903293FF6F5AB01A050F821F000BF9D3D0100713D0100333D010060
:203CA000913B01008BF801C0FFF7E5BB049B029ADDF82CB0F31A9A42DDE90C9AAEDCFFF79C
:203CC000DABB00BF9C29002058300020443B0020AF29002050B4010034B401004CB401007D
:203CE000AC290020F82E0020F82E0020B02303FB0A823249002353815FFA8AF0AA781AB1B4
:203D00002A78824208BFAB707135A942F6D1FFF7B2BBFAF79FFF21783A78431A1344283BAF
:203D20005BBAABF80430009B02934E464D46FFF7E4BB0299033399427FF79DAB9CF801307C
:203D4000A3F580539BB21B0243F0F0033380BCF8023073801A4B0CF104051D6036E7521A6B
:203D6000C2F1080213449BB21A0212B21B0A4FE70299033399427FF77EABBCF801303380C4
:203D80009CF80330A3F580539BB21B0243F0F00373800B4B0CF104051D6017E702990433C5
:203DA00099427FF768ABBCF801303380BCF803307380034B0CF105051D6007E7F82E002027
:203DC0005830002038B54368934294BF03F1FF35154604462A46006806F026F9D4E90032D2
:203DE0002B44521BC4E90032002038BD0CB410B586B008AA029052F8043B094C0192084635
:203E00000390194604A802ABCDE9044300F0BCF8029B00221A7006B0BDE8104002B0704759
:203E2000C53D0100074B82B001AA9A42019304D9CD2103F8011B9342FBD10348002102B03F
:203E4000FBF7BEB828430020B402002038B5124C124D04F021FA2378CD2B08D0AC4202D3B2
:203E60000EE0AC4212D014F8013FCD2BF9D1AC4202D30BE0AC4209D014F8013FCD2BF9D0F4
:203E800004F00AFAAC4203D2281B38BD04F004FA4FF0FF3038BD00BF28430020000004206C
:203EA00070B50388044633B1972B0DD1154BDB6873B1012070BD13484FF4A061F4F7D8FA13
:203EC00097232380012070BD00230380032070BDFFF7BCFF0C4E0D4BF61AB04205460DD9AB
:203EE0000B4B1B68002B09DD0A4A0B490B48FAF7C3FF0B4832462946FAF7BEFF0148F4F70E
:203F0000C1FADDE76C30002000000420284300209801002058B4010070AB0100D8A6010056
:203F200060B4010010B50446F1F7FAFDD4E900321344C01A6FF0004398422CBF00200120B6
:203F400010BD00BF102A2DE9F041144606460D460DD90C4F01E0102C0CD9336828681022BB
:203F60003946103C98470028F5D0BDE8F0811046002AFAD03368286802492246BDE8F04196
:203F8000184700BFCCB401000B78002B00F0DF842DE9F04F91B0904600228A4681460092CA
:203FA00004E01AF8013F002B00F0D680252BF8D1514500F00381AAEB0104D9E90030224643
:203FC0009847002840F05881009A9AF8003022440092002B00F0C3809AF801300AF101045C
:203FE000002B00F0BC800021A3F12002102A0AD8DFE802F0AF0909AC09090909090909A969
:2040000009A60909A100A3F13102082A40F2BD802A2B00F0C88000262E2B00F0AB804FF070
:20402000FF3B6C2B00F09F80682B00F0CA807A2B03D1637841F060010134782B00F2EA80B9
:20404000DFE813F08D00E800E800E800E800E800E800E800E800E800E800E800E800E80041
:20406000E800E800E800E800E800E800E800E800E800E800E800E800E800E800E800E800C0
:20408000E800E800E800E800E800E800E800C401E800E800E800E800E800E800E800E800C3
:2040A000E800E800E800E800E800E800E800E800E800E800E800E800E800E800E800E80080
:2040C000E800E800E800BD01E800E800E800B601AF01A801E800E800E800E800E800E80032
:2040E000E800E800E800E800E800E800E800E800E800E800A101E800E800E800E800E80086
:20410000E800E800E8009A01E80093011F015B0169016201E8001F01E800E800E800E800DF
:2041200085017E017701E800E8007001E8005401E800E8004D0141F0100114F8013F53E79E
:2041400041F00101F9E741F00601F6E741F00801F3E741F00201F0E78A457FF42CAF009863
:2041600011B0BDE8F08F63786C2B31D0013441F0600162E76378A3F13000092804F101020F
:204180002BD92A2B3AD0144649E7002606EB860603EB460614F8013FA3F13002092AA6F179
:2041A0003006F3D938E7D8F800606378002E08F10408B8BF41F0010101342DE79AF80030EB
:2041C00007E76378682B20D0013441F0400134E7A37841F0800102342FE74FF0000B0BEB78
:2041E0008B0B03EB4B0B12F8013F2F2BABF1300B40F29282392BF2D9144612E7A378D8F8B7
:2042000000B0023408F104080BE7A37841F02001023412E701F4E0630F46B3F5A06F04F1EC
:20422000010A39D000F29181B3F5407F00F09C81B3F5806F40F0D180D8F80050019508F12B
:204240000408002D40F02082C44B01930625BBF1000F02DB5D4528BF5D46AE428CBF761BF5
:204260000026F80740F12382D9E9003001992A469847002800F0B9814FF0FF3011B0BDE842
:20428000F08F01F4E06343F48073B3F5A06F41F4245704F1010AC5D1012ED8F800308DF88C
:2042A0002830354638BF0125FA0705F1FF3508F1040840F11C82D9E9003001220AA9984768
:2042C0000028D9D12A4609F104014846FFF73AFE009B01330028CFD1EB1800933FE001F4A0
:2042E000E06343F4807341F4C85796E701F4E06343F4807341F410678FE701F4E06343F48D
:20430000007341F4024788E701F4E06343F4007341F4813781E701F4E06343F4007341F4EF
:2043200000777AE701F4E06343F4806341F4806773E701F4E06343F4407341F440776CE77C
:2043400001F4E06343F4807341F4885765E704F1010AD8F80030009A1A6008F104086378A7
:20436000002B3FF4FCAE514620E601F4E06343F4A06341F4A06750E701F4E06343F40073D1
:2043800041F4C13749E701F4E06343F4807341F4B24742E701F4E06343F4007341F4A13718
:2043A0003BE701F4E06343F4007341F4844734E701F4E06343F4007341F442472DE701F435
:2043C000E06343F4007341F4E13726E701F4E06343F4C06341F4C0671FE7B3F5807FBED16C
:2043E000BBF1000FABBF27F010070123CDF804B0019317F40053069307F0E00300F01D81DA
:20440000402B00F07C8200F20B81002B00F05A82202B40F09E8298F9002008F10408D31793
:20442000002A73F10001C0F21D82CDE9022307F4C053B3F5805F00F08C81B3F5C05F00F078
:20444000E781B3F5006F00F0AD81002305939B460DF13E030493019B9B4534BFA3EB0B0342
:20446000002341F60802019307EA020141F208039942019B00F0138191425B4404D1DDE90A
:2044800002120A4340F0588100250795069A7AB1059A002A40F04C8107F00602022A00F045
:2044A00054812F49062A079A04BF0A46012507922B449E428CBFF31A0023029317F00103A2
:2044C000059307D1FE0640F1F381DDE901210A44CDE901233DB1D9E9003007992A469847E4
:2044E00000287FF4C9AE009B019F5B44102F009340F2B2811B4ED9E9003010223146103F46
:20450000984700287FF4B8AE102FF4D8D9F800301449D9F804003A46984700287FF4ACAE29
:20452000D9E9003004995A469847009B1D4400287FF4A2AE019B2B449B46059B002B40F09F
:20454000ED80029B5B44009309E7B3F5C06F5BD0B3F5E06F3FF4FDAE01E700BFC0B401003C
:20456000B8B40100DCB40100D8F80010C948CA4D17F4804F08F104080A464FF0000314BFF1
:204580008346AB4600296AD00DF13B0E7146100902F00F0C40EA03701D0902462B461BF84B
:2045A0000C0001F8010D52EA0300F0D1BEEB010557D003357823AE4201F8013C4FF03002A8
:2045C0004FF0230301F8022C01F8033CA1F1030B8CBF761B0026F9077ED5D9E90030594691
:2045E0002A46984700287FF447AE324609F104014846FFF7A7FC009B2B441D4600287FF436
:204600003BAE73190093AAE6D9E90030A3490122984700287FF430AE009B013300939EE6C3
:20462000602B00F04F81802B40F0938108F1070828F00708F8E80223F2E6402B00F0578101
:2046400015D8002B00F04481202B40F0998198F800200023CDE9022308F10408E7E60DF17A
:204660003B01302301F8013C04250139A2E7602B00F02E81802B40F0838108F1070828F060
:204680000708F8E80223D0E62B78002B00F0488115F8013F002BFBD1019BED1AD7E5012BFA
:2046A00038BF01230025019307955B44EEE6324609F104014846FFF745FC00287FF4DCADB7
:2046C0000199D9E900302A46984700287FF4D4AD009B2B441D4694E7324609F104014846F6
:2046E000FFF730FC00287FF4C7AD5946E9E72A4609F104014846FFF725FC00287FF4BCAD02
:20470000D9E9003001220AA99847009B013300287FF4B2AD2B44DFE514468EE4029A09F194
:2047200004014846FFF70EFC00283FF40AAFA3E55B4A07920125BBE65A495B4A17F4804F23
:2047400018BF0A4607920225A0E6584A07920125AEE6DDE9022313433FF477AEDDE9022373
:204760001846002315460593DDE902230DF13E0107918C464FEAD20B4BEA437B02F0070130
:204780004FEAD30E30315A4673460CF8011D52EA0301EFD1079BCDF810C0CDE90250A3EB56
:2047A0000C0B58E6DDE90223134300F0C88000230593DDE902120DF13E03CDE9086407939B
:2047C0008B46154604971C46584629460A22002305F0A0FA303204F8012D584629460A2200
:2047E000002305F097FA2F465E46002F08BF0A2E83460D46E8D2079B049F089E0494224608
:20480000A3EB020B099C26E600220023CDE9022317F4804365D10593DDE902231E4DDDE974
:204820000201014300F085800DF13E000790110902F00F0E41EA03714FEA131C0A46634640
:2048400015F80E1000F8011D52EA0301EFD1079B0490A3EB000BFEE5019B002B3FF460AE5D
:204860001F4653E6524207F4C05163EB4303B1F5805FCDE9022355D0B1F5C05F45D00123E3
:20488000B1F5006F059394D00DF13E0304934FF0000BE0E59CB4010088B40100C8B4010017
:2048A00020B00100B0B40100B4B40100BCB40100029A09F104014846FFF744FB00283FF42F
:2048C00009AED9E4D8F8002008F10408D317A7E5D8F8003000221946CDE9021208F10408A9
:2048E000A5E50021DDE90223324D059197E7B8F800200023CDE9022308F1040897E5B8F98F
:20490000002008F10408D3178AE57B0405D50121DDE90223274D059186E7012305937BE71E
:20492000019DB9E6DDE9022318460123154605931AE70DF13E034FF0000B04938BE54FF00A
:20494000000B0DF13E03CDF814B0049383E51846704707F4C053B3F5805F06D0B3F5C05F3E
:204960003FF452AFB3F5006F13D0002305939B4600230022CDE902230DF13E0304936AE528
:2049800007F4C053B3F5805F08D0069B05939B46EEE74FF0000BCDF814B0E9E706990591E3
:2049A00000230022CDE902230DF13E038B46049351E500BF9CB40100074A08491368184471
:2049C000884202D8106018467047054B0C221A604FF0FF3318467047C40200200000042026
:2049E0000843002010B44FF080414FF080520020C1F80C015E4BC1F81001C1F83805D2F85E
:204A00000414C3F82015D2F80814C3F82415D2F80C14C3F82815D2F81014C3F82C15D2F81E
:204A20001414C3F83015D2F81814C3F83415D2F81C14C3F84015D2F82014C3F84415D2F86E
:204A40002414C3F84815D2F82814C3F84C15D2F82C14C3F85015D2F83014C3F85415D2F8BE
:204A60003414C3F86015D2F83814C3F86415D2F83C04C3F86805D2F840043E49C3F86C0581
:204A80000968D2F84424C3F87025082924D04FF08043D3F80024D20744BF6FF00102C3F814
:204AA0000024354AD2F8883043F47003C2F88830BFF34F8FBFF36F8F4FF01023D3F8002216
:204AC000002A23DBD3F80432002B1FDB2B4B2C4A1A605DF8044B70472A4B1B68002BD6D1FD
:204AE00029482A4A2A4C04602A492B4BFB20C2F818050A681B68294822F00F0203F00F038E
:204B000013434FF400720B600260C0E7244A0123C2F80435D2F80034002BFBD04FF010232B
:204B200012211F4AC3F80012D2F80034002BFBD04FF0102312211A4AC3F80412D2F8003440
:204B4000002BFBD000231649C2F80435D1F80034002BFBD0BFF34F8F0749124BCA6802F492
:204B6000E0621343CB60BFF34F8F00BFFDE700BF00C000403001001000ED00E0C802002088
:204B80000090D003340100108C56004000F0004048810300E40E004058020010409602409B
:204BA00000E001400400FA052DE9F0410F4A104B15881F680646B48B7069AC4228BF2C4607
:204BC0002246394605F030FAD6F8048023463046B8F1000F02D07269F168C0472D1BADB232
:204BE0002744002DE7D1BDE8F08100BF303B00204C400020C18C01B9704710B4084A048DF4
:204C00001268D28BA24228BF224603469142A8BF1146806999845DF8044B02F0B9BF00BFDD
:204C2000504000202DE9F041038804462BB1F22B08D1944B1B788B4209D0F22323800120E5
:204C4000BDE8F081002303800320BDE8F0811546002A48D0136B1BB18B4A12689342ECD197
:204C60008A4E337813F0400148D11F0671D5AF6827B1E96802222846B8473378AA8D2AB15B
:204C800095F82A2042F0010285F82A209A0600F1C880DF0748D4980741D4190702D0284652
:204CA000FFF7A8FF6F8C27B995F82A309A0700F18F803378D806C0D5734B0021186800F087
:204CC000F3F9AB6800222A631BB1E968012228469847AB8D002BB0D095F82A3043F0010398
:204CE00085F82A30A9E7694E337813F0400141D1980600F19180202333709EE7624AAF68C7
:204D00001268D28B2A8527B1E96800222846B8473378990774D42846FFF76CFF8DE7284611
:204D2000FFF742FF3378B8E7EA8C002AB3D0AA8C002A7CD16B8CAF689B1A9BB200226B8401
:204D4000EB84AA841FB1E96804222846B8473378A1E79A069DD54C4B186800F0A5F9AB6805
:204D60001BB1E968032228469847AB8D002B4BD133788EE7464B1D68002DBCD0DFF80881D6
:204D800002E02D68002DB6D095F82A30DB07F8D5AF8D002FF5D0D8F80030188A02F0E6FEAB
:204DA0008742EED195F82A30D8F8000023F0010385F82A30C38B2B85294600F075F9AB68E8
:204DC000002B5CD0E9680022284698473378A0E72D4A2F6323F0020385F82A3010681023E7
:204DE0003946337000F060F9AB8D2F63002B3FF460AF95F82A3043F0010385F82A3058E7DD
:204E00002846FFF7D1FE86E795F82A20337842F0010285F82A203CE71B4B186800F044F93E
:204E200069E7194B0021186800F03EF997E72B8CA86981189A1A05F005F96B8CAA8C93426E
:204E4000BFF479AF104B0021186800F02DF9AB68202232707BB1E968032228469847AB8D47
:204E6000002B3FF474AF95F82A20337842F0010285F82A200FE7AB8D002BF4D112E7337871
:204E800047E700BF1643002050400020444000207C30002070B50A4D0A4B2E682B60044650
:204EA000808D02F063FE00F0E1F894F82A302E60002223F00103A28584F82A30012070BDD1
:204EC00044380020CC0200202DE9F041184F97F800C00446884616461D46BCF1000F18D0D0
:204EE00014B3069BA361079B2384089B63600027099B1048C4F80C806661A583A36067844F
:204F00002146F4F77BF8A78584F82A700120BDE8F081084B0848C3F800C06146FAF750F855
:204F200001233B70002CDCD14FF0FF30BDE8F0812F3600207C300020CC02002008B32DE935
:204F4000F0410446006B0F46154610B1002100F0ABF80D4E0D4BD6F800803360284602F052
:204F600005FE22460146384600F06AF8C6F80080206310B10120BDE8F0814FF0FF30BDE8E3
:204F8000F0814FF0FF30704744380020CC02002070B5C0B10446408C238CA6691D1A954279
:204FA000A8BF15462A46304405F04CF8638CE28C2B449BB2638422B1206B00F025FA284637
:204FC00070BDE384F8E74FF0FF35F8E738B190F82A3043F0020380F82A30012070474FF020
:204FE000FF30704770B110B50446FFF753FF206B10B1002100F058F804482146F4F74AF8C6
:20500000012010BD4FF0FF30704700BF7C30002010B5014682B004460120F6F753FB38B91D
:20502000064BDB680193204602B0BDE81040184702F0E8FD002002B010BD00BF38B40100BA
:2050400038B5154601F00AFD044640B1054BC5621B688362024600210348FAF73BF82046B8
:2050600038BD00BF44380020DC02002010B40C4A0C4B146803F1A00102E008338B420BD09B
:205080001A888242F9D15A68A242F6D100221A805DF8044B01F0CCBD5DF8044B704700BF7F
:2050A0004438002090300020024B1B68C0E90A31704700BF4438002010B5144601F064FD3D
:2050C00018B1024BC4611B68836110BD4438002000B5084B83B01B688DF8070033B1064A47
:2050E000184611780DF10702FAF716F803B05DF804FB00BFD441002017430020002108B570
:205100000846F6F7DFFA18B1BDE8084002F07ABD024602210348F9F7FFFFBDE8084002F019
:2051200071BD00BFDC02002070B5384D2B8888B0002B36D0B3F5A06F31D8354C608B238BE4
:20514000A28BE18B03431343228C608C0B431343A18CE28C03430B4313439BB2FBB12D4EE3
:20516000736B9847D8B1237EFF2B1CD004F1180000F020FC20B12B889BB100F04DF810E024
:20518000336C04A8984780B104AC204600F0B4FA054648B3284600F0A9FAFFF739FF02F099
:2051A00031FD08B070BD0020F7E704F1180000F0E3FBB8B904F1180000F0E2FA054658B165
:2051C00000F0DCFA04460028DFD12846F36C9847284600F0D7FAE2E700F038FB04460028AE
:2051E000DDD0D2E71834D0E702A8214600F0C6FD092301952A46009302A92046012300F098
:2052000019FA05460028C5D1C9E700BF303B0020443B00204CAD010010B5114B114C1B88BE
:20522000228803F13B01914203DA0F4A9179062909D0012001F010FD238803B910BDBDE881
:205240001040FFF771BF134493F835309B07F0D50648C368002BECD1F3F71EF9E9E700BF39
:20526000F6350020303B0020443B0020803000202DE9F042038804467BB340F23530834242
:2052800026D102296BD0914616D9872942D088290CD1504B9A4200F082804F4B9A4205D1E6
:2052A000D3681BB900F0B0FCFFF73EFF40F2353323800120BDE8F082002940D0002AF5D073
:2052C000464B05201A6001F0C7FCFFF72DFFEDE7002323800320BDE8F082414D1946A02245
:2052E000284604F0C9FE3F4B1B68C5F8A030F9F75FFE3D4B1870F9F75BFE3C4B0246402115
:2053000034481A70F3F7B4F801F068FB384B5B689847CBE7374D002705F1A00602E0083560
:20532000B54223D055F8043C9945F8D135F8080C01F07EFC25F8087C45F8047CEFE7002A45
:20534000B4D02D4B03201A6001F086FCFFF7ECFE2048C368002BA9D1F3F79EF8A6E7274BAA
:205360001B88002BA2D0FFF757FF9FE7244B002503F5C070996A894504BF9D6283F82550DC
:2053800030338342F6D11F4B002503F580709969894508BF1D8220338342F8D186E7D368E8
:2053A000002B83D1164D144F05F5C07603E03035B5423FF47BAF95F82530002BF7D048467A
:2053C000F3F76AF802203D6001F046FCFFF7ACFEEDE700BF80300020203B00204840002069
:2053E000903000204438002016430020174300204CAD01009830002050400020303B002021
:205400005440002008420020024600210148F9F761BE00BFDC02002038B51C4B1A68002AF0
:2054200030D002F128051A4B1B785B0618D5194B118A03F1A00402E00833A3421AD033F858
:20544000082C8A42F8D153F8040C0028F4D00022C5E90002104BDB6833B90F48F3F71CF88B
:20546000286800B938BD6A680C4B1978BDE83840F9F752BE084BDB68002BEED028680028E0
:20548000F0D0F0E7064B1D681835CCE750400020444000209830002080300020164300201A
:2054A00048400020802802D1024B00221A600120704700BF04C500400120704730B5134C24
:2054C0000123236083B0FCF7FDF86FF003031D1A03E0FCF7F7F8C54203D5D4F80031002BA2
:2054E000F7D00A4B0022C3F80021D3F80825D3F80835920544BF6FEA83536FEA9353034A3D
:20550000019301235360019803B030BD00C0004010B541600446F0F7E7FA206010BD00BF63
:2055200010B50446F0F7E0FAD4E90021C2F101031844884284BF5218226010BD10B50446D5
:20554000F0F7D2FA206010BD10B50446F0F7CCFAD4E90032C3F10103184482422CBF0020BD
:20556000012010BD30B4144B1448154D4FF0A04100220324C3F80025C1F874474FF00054EC
:20558000C1F80845C1F87C271F241D21C3F8245582B0C3F86C25C3F81445C3F80C15026024
:2055A00001680191019C074A04200121C3F80005116002B030BC7047002000401C21004059
:2055C00000E0D70108200040074B0849084A0020186082B01B680193019BD1F818051368D8
:2055E000C0B202B0184700BF08210040002000403431002050B110B5054B04469B6C9847D5
:2056000021460448BDE81040F5F7E2BF704700BF4CAD0100EC02002008B5F3F7C5FCBDE8CA
:20562000084002490248F5F781BE00BFF5550100EC020020F8B505469DF818200B481E46CE
:20564000079BF5F757FF044668B1094BD5F800C06F68A968EA689B6CC0F800C047608160E1
:20566000C260467498472046F8BD00BFEC0200204CAD0100002834D02DE9F041884688B014
:2056800061B307461848F5F7D5FE064630BB3D682868EB686968AA6803AC0FC428462B8A43
:2056A0002380FFF7A7FFC8B1052300939DF81C209DF81D300196414603A8FFF7BBFF054600
:2056C000386058B103AC0FCC28606960AA60EB6023882B82304608B0BDE8F0814FF0FF30EF
:2056E000F9E74FF0FF307047EC02002001460148F5F7D2BFEC02002070B5B8B105460D484E
:20570000F5F76AFE044688B10A4E03E0F5F730FE044658B129461022204604F077FC034653
:2057200021463046002BF1D1204670BD0024204670BD00BFEC02002001460148F5F77ABED4
:20574000EC02002008B5FFF7D7FF28B10146BDE808400248F5F7A0BF08BD00BFEC0200207E
:20576000704700BF08B50348F3F790FD024B00221A6008BDFC0200205832002000207047E7
:2057800000207047704700BF0C4B1B68A3B1984210B5044602D105E0A34203D01B68002B87
:2057A000FAD110BD21460548F3F774FC21460448BDE81040F3F798BD704700BF583200203C
:2057C000FC02002038B5054670B1084B1C6814B908E0246834B110222946201D04F016FC71
:2057E0000028F6D1204638BD0446FBE75832002070B5C0B10E460546FFF7E4FF0446A8B1D8
:2058000028686968AA68EB68251D0FC51EB901232377204670BDA661F0F782F90023606137
:205820002377204670BD0024204670BD0548F3F73FFD04460028F6D001460348F3F70CFC55
:20584000DEE700BFFC0200205832002038B5084B1C685CB1251D2846FFF74EFF08B1437CC0
:2058600013B92468002CF5D1284638BD2546FBE75832002038B50A4D2C6824B1237F1BB169
:205880002468002CFAD138BD04F11400FEF74AFB0028F5D02046FFF777FF2C68EDE700BF67
:2058A000583200202DE9F04702FB0106B0429DF820A0DDF8249016D20446174698464FEA77
:2058C000DA0A05E004F0A2FBA8B13C44B4420AD2257C204652464146002DF3D1C9F80040AB
:2058E0003C44B442F4D3D9F80030002B14BF01200220BDE8F087C9F80040BDE8F08700BF31
:2059000000487047A032002080B32DE9F041DFF8648082B0CDE900184FF0000C0D46174666
:205920001E46044603461C221148C8F800C00321FFF7B8FF012803D0002002B0BDE8F081A4
:20594000D8F800C08CF810002068E3686168A26864460FC4D8F80000089B4361099B45748C
:205960008774C674836102B0BDE8F08100207047CC3A0020C8320020F8B50C4B0C4E1C466F
:205980000546336003F15407237C2046294623B1627CD20804F03AFB28B11C34BC423460F6
:2059A000F2D10020F8BD0120F8BD00BFCC3A0020C8320020A0B130B583B00A4C0194802284
:2059C000034600250092084825601C220321FFF769FF10B9206803B030BD002003B030BD81
:2059E00000207047C0320020D0390020F0B4124B124F05461A463B60184603F15404002122
:205A000048F2FE0608E0437CAB420AD01C30A0424FF001010CD00246037C002BF6D06B1C50
:205A2000F1D10388B342F1D121B13A60F0BC704738600020F0BC7047D0390020C03200203D
:205A4000F0B4124B124F05461A463B60184603F15404002148F2FE0608E0437CAB420AD027
:205A60001C30A0424FF001010CD00246037C002BF6D06B1CF1D10388B342F1D021B13A602D
:205A8000F0BC704738600020F0BC7047D0390020C032002000B370B582B0104D01958023AD
:205AA00000930446034600260D482E6012220721FFF7F8FE012802D0002002B070BD2B68E2
:205AC000187420686668A168E268186028685E609960DA6002B070BD00207047C4320020CC
:205AE000483A0020002847D02DE9F04782B0234E01968023009388460346914604464FF091
:205B0000000A1F48C6F800A01C220321FFF7CAFE0128054603D0002002B0BDE8F0873768C2
:205B2000387420686168A268E3680FC7376887F81290B8F1000F16D1FD7412480122FF23CE
:205B40007A740373637B4373E389C38140F2FF2100224FF0807380E80E00FFF79BFF306859
:205B600002B0BDE8F08787F813A0C7F81880EFF7D7FF78613768E0E700207047C0320020EA
:205B8000D0390020B0320020A0B130B583B00A4C01948022034600250092084825601222DB
:205BA0000721FFF77FFE10B9206803B030BD002003B030BD00207047C4320020483A00200A
:205BC00038B50D4BFF221A73427B5A7304464FF0807140F2FF2000251860E289996018461E
:205BE0005D60DA81FFF7D0FF044B186000B105740023237438BD00BFB0320020C432002051
:205C000008B1FFF7DDBF704738B5124B124C1846236003F1540504E020681C30A84220608A
:205C200010D2037C002BF7D0C37C002BF4D11430FEF778F90028EFD020680028EDD0FFF7EE
:205C4000BFFFE9E7FFF716FEBDE838400348F2F719BC00BFD0390020C0320020203B002011
:205C60002DE9F04F0B8848F2FE094B4505463BD00B78FF2B38D03A483A4E0023024630605B
:205C800000F154089A4603E01C324245326022D0107C0028F8D0507C0128F5D1108848453F
:205CA000F2D001F1FF3C571E00201CF801BF17F8014FA34500F1080E3FD15FFA8EF08028AF
:205CC000F3D1504528BF134602F11C0228BF824642453260DCD12BB31C460FCC2860696039
:205CE000AA60EB60BDE8F08F1D4B1E4E1946336003F15404002048F2FE0705E01C33A342A1
:205D00004FF001000DD019461A7C002AF6D05A7C012AF3D11A88BA42F0D10028DCD03160F8
:205D2000DAE7336000232B806B80AB80EB802B816B81AB81EB81BDE8F08F00F1080E8BEAF0
:205D400004045FFA8EFE670014F0800F00F1010CFCB2B6D15FFA8CF08645F4D1B1E700BF6D
:205D6000D0390020C03200200B684A688360037AC26083F002030372704700BF51F8083F4E
:205D80004A6803600378426083F002030370704770B5094E70684508F9F752FA0446F9F718
:205DA0004FFA24027268A4B22044B0FBF2F302FB1300284470BD00BFC0390020F0B53C4AA4
:205DC000548813889088D1881589234303430B4354899089D1892B43234303430B439BB23E
:205DE00083B023B9C2E90133FD21D3601160314E314CFFF711FCFFF7B5FC542200212F483F
:205E000004F03AF930464FF48472002104F034F92B492C4B4FF4A0604EF66022402730607F
:205E200072601C20102286F806711A700870FFF7AFFF002539464FF47A77CDE90055F7604D
:205E400048F2FE072B46B0602A4686F80751C4E900752046FFF758FD1B4B1868596804F1CD
:205E6000080303C3237A2946012283F002032046237240F2FF26FFF735FE4FF08073E360BA
:205E8000C4E9015520462660FFF704FE4FF00073C4E90065C4E902532046FFF7FBFD0B48AE
:205EA0004FF4F05103B0BDE8F040F2F7E1BA00BFA0320020C0390020B0320020CC3A002060
:205EC000C93A0020C83A00203C3B0020203B00202DE9F047DFF8548008F108030FCB84B061
:205EE0006E4686E80F0098F8077000F017FE0E4B1C689CB1DFF838A0DFF8389065683946A1
:205F0000304645B1BAF80030B9F800202C3B2C329BB24244A8472468002CEFD101F072FE02
:205F200004B0BDE8F08700BFCC320020443B0020303B0020F6350020F8B51C4F1C4A3B7E08
:205F400092F80621FA71FF2B22D007F1080696E80F00184D07F1180485E80F0094E80F00F6
:205F600086E80F0095E80F0084E80F00124C00F0D5FD23882833FA1881200021F852518088
:205F800000F028FD23880D4A1344C0435880F8BD07F1080494E80F0007F1180585E80F00E3
:205FA00029462046FFF75CFEE0E700BF443B0020C0390020D4320020F63500206C3B002046
:205FC00008B5094B1B6863B11A7A8242FAD15A7A914201D0FF2AF5D15B6813B19847002009
:205FE00008BD012008BD00BFD032002001460148F3F704B8D03200202DE9F84F494B1B7839
:206000003A2B05460E46174600F08480464C62892389A1891343E2890B43218A1343628ADC
:206020000B43A18A1343E28A0B4313439BB2002B42D0237AFF2B3FD03C4BDFF804A11B6B98
:20604000DFF8F0B0DFF8F090984704F11808BAF800C098E80F000CF1300C1FFA8CFCBCF5F2
:20606000A06F28BF4FF4A06C8BE80F000023ACF13002214604F13000AAF800C0A9F80030A8
:2060800003F0E0FF04F108030FCBDFF8B8E09BF800C09EF806E184F807E088E80F004FF0F4
:2060A000600E3A23BCF1FF0FC4F800E0A37107D1042D01D1022E03D0BDE8F84F01F0A2BD90
:2060C0001B481C4900F12408FFF7CAFDB9F800B00BF128033846E5541C44A8F10405667007
:2060E00001F048FDBAF8001048F80B00283989B2A8F12C0001F0CAFDB9F800302B440022D2
:206100005A8000F067FCB9F800302B44C0435880BDE8F88F084A094B1288D356002BFFF672
:2061200075AFC9E731360020443B00204CAD01004C3B0020D4320020F63500206C3B00208C
:20614000303B0020C03900202DE9F8439EB21D4B1D4C93F80631E3710546331D602088462A
:20616000206099B220463A231746A37101F08EFD2DB328686968AA68EB68DFF8549004F14E
:2061800018050FC504F10800A5F11001FFF768FDB9F8003028331A19002103F80480577039
:2061A000518000F017FCB9F80030084A1D442C36C04368801680BDE8F843FEF7B5BFBDE8A6
:2061C000F88300BFC0390020443B0020303B0020F635002008B505480549F2F70FFFBDE803
:2061E000084002480349F2F709BF00BFD032002014030020080300202DE9F04F994CE37937
:20620000FF2B85B040F09A80974EB6F800C00CF12C0020440379FF2B00F0908004F128032F
:2062200063445B78002B40F08980904FDFF854A239888F4DCAF800300CF1420E14238E45EE
:206240002B800CF140025DDADFF83C9204F1080B04F12C0812E02B88B6F800C039880CEB7C
:20626000030242440CF12C00527803EBC2039BB2C21802F1020E8E452B8042DA63442C3323
:20628000E0184078002859D0E35C012BE3D102F109038B4252DA61892389A0890B43E1896F
:2062A0000343208A0B43618A0343A08A0B43E18A03430B4322449BB2CAF80020002B3DD02B
:2062C00052F8020F516802AB03C35846FFF714FA0246C9F80000002835D0FFF707FA014621
:2062E00060B3DAF800000822023003F08FFE002832D1D9F800305A7C002AACD102225A7442
:20630000A9E720440430FFF755FB5A4D2860A8B162892389A1891343E2890B43218A1343B6
:20632000628A0B43A18A1343E28A0B4313439BB223B1514F3846FFF73DFBC0B101F062FC65
:2063400005B0BDE8F08F05230190009302A902235846FFF76FF97EE702A94846FFF78AF935
:206360000028EBDBD9F8003002225A7473E7228B40F2FF239A420CD1A28B638BE18B13434B
:20638000228C0B4313439BB21BB9638CB3F5807F56D0DFF8F8804046FFF70CFB2B688342A4
:2063A000CCD197E80F0088E80F003388434418330FCB87E80F0001F025FC602329482360C5
:2063C000282101F063FC328829682C4F02F1280002F12C034FF63A7E4FF0880CE025A4F8B0
:2063E00006E024F800C0E55440322344D1F800C0D1F80480D1F808E0C96819612518A018A2
:20640000C3F804C0C3F80880C3F80CE002210023D7F800E07F68A1544170C0F802E0C0F83F
:206420000670C0F80A30C3816B8000F0D3FA3388134A1344C2435A80502001F01BFC7FE7DC
:2064400094F82430FF2BA4D197E80F0007F1100C8CE80F0033883B4428330FCB87E80F00AB
:20646000A9E700BF443B0020F6350020303B0020F2350020E43200204C3B00203C3B00209D
:206480006C3B0020EC320020E83200205C3B00200148FFF7ABBD00BF2003002010B5084B45
:2064A00084B09B690C4601466846984721466846102203F0ABFDB0FA80F0400904B010BDB8
:2064C0004CAD010070B50B4B1C6844B106460D4615B1A368B34205D02468002CF8D10024EF
:2064E000204670BD29462046FFF7D8FF0028F3D0204670BDF032002030B5114B87B00546E4
:206500005B69019102A8984701992846FFF7DAFF02A904462846FFF7D5FF5CB184420CD0E9
:206520001023646934B1A04207D0013BF9D1184607B030BD204607B030BD012007B030BDE6
:206540004CAD010070B515460646FFF7BBFF30B10446406918B115B183689E4200D070BD9A
:206560002946FFF79BFF0028F9D063683C2B84BF3C23636070BD00BF2DE9F8439146064634
:2065800098460F46FFF79EFF494604463046FFF799FF0546B9F1000F00D068B3E4B1C4E927
:2065A00001863A46394652F8083F52682261E3603046FFF7A1FF18B965612046BDE8F8831B
:2065C0003046394666696561FFF796FF0028F4D166612046BDE8F8830D48F2F769FE04467D
:2065E000A0B10023436101460A48F2F707FD0A4A136801331360D2E7024649464FF0FF3386
:206600003046FFF7B9FF05460028C7D10024D4E72C030020F03200208434002010B5044BEF
:20662000044800241C60F2F731FE034B1C6010BD843400202C030020F03200202DE9F04709
:20664000184F3D6895B1DFF86080DFF860900646BA462C462D68636853B15A1C04D0B34209
:206660008CBF9B1B00236360002DF2D1BDE8F0873B6813B905E01B681BB15A69A242FAD112
:20668000F2E721465046F2F705FD21464046F2F72BFED9F80030013BC9F80030002DD8D136
:2066A000E4E700BFF03200202C03002084340020F0B50B4E346883B084B10A4D0A4F0194A0
:2066C000214630462468F2F7E5FC01993846F2F70BFE2B68013B2B60002CF0D103B0F0BDD6
:2066E000F0320020843400202C03002038B511B1B2F59A6F03DD094C0023238038BD084D8D
:20670000064C28600748228003F09CFC042000F0A3FAFEF709FD0023238038BD0442002056
:2067200048400020743B00202DE9F04184B0BDF828E0E3B104461D4694460F460FC86E46AF
:2067400086E80F0028686968AA68EB68B4F8128025460FC5624639462046A4F812E0FFF768
:20676000C5FF96E80F0084E80F00A4F8128004B0BDE8F081013AF0B48E18B1421DD2CF43DC
:20678000F51925F001030D1D1D448A1C12F8024C12F8013C03EB04239BB2184480B283424D
:2067A00088BF013002F1020288BF80B2AA42EDD1F31923F00103023319448E4201D0F0BC45
:2067C0007047337800EB032080B2B0EB032F3CBF013080B2F0BC704770B5134D82B0064686
:2067E000284601F057FA114B1C88031B9BB2ADF80630BDF8063016FA83F005F108012022F4
:2068000080B2FFF7B7FFBDF8062004F12801294492B2FFF7AFFF18B140BA80B202B070BD78
:206820004FF6FF7002B070BD443B0020F63500202DE9F0414678C478F6000836231D9E4246
:2068400000F102021FDB0221DFF88880074602340D461378012B0AD0632B1FD0DBB103F0E4
:20686000C003802B2FD0C02B21D0402B1CD02C44A5B26B1CB342294627DA7A195478023430
:206880006319B342E5DD124B04200221D21AFFF7B3FB022009E00135ADB2EAE7D8F83830E8
:2068A000384698470028E2D10120BDE8F081084B197EFF29F8D0D21A02210420FFF79CFBCF
:2068C0000220BDE8F081024BF5E70020EDE700BF443B00204CAD010070B41A4B1A4A1B887B
:2068E00013441B7B03F0F004502C13D91B09053B9B00A2F128040025661996F83C20012AE5
:206900001DD0022A08D02AB196F83D2012B115449D42F1D370BC704796F83D30042BF9D12A
:2069200096F83E3096F83F2040F2C44442EA0323A34228BF2346038070BC0B807047013586
:20694000E6E700BFF63500206C3B002030B4C478134A0C44E4B2D470837803EB1123DBB248
:2069600093704578557000781070B3EB112F03D20135EDB2557085B1C9B28C420BDA0133B5
:20698000DBB293703BB953780133DBB2537013B913780133137030BC704701301070EBE7F0
:2069A000383B002010B5094C2368014603F11400FFF7CCFF064A2368507814789178D2780D
:2069C0001C7558759975DA7510BD00BF50400020383B00203A20FFF7FFBE00BF10B501F0AB
:2069E00001FAFFF7EBF9FFF7F5FBFFF751FD174B002203F1280023F8022F83424FF00001A7
:206A0000F9D11348134B144C80F8251080F855204FF4806180F8852080F8B52080F8E520EE
:206A200080F8152180F8452180F875211A821A86A3F85020A3F87020A3F89020A3F8B02094
:206A4000A3F8D020A3F8F020218010BDDA4100205440002008420020F4350020F0B5DFF874
:206A6000B8E0274DBEF8006084460136B6B2B6F5FA4F28BF4FF48056224A370A47EA06278C
:206A8000BFB2134693F8254014B11C8ABC42ECD030339D42F6D1AEF80060002402E03032A0
:206AA00095420FD092F8253043B3072BF7D11CB392F8260094F82630984288BF1446303213
:206AC0009542EFD1B4B1104B10481D68104A114B27820026C4E90565C4E907026182636288
:206AE000DCF80000DCF80410DCF80820DCF80C3025460FC52046F0BD1446D0E71446E2E748
:206B0000D441002054400020883400200100C404C404001003020100F435002070B5164B3A
:206B20001C8804B3154E328804F1270393421DDA134D144B04F12801283A1B78AB71121BD7
:206B4000294405F1280003F07DFA604200B201F073F8044640B131882839284689B201F0A1
:206B600095F8204670BD0124204670BD002401F049F8204670BD00BFF6350020303B0020BF
:206B8000443B0020313600202DE9F041DFF89C80234CB8F8007084460137BFB2B7F5FA4F9E
:206BA00028BF4FF480571F4A3D0A45EA0725ADB2964613461E8AAE4203F12003ECD09C42EC
:206BC000F8D1A8F800700023168A203236B10133082BF9D100263046BDE8F0810EEB4316AB
:206BE0005C0135827182BCF1000F12D0DCF80000DCF80410DCF80820DCF80C3035460FC5D9
:206C0000094A0EEB040392F806211A753046BDE8F0814EF804C0C6E901CCC6F80CC0EFE76F
:206C20000843002008420020C0390020F435002010B4084C0023224602E00133142B06D04F
:206C400032F8021B8142F8D1002224F813205DF8044B7047DC4100202DE9F04F04288BB09C
:206C600000F0AC80DFF8C8A2DFF8BC82DFF8C492A54CDAF80050C8F800400328C9F8004036
:206C800026D0022800F0E280052800F090819F4B01931B88272B0FD914F83C3C03F0F0038F
:206CA000602BA4F13C0407D1204600F0F3FF019B1B88834280F09781954EDFF87CB200F0F0
:206CC000A1FF00238BF8003033700BB0BDE8F08F95F8253003F00F03032B00F03181022BD8
:206CE000EAD18C4A02921788894E884A01923C3C2837274400227A7304F12802039204F19A
:206D00001802049201997B7340F202424CF20443BA82FB82402260230A803B732B7D3B7215
:206D20006B7D7B72AB7DBB72EB7DFB722B7E3B716B7E7B71AB7EBB71EB7EFB712B8A3B8090
:206D40006B8A7B806023238095E80F00049F87E80F007149A1F11000FEF782FF95F82530BC
:206D6000039A13F0100F029B1B88134414BF00224CF20442DA81019B68481988684B06251E
:206D800093F80631E371283989B2A57100F07EFF029F3B882833234400221A825A82284690
:206DA000FFF71AFD3B88039A1A44C043108200236380002333700BB0BDE8F08F544EDFF84F
:206DC0007CB1BBF80030002B3FF477AF534C4F4A504D03F108012046303389B2138000F0C6
:206DE00055FF504B29881B68BBF800201F7DE77128316018083252BA4FF01108002784F897
:206E00000680C78082801A8A6027278062525A8A42800FCB04F1180787E80F00394604F197
:206E20000800FEF71DFF404B04F13C0240461A60FFF7D2FC2B88C043283380B223440028E5
:206E400040F0CF804FF6FF72DA80B0E700F0DAFE364ADFF8E8B0D3780133DBB20021D370E5
:206E6000ABF8001063B993780133DBB293703BB953780133DBB2537013B913780133137023
:206E800095F8253003F0FD02052A00F0A681002B3FF412AFAA8B002A00F0BE8195F8262058
:206EA000511E85F82610002A7FF406AF95F82720082A00F0D581591E012940F2CE81042AC2
:206EC000104603F00F0328BF0420032181400132581E85F8272085F8261007283FF6ECAE49
:206EE00001A252F820F000BFB3710100A37101005B7101002F710100B96C01002F71010067
:206F0000B96C01002F710100803B0020303B002044400020F63500205C3B0020443B0020FF
:206F2000C0390020484000204C4000208834002050400020343B00203036002004420020DD
:206F4000AB8BAC4E002B7FF4B8AE0823DFF8C0B23370FEF761FA337813F0200240F06781AE
:206F6000D80600F19681BBF80020002A40F0AB81D9F80030C8F8003085F8272033789A07D1
:206F80007FF59BAE9C4B9D4C1F889D4902932837274410227A7304F128023C23039204F151
:206FA0001802019104920B8050233B73B6E6954B1B681B8A002B3FF47FAEDFF854B29049FE
:206FC0008C4E00230C3C0822C8F80040C9F80040ABF80030CAF800300B803270FEF71CFA44
:206FE000EFE6D880E3E6204600F054FE283081B2019BB1F5A06F19803FF65EAE824A00234E
:207000002046137000F080FE00283FF455AE237A7949029104F12802801AFF2B03920880C9
:207020003FF44AAE0199754809880DF12702012300F036FE20B19DF82730002B00F0558120
:20704000724B04931846FEF7B5FC002800F05681019BDFF8C0B119886848002501230DF16D
:2070600027028BF8005000F01BFE0546002842D09DF82730062B00F04782112B00F0DF8124
:207080003A2B00F09581002B00F07D812B3BDAB2112A31D8112B2FD8DFE803F013112E2EB9
:2070A0002E2E2E2E2E2E2E2E2E2E2E2E11353046FFF792FB4FF6FF73984200F0CB814D4E01
:2070C000FDE59BF80030590716D4EA7843F004038BF80030002A40F02784019B19882B1BEA
:2070E000C91A284689B200230DF1270200F0D8FD05460028BCD100252A1B01210420FEF750
:207100007BFF3C4E55E69BF800309E0740F14B815806F1D443F040038BF800302846FFF71B
:2071200087FB0128CBD00228D7D1324E41E6334C314B0293324B019304F1280303932D4EBE
:2071400004F118030493029B1F882837274411237B73019A3C23138026E7264E0423337080
:20716000FEF75AF9BBF80030D9F80020C8F80020002B3FF403AFAB8B002B3FF4FFAE1E4A5A
:207180001E4C17881E4902923C332837182227440B8004F128030393A31801917A73049366
:2071A00002E7154A02921788154A144C114E01929EE5124C104B0293114B019304F12803C2
:2071C00003930C4E04F118030493029B1F882837274410237B73122394E595F82630013324
:2071E000DBB2782B85F8263004BF002385F8253062E500BF44400020F6350020443B002040
:20720000303B002048400020313600205C3B0020044200203036002003F00F03032BAF4EE1
:207220007FF44BAD08233370FEF7F6F893E6AC4BAC4C1F880293AC4B01932837002385F804
:2072400025302744ABF8003004F128031422039304F118037A7304937BE7052A7FF42FAE3A
:207260009F4C9E4E0294002385F8253080233370FEF7D2F827889B4C9B4B019328372744CD
:2072800014237B7304F12803039304F1180304935FE7934B934C1F8802932837274411232F
:2072A0000120042185F82720A88385F825107B7304F11803ABF80020049304F128028A4B9B
:2072C0000392019345E7D90707D4AB8B2BB1ABF80030002285F8272046E7EB8B9A4294BF01
:2072E0001346ABF80030AB83F3E7FFF7A1FA01283FF4E2AC02287FF4A3AE16E70498FEF763
:2073000043FC00287FF4A4AE237EFF2B3FF4D4AC238B228948F2FE018B4200F08C808A429C
:207320006CD06189A0890A43E1890243208A0A43618A0243A08A0A43E18A02430A4392B223
:20734000002A3FF4B9AC628BA18BE08B13430B43228C618C03431343A28C0B4313439BB2ED
:2073600023B9E38CB3F5807F3FF4A6AC019B1B88B3F5A06F3BD8E379012B40F2CA82013B4B
:20738000564EE37115E59BF80030DF073FF5B4AE43F0010328468BF80030FFF749FA012802
:2073A0007FF4C1AE8BE643F002038BF80030B5E61846FFF711FA4FF6FF7398427FF47FAE64
:2073C000029D039A2B88D05CFDF782FE2B882833E218E05C5178FEF7F3FD012800F0A182F0
:2073E000019B3E4E1B88002B7FF4E3AC67E44FF4A06200210220FEF7FFFD96E6658BA18B39
:20740000E28B208C2B430B431343618CA28C03430B4313439BB2002B00F08E823348FEF754
:20742000ABFA024600287FF447AC02210120FEF7E3FD2A4EBDE49A427FF43EACEEE71E462D
:20744000FFF76CFB029B039A1B881A44D388002B7FF42DAE029B1E88283626447588002D8B
:207460003FF42DAE224F234CDFF894B03C6005E0214B20349C423C6000F0B880238A002B48
:20748000F6D09D42F4D1638A2146102258461BB1B6F800C09C45EBD123682BB963681BB979
:2074A000A3680BB9E3681BB102F0B0FD0028DFD101990A4E0B88DFF84CB0104AC8F80020DD
:2074C000303B0B80002302213170ABF80030CAF80030C9F80020FDF79FFF72E4444000209D
:2074E000F6350020443B0020303B00205C3B0020484000200842002008430020743B002014
:207500004C3B0020044200201E46FFF707FB3046FFF762F94FF6FF7398427FF4D0AD029B1D
:207520001B882833E7187E88002E3FF4C8ADE35A0693002B3FF4C3ADB54D0823294605939A
:20754000254605E0059B013B01F13001059353D091F82540002CF5D00B8AB342F2D14B8A20
:20756000069A9342EED1AB480791102202F04EFD07990028E6D123462C460D46797BA64E48
:20758000CAF800504A07307000F1E481387B019A00091288800000F1270C9445BFF68FAB35
:2075A000283A121A1FFA82FE03F00F00019A0228A2F800E000F0C78101284CD0BEF1000F28
:2075C0004FD18A074DD1C90602D5A98B002965D1013807283FF673ABDFE810F00F01A3006E
:2075E0003F0126010102F5014F008A00002204210120FEF701FD98E57B7B03F03F03022B22
:207600002C4640F0AF81854A059B02E0142B00F0A98132F8021B8E4203F10103F6D10022F6
:207620007B4B154605E00132082A03F1300300F09B8193F82510002900F0BE810729F2D1A1
:20764000002D00F0BE8193F8260095F82610884288BF1D46E7E701F03F0CBCF1020FADD1A0
:20766000B1E7B7F804C0AA8A944511D08B0704D501283FF4AAAD022806D0029B1F88283750
:20768000274410237B7364E541F00203FFF73ABBB7F806C0EA8A9445E8D194E705F11800F0
:2076A000FFF754F9029B5E4A1B881178283323441F7A8F4200F0C38195F8253003F00F02D0
:2076C000013A072A3FF6FBAA01A151F822F000BF157A01000B7701005B780100297801001F
:2076E000DF790100C77901007B760100F17601003378DB077FF5E3AA002385F825301023E0
:207700003370FDF789FEFFF7DABA3378DB0708D5029B039A1B8813445B7B03F03F03122BDB
:2077200049D020233370FDF777FEDAF80030002283F82520029B1888283023185A7B510700
:207740003FF5BDAA5F89DD799979DF80019F5A7993F809C0997241F2504E01354FF03C0883
:20776000EDB2A7F80080A3F80CE01F7993F808E0DD725A7283F805C01F7283F804E04DB968
:207780000131C9B2997229B90132D2B25A720AB97A1C1A725988225A1E4D21525A8095E855
:2077A0000F00049F87E80F0005F110012846FEF757FAFFF7E0BA05F1200105F11E00FFF72D
:2077C0008BF8029BDFF85CB01B8828331C440323A188E288A982EA8285F8253001200024E1
:2077E000FFF7E0F84223AC83337000F00BFAABF80040FDF711FEFFF7AEBB029B039A1B886D
:2078000013445B7B03F03F03022B7FF458AADCE4544000204C3B002044400020DC41002068
:20782000383B002004420020019B1888002840F07B81029B039A1B8813445B7B13F00103AE
:2078400040F067813278D00700F17581019B1B88002B7FF412AFFFF732BA029A1288283298
:207860002244517BCF071FD5D8061DD4AB8B002B7FF425AA019F3888013080B2FFF792F857
:2078800033783A8843F01001317012B143F012033370FDF7C1FD01230822AB83002385F81A
:2078A000252085F827304EE489060FD5019F917CD27C388842EA01228242D8F8001028BF75
:2078C0000246801A0A443880C8F80020019A108810B1DF0640F13581029B2A8C1B882833CF
:2078E0001C44A17BE37B03EB01239BB29A4202D3002B18BF1A463378EA839C073FF4DFA9C6
:20790000DFF860B20023ABF80030FDF785FDFFF722BB002211460320FEF76EFB8C4EFFF775
:2079200048BA00F06FF95BE58A4BDB6B984700287FF41CADFFF7E0BBE38CB3F5807F7FF435
:207940006DADFFF7B9B901F03F0CBCF1120F7FF435AE38E6202385F825003370FDF75CFD52
:20796000FFF7ADB97A4EE5E6002D3FF4A8AB7A4BDFF8F4C12E820FCBDCF800E0069E6E8242
:2079800085E80F004FF4806C7449BA88FB88C5F818E00120A5F822C06962A883AA82EB82D6
:2079A000CAF80050FEF7FEFF05F1200105F11E00FEF792FF664E08E4694B302505FB023532
:2079C000D5E71D462FE63378DA077FF578A90722002385F8252085F82630FFF770B9019BB6
:2079E0001888002840F08A80029B039A1B8813445B7BDB077FF563A90722002385F825200B
:207A000085F826300120FEF7CDFF10233370FDF703FD32E63378DA077FF5EFAE019B1888F6
:207A20000323402285F8253000233270AB8300283FF466AF42233370FEF7B4FF60E75178C9
:207A4000587A88427FF438AE92F802C0997A61457FF432AED278DB7A93427FF42DAE95F88A
:207A600027202F766876A976EB761ABB95F824C095F8267095F82200ACEB0703A3EBD003A2
:207A800050FA83F15AB2C9B2002A85F822104FEAD00303DAA3EB0C033B445AB295F82330D7
:207AA000A3EB93031344DBB203EBD10185F8241085F8233095F8253095F8242085F8262007
:207AC00003F00F0201200021013A3070A983072A3FF6F5A801A151F822F000BF1D7A010002
:207AE0000B7701005B78010029780100DF790100C77901007B760100F1760100FEF752FF53
:207B0000029B039A1B8813445B7BD9077FF59EAE72E73378DF070AD50023072285F82520E4
:207B200085F82630AB836DE7FEF73CFF81E6062385F8253066E70522AB8385F82520FFF704
:207B4000BEB8337843F002033370FEF72BFFC3E6444000204CAD01004C3B00200301030015
:207B600054400020044200208834002040BA80B2704700BF054A030C02EA00225BBAC0F339
:207B800007209BB2104343EA0040704700FFFF0010B4184B1C680A46DCB1174B17491B880F
:207BA0000B44E31AC3F5986304339A42A8BF1A46002A0BDD124B84421A8007D07CB10146D2
:207BC00092B220465DF8044B02F02EBA5DF8044B704740F2C4418A42A8BF0A46E8E7064B48
:207BE000064C1B88014692B2E0185DF8044B02F01BBA00BF343B0020F6350020803B00202E
:207C00000442002030B4074B074C084D0FCB84E80F000749074A00230B8013702B8030BC62
:207C2000704700BF9C3400208C340020303B0020F6350020313600200C490B881A18B2F5E0
:207C4000A06F11D810B40A4C2288C24208D480B2024418440880228001205DF8044B70470E
:207C600000205DF8044B704700207047303B0020F6350020B0F5A06F98BF034A03469ABFE2
:207C80001380012000207047303B002049BA8180704700BF0379407900EB032080B2704728
:207CA000BBB1837913702823994219DB1278062A184417D0112A1BD03A2A1FD09A1C8A42C7
:207CC0000ED84278D200083213449942B8BF00207047037813704378DB0008339942E5DA0F
:207CE00000207047142213449942B8BF00207047082213449942B8BF0020704704221344D0
:207D00009942B8BF00207047F8B5012307461546FFF7C6FFD0B10E46044609E0BCF1110F31
:207D200012D0BCF13A0F0FD0FFF7BAFF044668B195F800C0E11B711ABCF1060F20464FF03F
:207D400000032A4689B2E9D12046F8BD00242046F8BD00BFF0B585B0012301920DF10F0202
:207D6000019D0746FFF79CFF04460E4668B91BE0BCF1060F1AD0BCF1110F17D0BCF13A0F77
:207D800014D0FFF78DFF044670B19DF80FC0E11B711AAC4520464FF000030DF10F0289B244
:207DA000E6D1204605B0F0BD9DF80FC0AC4518BF0024204605B0F0BD07289ABF024B33F82C
:207DC00010000020704700BF8C340020072803469DBF034A012022F813100020704700BF08
:207DE0008C340020054B00224FF6FF71C3E901221A60DA601A811980704700BF9C3400205F
:207E0000F8B5037800245B2B08BF4378254608BF01304FF0FF323A2B19D04BBB0B19280A91
:207E200008555D700234102C51D0531C40D0101B8D181030A21A0844294602F003F9284623
:207E4000C4F11002002102F017F90120F8BD2F0A0E190F55757045783A2D04F1020429D0A1
:207E600000250E2C00F101061CD843783046D2E75D2BD3D02F2BD1D0A3F13006F7B2092FFC
:207E800009D9A3F16106052E1BD9A3F14106052E0ED8A3F1370606EB0515ADB20E2C00F184
:207EA0000106E2D9002BBED05D2BBCD02F2BBAD00020F8BDB2F1FF3F08BF22460130002514
:207EC000CFE7A3F1570606EB0515ADB2E6E70120F8BD00BF2DE9F04F0E4687B0002972D0E4
:207EE000002A74D013888146002B44D00024DFF8F4A0DFF8F4B0551CA046022709E0B8F157
:207F0000000F20DB53D008F10108102F17D00237023515F8012C2B7803EB02239BB2002B34
:207F2000EDD0B8F1000F0EDD4FF0FF38311B09EB04005246FBF75AFF0444A642E5D82046F1
:207F400007B0BDE8F08F022F09D1311B09EB04005246FBF74BFF0444A642D8D8EFE7311B21
:207F600009EB04005A460593FBF740FF0444A642059BDBD8E3E75388002BB7D19388002B7F
:207F8000B4D1D388002BB1D11389002BAED154894FF6FF739C42A9D1D57B947B537B009362
:207FA000CDE90145137B0C4AFBF720FFC8E7311B09EB0400094AFBF719FF0444A642BED9B9
:207FC0004FF00108A1E7084607B0BDE8F08F044AFBF70CFF0E20B3E73CB5010050B501009D
:207FE0002CB5010058B5010054B5010041B94FF0A04303214FF40022C3F84C17C3F80C25D8
:20800000704700BF30B40A4B0A4D1D604FF080520949146952695C6102FB04F20024C3E9C2
:208020000244491B59601A6130BC0448EAF7FABFBC34002000100000C8B801005CB50100DD
:208040002DE9F047032908D8DFE801F009342A021B491C4A00230B701370BDE8F0871A4F36
:208060001A4EDFF86CA08846814606E0402231465046ECF79BFC0028EFD14846ECF792FC6A
:208080003B680546002BF1D00028EFD0444600E03B68305D0134E4B29847A542F8D8E5E758
:2080A00040220A490A48ECF781FC064B01221A70BDE8F087024B00221A70BDE8F08700BF6B
:2080C0003436002033360020D43400206035002080B50100083808B5062805D8DFE800F0BB
:2080E0000E161F040404050008BD0F490F4A00230B701370BDE80840EAF770BFF5F724FD8B
:208100000028F1D1BDE80840EAF766BF0649074A00230B701370BDE80840EAF775BFBDE81A
:208120000840EAF75DBF00BF343600203336002008B5EDF7B7FA0948EAF7AAFE00B108BD86
:208140000748EAF76FFF0028F9D1EAF72DFF0028F5D1044A044B1070187008BDA4B50100D0
:2081600080B501003336002032360020124B1B780BB32DE9F041114D2B78D3B9104E33782D
:20818000BBB10123DFF840800E4F2B70327841463846ECF7E3FB044600F07EF8002CF5D1AE
:2081A0002B7823B100F078F82B78002BFAD100233370BDE8F08170473336002034360020A9
:2081C0003236002080B50100A0350020114B1B78ABB1114B1A783F2A0DD810B419781A787E
:2081E0000E4C0132D2B21A701B786054402B0DD05DF8044B70471B78402B05D0704703F07D
:20820000FF02054B1A707047FFF7B0BF5DF8044BFFF7ACBF3336002032360020A03500205C
:208220004FF0A0434FF49A510022C3F80815C3F80C25704700B5104B93E8070085B001ABDE
:2082400083E807000D491846F6F710FC48B90C48F6F746FC60B90B4B01221A7005B05DF855
:2082600004FBEAF751FD0648F6F73AFC0028F2D0EAF74AFDEFE700BFB0B5010021820100AE
:208280003536002036360020024B1B7803B97047F6F718BC36360020034B1B7803B97047D3
:2082A000024B1878F6F742BC363600203536002038B52DED028B55EC104B00F033F8184B31
:2082C000B0EE408AF0EE608A93F9003001330DD022462B462046294601F08EFC30B9204629
:2082E00029460022002301F05FFC30B9B0EE480AF0EE680ABDEC028B38BD00F0E1F800223F
:208300000023212101601046194601F005FB41EC180BB0EE480AF0EE680ABDEC028B38BD36
:20832000B00300202DE9F0415F4A57EC106BBA4300F09880002F10EE104A3B464EDD391536
:208340005BD0C3F31303CA0743F48013A1F2FF3E03D45B0003EBD4736400E20F4FF0000CB4
:2083600002EB43034FEA6E0E6400664616254FF40012B118994202DC5B1A8E1894445B00A5
:20838000013D03EBD4734FEA52024FEA4404F0D12F4620204FF0004209E03ED0E10F013845
:2083A0004FEA520201EB43034FEA44043ED0B34202EB0501F1DD002901EB020509DBB046C3
:2083C0009B1BA14288BF03F1FF33641A17444646E4E7002DF3DB06F10108F1E727F000423B
:2083E000324336D0002F4DD13946E20A153964051346002AF9D0D70251D400205B00DE02EE
:20840000054600F10100F9D51A4623468440C0F12000C3401343491B93E7A142BED800291A
:2084200001EB0205D5DB98460023CEE7234312D178084FEA6C0101F17F511CF0010F01F5A0
:20844000001118BF40F0004001EB0E53024643EC102BBDE8F0817B1C16BF781C0CF1010CA5
:208460004008E6E710EE102A10EE100A3B46394601F028F932463B4600F06EFF41EC100BE7
:20848000BDE8F08110EE102A3046394600F062FF02460B4601F040FA41EC100BD9E7234613
:2084A00020204FF0FF35B4E70000F07F51EC100B10EE102A21F0004343EC102B704700BF3B
:2084C000014B1868704700BF4803002008B5074B044613B10021AFF30080054B1868836AD2
:2084E00003B19847204600F02FFF00BF0000000054B7010070B50D4D0D4C641BA410002669
:20850000A64209D10B4D0C4C01F052FF641BA4100026A64205D170BD55F8043B98470136C1
:20852000EEE755F8043B98470136F2E7B4030020B4030020B4030020B803002038B5104B43
:208540001D68AB6B0446B3B9182000F095F80246A86320B90B4B0C48422100F05DF80B4943
:208560000B4BC0E900130B4B83600B23838100210120C2E90401AB6B00221C615A6138BD27
:2085800048030020B9B70100D0B701000E33CDAB34126DE6ECDE0500174B10B51C68A36B9D
:2085A000B3B9182000F068F8A06328B90246134B13484E2100F030F8124A134BC0E90023D5
:2085C000124B83600B23838101220023C0E90423A16B0F480A694B690E4C504304FB03009A
:2085E000A2FB04345A1C044444F10000C1E9042020F0004010BD00BF48030020B9B701002D
:20860000D0B701000E33CDAB34126DE6ECDE05002DF451582D7F954C1FB514461A46094B78
:208620001B680546D8684CB1074B0091CDE9013406492B4600F00EF801F0E9FD044B1C4623
:20864000F3E700BF480300204CB8010059B8010087B801000EB403B5014603AB054853F8B8
:20866000042B0068019300F0B9F802B05DF804EB03B0704748030020024B0146186800F05F
:2086800053B800BF4803002037B5002948D051F8043C0190002BA1F10404B8BFE41800F036
:2086A00085FD204A01981368154633B96360146003B0BDE8304000F07FBDA3420BD92168F6
:2086C0006218934204BF1A685B68636004BF521822602C60ECE71A465B680BB1A342FAD9DB
:2086E00011685518A5420BD1246821445418A3421160DDD11C685B68536021441160D7E7E2
:2087000002D90C230360D3E7256861198B4204BF19685B68636004BF491921605460C7E78C
:2087200003B030BDE0350020F8B5CD1C25F0030508350C2D38BF0C25002D064601DBA942D3
:2087400003D90C2333600020F8BD00F02FFD21490A6814469CB9204F3B6823B92146304634
:2087600000F092FA38602946304600F08DFA431C23D10C233360304600F01EFDE3E723689E
:208780005B1B17D40B2B03D923601C44256004E06368A2420CBF0B605360304600F00CFD13
:2087A00004F10B00231D20F00700C21ACCD01B1AA350C9E722466468CCE7C41C24F0030430
:2087C000A042E3D0211A304600F05EFA0130DDD1CFE700BFE0350020E43500202DE9F04FF4
:2087E0000D469DB014469846064618B183690BB900F01EFC894B9D421BD175686B6ED9079D
:2088000005D4AB899A0502D4A86D01F03DFDAB891B0701D52B69EBB92946304600F096FACD
:20882000C0B16B6EDC070ED54FF0FF301DB0BDE8F08F7B4B9D4201D1B568DFE7794B9D42CC
:2088400008BFF568DAE7AB899805EDD4A86D01F01CFDE9E70023099320238DF82930CDF80D
:208860000C803023DFF8C0818DF82A304FF0010923469A4613F8012B0AB1252AF9D1BAEBE0
:20888000040B0BD05B4622462946304601F040FC013000F0AA80099A5A4409929AF80030EA
:2088A000002B00F0A28000234FF0FF32CDE905230AF1010A049307938DF853301A93544684
:2088C000052214F8011B5848E8F79AFC049AD8B9D10644BF20238DF85330130744BF2B2375
:2088E0008DF853309AF800302A2B15D0079A544600204FF00A0C214611F8013B303B092B79
:208900004ED9B0B1079214E0A0EB080309FA03F313430493A246D2E7039B191D1B6803913A
:20892000002BBBBF5B4242F0020207930793B8BF049223782E2B0CD163782A2B35D1039BD9
:208940001A1D1B680392002BB8BF4FF0FF3302340593DFF8E4A0217803225046E8F750FC0D
:2089600040B14023A0EB0A0003FA00F0049B03430134049314F8011B2C488DF828100622EF
:20898000E8F73EFC00283FD0294B1BBB039B073323F0070308330393099B3B44099367E76A
:2089A0000CFB02320C460120A5E700230134059319464FF00A0C204610F8012B303A092AA2
:2089C00003D9002BC5D00591C3E70CFB012104460123F0E703AB00932A46164B04A9304618
:2089E000AFF300800746781CD6D16B6ED90705D4AB899A0502D4A86D01F047FCAB895B06B4
:208A00003FF512AF099811E703AB00932A46094B04A9304600F012F8E4E700BF78B70100EC
:208A200098B7010058B7010088B8010092B801000000000011A101008EB801002DE9FF47F4
:208A40000C469146277E0C99782F80469A4604F1430207D8622F0AD8002F00F0D880582FCC
:208A600000F0A38004F1420684F842703AE0A7F16303152BF6D801A050F823F0D58A0100F6
:208A8000E98A0100658A0100658A0100658A0100658A0100E98A0100658A0100658A01004E
:208AA000658A0100658A0100F58B0100198B0100D78B0100658A0100658A0100178C0100C9
:208AC000658A0100198B0100658A0100658A0100DF8B01000B681A1D1B680A6004F14206E2
:208AE00084F842300123A3E0256808682E0600F104030AD505680B60002D03DA2D236D42F8
:208B000084F843305E480A2319E015F0400F05680B6018BF2DB2EFE70B682568181D086045
:208B2000280601D51D6802E06906FBD51D8854486F2F0CBF08230A23002184F843106668CB
:208B4000A660002EA2BF216821F0040121600DB9002E4DD01646B5FBF3F103FB1157C75DD5
:208B600006F8017D2F46BB420D46F4D9082B0BD12368DF0708D5236961689942DEBF30236A
:208B800006F8013C06F1FF36921B2261CDF800A04B4603AA2146404601F0CCFA01304CD1A9
:208BA0004FF0FF3004B0BDE8F087354884F8457023680E681F0656F8045B0E6014D5D907BF
:208BC00044BF43F0200323601DB9236823F0200323601023B0E7236843F0200323607823D6
:208BE000284884F84530E3E75E0648BFADB2E6E71646BBE70B68266860691D1D0D60350609
:208C00001B6801D5186002E07106FBD51880002323611646BAE70B681A1D0A601E686268BA
:208C200000213046E8F7ECFA08B1801B606063682361002384F84330A8E723693246494641
:208C40004046D0470130ABD023689B0713D4E068039B9842B8BF1846A4E70123324649466C
:208C60004046D04701309BD00135E36803995B1AAB42F2DCEBE7002504F11906F5E700BFC8
:208C800099B80100AAB8010038B5064D0023044608462B60FBF790FE431C02D12B6803B1A0
:208CA000236038BD08430020F8B50E461446054618B183690BB900F0BBF9214B9C422BD1C8
:208CC0006C68A369A360A3891A072FD523696BB323692068C01A6369F6B28342374604DC32
:208CE0002146284600F026F930BBA368013BA36023685A1C22601E7063690130834204D0B4
:208D0000A389DB0706D50A2E04D12146284600F011F988B93846F8BD0A4B9C4201D1AC6801
:208D2000CFE7094B9C4208BFEC68CAE72146284600F00CF80028CBD04FF0FF37EAE700BFEE
:208D400078B7010098B7010058B70100324B70B51D6806460C4625B1AB6913B9284600F0AA
:208D600067F92E4B9C420FD16C68A389B4F90C2019072CD4DD0611D40923336042F0400367
:208D8000A3814FF0FF303EE0254B9C4201D1AC68EBE7244B9C4208BFEC68E6E7580712D5A2
:208DA000616B41B104F14403994202D03046FFF76BFC00236363A38923F02403A3810023A3
:208DC000636023692360A38943F00803A38123694BB9A38903F42073B3F5007F03D021468C
:208DE000304600F0A3F9A089B4F90C2010F001030AD00023A36063695B42A361236943B976
:208E000010F08000BAD170BD810758BF6369A360F4E70020F7E700BF4803002078B7010079
:208E200098B7010058B701008A892DE9F041054610070C4658D44B68002B05DC0B6C002B37
:208E400002DC0020BDE8F081E66A002EF9D0002312F480522F682B6032D0606DA3895A073E
:208E600005D56368C01A636B0BB1236CC01A00230246E66A216A2846B047431CA38906D173
:208E800029681D292CD82A4ACA40D60728D500226260D9042269226004D5421C01D12B6835
:208EA00003B96065616B2F600029CAD004F14403994202D02846FFF7E7FB00206063C1E759
:208EC000216A01232846B047411CC7D12B68002BC4D01D2B01D0162B01D12F60B1E7A389B8
:208EE00043F04003A381ADE70F69002FA9D093070E6808BF4B690F6018BF0023A6EB070890
:208F00008B60B8F1000F9CDD216AA66A43463A462846B047002806DCA38943F04003A3815C
:208F20004FF0FF308EE70744A8EB0008E9E700BF0100402038B50B6905460C4613B9002589
:208F4000284638BD18B183690BB900F071F8144B9C421BD16C68B4F90C30002BEFD0626E3C
:208F6000D00704D4990502D4A06D01F08DF928462146FFF759FF636EDA070546E0D4A3894A
:208F80009B05DDD4A06D01F080F9D9E7054B9C4201D1AC68DFE7044B9C4208BFEC68DAE766
:208FA00078B7010098B7010058B70100002310B50446C0E90033C0E90433836081814366A5
:208FC000C2818361194608225C3001F055F8054B6362054BA362054BE362054B24622363BC
:208FE00010BD00BF29A301004BA3010083A30100A7A30100014901F027B900BF358F010018
:20900000014801F041B900BF20430020014801F03CB900BF20430020014801F035B900BF82
:209020001B430020014801F030B900BF1B43002010B50446FFF7F0FFA3691BB1BDE8104091
:20904000FFF7F0BFC4E912332365134B134A1B68A262A34204BF0123A361204600F020F871
:209060006060204600F01CF8A060204600F018F80022E06004216068FFF798FFA068012259
:209080000921FFF793FFE06802221221FFF78EFF0123A361D2E700BF54B70100F58F0100CB
:2090A000F8B50746FFF7ACFF1E4B1E68B36913B93046FFF7BDFF4836D6E90134013B03D590
:2090C00033680BB33668F7E7B4F90C50D5B9164BE36004F15800656601F0D5F8FFF796FF1F
:2090E000C4E90155C4E904552560A5610822294604F15C0000F0C0FFC4E90D55C4E9125520
:209100002046F8BD6834D9E70421384601F086F8044630600028D5D1FFF778FF0C233B60E7
:20912000EEE700BF54B701000100FFFF8B8973B59D0706460C4607D504F1470323602361F0
:209140000123636102B070BD01AB6A4601F09EF8009905463046FFF7E7FA48B9B4F90C304A
:209160009A05EFD423F0030343F00203A381E3E70D4BB362A389206043F08003A381009BC0
:209180006361019B20615BB1B4F90E10304600F067F828B1A38923F0030343F00103A381D9
:2091A000A0890543A581CDE7F58F0100014801F06BB800BF1C430020014801F066B800BF2D
:2091C0001C430020024B0146186801F083B800BF4803002038B5074D002304460846114653
:2091E0002B6000F091F8431C02D12B6803B1236038BD00BF0843002038B5074D0446084677
:20920000114600222A601A4600F096F8431C02D12B6803B1236038BD0843002038B5064DD1
:209220000023044608462B6000F04EF8431C02D12B6803B1236038BD0843002038B5074D15
:2092400000230446084611462B6000F045F8431C02D12B6803B1236038BD00BF0843002029
:2092600038B5064D0023044608462B6000F044F8431C02D12B6803B1236038BD08430020E0
:2092800038B5074D04460846114600222A601A4600F042F8431C02D12B6803B1236038BD77
:2092A0000843002038B5074D04460846114600222A601A4600F038F8431C02D12B6803B16E
:2092C000236038BD08430020024B58221A604FF0FF30704708430020024B58221A604FF05A
:2092E000FF30704708430020024B58221A604FF0FF30704708430020024B58221A600020EB
:20930000704700BF08430020024B58221A604FF0FF30704708430020024B58221A604FF01B
:20932000FF30704708430020024B58221A604FF0FF30704708430020024B58221A604FF08B
:20934000FF30704708430020FEE700BF81F0004102E000BF83F0004330B54FEA41044FEA73
:20936000430594EA050F08BF90EA020F1FBF54EA000C55EA020C7FEA645C7FEA655C00F009
:20938000E2804FEA5454D4EB5555B8BF6D420CDD2C4480EA020281EA030382EA000083EAEA
:2093A000010180EA020281EA0303362D88BF30BD11F0004F4FEA01314FF4801C4CEA113123
:2093C00002D0404261EB410113F0004F4FEA03334CEA133302D0524263EB430394EA050FE2
:2093E00000F0A780A4F10104D5F1200E0DDB02FA0EFC22FA05F2801841F1000103FA0EF2FF
:20940000801843FA05F359410EE0A5F120050EF1200E012A03FA0EFC28BF4CF0020C43FA6F
:2094200005F3C01851EBE37101F0004507D54FF0000EDCF1000C7EEB00006EEB0101B1F52A
:20944000801F1BD3B1F5001F0CD349085FEA30004FEA3C0C04F101044FEA445212F5800F31
:2094600080F09A80BCF1004F08BF5FEA500C50F1000041EB045141EA050130BD5FEA4C0C79
:20948000404141EB0101013C28BFB1F5801FE9D291F0000F04BF01460020B1FA81F308BF59
:2094A0002033A3F10B03B3F120020CDA0C3208DD02F1140CC2F10C0201FA0CF021FA02F10F
:2094C0000CE002F11402D8BFC2F1200C01FA02F120FA0CFCDCBF41EA0C019040E41AA2BF0F
:2094E00001EB0451294330BD6FEA04041F3C1CDA0C340EDC04F11404C4F1200220FA04F004
:2095000001FA02F340EA030021FA04F345EA030130BDC4F10C04C4F1200220FA02F001FA59
:2095200004F340EA0300294630BD21FA04F0294630BD94F0000F83F4801306BF81F48011D8
:209540000134013D4EE77FEA645C18BF7FEA655C29D094EA050F08BF90EA020F05D054EA49
:20956000000C04BF1946104630BD91EA030F1EBF0021002030BD5FEA545C05D14000494149
:2095800028BF41F0004130BD14F580043CBF01F5801130BD01F0004545F0FE4141F4700139
:2095A0004FF0000030BD7FEA645C1ABF194610467FEA655C1CBF0B46024650EA013406BFF6
:2095C00052EA033591EA030F41F4002130BD00BF90F0000F04BF0021704730B54FF4806452
:2095E00004F132044FF000054FF0000150E700BF90F0000F04BF0021704730B54FF4806490
:2096000004F1320410F0004548BF40424FF000013EE700BF42004FEAE2014FEA31014FEA2B
:2096200002701FBF12F07F4393F07F4F81F06051704732F07F4208BF704793F07F4F04BF77
:2096400041F40021704730B54FF4607401F0004521F000411CE700BF50EA010208BF7047FC
:2096600030B54FF000050AE050EA010208BF704730B511F0004502D5404261EB41014FF4C7
:20968000806404F132045FEA915C3FF4D8AE4FF003025FEADC0C18BF03325FEADC0C18BF43
:2096A000033202EBDC02C2F1200300FA03FC20FA02F001FA03FE40EA0E0021FA02F1144435
:2096C000BDE600BF70B54FF0FF0C4CF4E06C1CEA11541DBF1CEA135594EA0C0F95EA0C0F45
:2096E00000F0DEF82C4481EA030621EA4C5123EA4C5350EA013518BF52EA033541F48011EB
:2097000043F4801338D0A0FB02CE4FF00005E1FB02E506F00042E0FB03E54FF00006E1FBE9
:2097200003569CF0000F18BF4EF0010EA4F1FF04B6F5007F64F5407404D25FEA4E0E6D4119
:2097400046EB060642EAC62141EA55514FEAC52040EA5E504FEACE2EB4F1FD0C88BFBCF517
:20976000E06F1ED8BEF1004F08BF5FEA500E50F1000041EB045170BD06F0004646EA0101DB
:2097800040EA020081EA0301B4EB5C04C2BFD4EB0C0541EA045170BD41F480114FF0000E1E
:2097A000013C00F3AB8014F1360FDEBF002001F0004170BDC4F10004203C35DA0C341BDC8D
:2097C00004F11404C4F1200500FA05F320FA04F001FA05F240EA020001F0004221F00041FF
:2097E00010EBD37021FA04F642EB06015EEA430E08BF20EAD37070BDC4F10C04C4F1200569
:2098000000FA04F320FA05F001FA04F240EA020001F0004110EBD37041F100015EEA430EEF
:2098200008BF20EAD37070BDC4F1200500FA05F24EEA020E20FA04F301FA05F243EA02039F
:2098400021FA04F001F0004121FA04F220EA020000EBD3705EEA430E08BF20EAD37070BDA2
:2098600094F0000F0FD101F00046400041EB010111F4801F08BF013CF7D041EA060195F0AA
:20988000000F18BF704703F00046520043EB030313F4801F08BF013DF7D043EA060370470D
:2098A00094EA0C0F0CEA135518BF95EA0C0F0CD050EA410618BF52EA4306D1D181EA030176
:2098C00001F000414FF0000070BD50EA410606BF1046194652EA430619D094EA0C0F02D115
:2098E00050EA013613D195EA0C0F05D152EA03361CBF104619460AD181EA030101F0004122
:2099000041F0FE4141F470014FF0000070BD41F0FE4141F4780170BD70B54FF0FF0C4CF4CB
:20992000E06C1CEA11541DBF1CEA135594EA0C0F95EA0C0F00F0A7F8A4EB050481EA030E50
:2099400052EA03354FEA013100F088804FEA03334FF0805545EA131343EA12634FEA022259
:2099600045EA111545EA10654FEA00260EF000419D4208BF964244F1FD0404F5407402D21B
:209980005B084FEA3202B61A65EB03055B084FEA32024FF480104FF4002CB6EB020E75EBAC
:2099A000030E22BFB61A754640EA0C005B084FEA3202B6EB020E75EB030E22BFB61A754696
:2099C00040EA5C005B084FEA3202B6EB020E75EB030E22BFB61A754640EA9C005B084FEA41
:2099E0003202B6EB020E75EB030E22BFB61A754640EADC0055EA060E18D04FEA051545EAE2
:209A000016754FEA06164FEAC30343EA52734FEAC2025FEA1C1CC0D111F4801F0BD141EABB
:209A200000014FF000004FF0004CB6E711F4801F04BF01430020B4F1FD0C88BFBCF5E06FFE
:209A40003FF6AFAEB5EB030C04BFB6EB020C5FEA500C50F1000041EB045170BD0EF0004E73
:209A60004EEA113114EB5C04C2BFD4EB0C0541EA045170BD41F480114FF0000E013C90E649
:209A800045EA060E8DE60CEA135594EA0C0F08BF95EA0C0F3FF43BAF94EA0C0F0AD150EAED
:209AA00001347FF434AF95EA0C0F7FF425AF104619462CE795EA0C0F06D152EA03353FF45A
:209AC000FDAE1046194622E750EA410618BF52EA43067FF4C5AE50EA41047FF40DAF52EA70
:209AE00043057FF4EBAE12E74FF0FF3C06E000BF4FF0010C02E000BF4FF0010C4DF804CDAB
:209B00004FEA410C7FEA6C5C4FEA430C18BF7FEA6C5C1BD001B050EA410C0CBF52EA430C85
:209B200091EA030F02BF90EA020F0020704710F1000F91EA030F58BF994208BF90422CBF62
:209B4000D8176FEAE37040F0010070474FEA410C7FEA6C5C02D150EA013C07D14FEA430C21
:209B60007FEA6C5CD6D152EA033CD3D05DF8040B704700BF8446104662468C461946634673
:209B800000E000BF01B5FFF7B7FF002848BF10F1000F01BD4DF808EDFFF7F4FF0CBF0120B8
:209BA00000205DF808FB00BF4DF808EDFFF7EAFF34BF012000205DF808FB00BF4DF808EDD0
:209BC000FFF7E0FF94BF012000205DF808FB00BF4DF808EDFFF7CEFF94BF012000205DF81F
:209BE00008FB00BF4DF808EDFFF7C4FF34BF012000205DF808FB00BF4FEA410C7FEA6C5CAE
:209C000002D150EA013C0AD14FEA430C7FEA6C5C02D152EA033C02D14FF0000070474FF010
:209C2000010070474FEA410212F5001215D211D56FF47873B3EB625212D94FEAC12343F02F
:209C4000004343EA505311F0004F23FA02F018BF404270474FF00000704750EA013005D14B
:209C600011F0004008BF6FF0004070474FF00000704700BF4FEA4102B2F1E04324BFB3F504
:209C8000001CDCF1FE5C0DD901F0004C4FEAC0024CEA5070B2F1004F40EB830008BF20F0F6
:209CA0000100704711F0804F21D113F13872BCBF01F00040704741F480114FEA5252C2F1C3
:209CC0001802C2F1200C10FA0CF320FA02F018BF40F001004FEAC1234FEAD32303FA0CFC1D
:209CE00040EA0C0023FA02F34FEA4303CCE77FEA625307D150EA01331EBF4FF0FE4040F4F8
:209D00004000704701F0004040F0FE4040F40000704700BF53B94AB9002908BF00281CBF01
:209D20004FF0FF314FF0FF3000F06EB9ADF1080C6DE904CE00F006F8DDF804E0DDE90223C3
:209D400004B070472DE9F047089D04468C46002B40F083808A42174647D9B2FA82F242B1D0
:209D6000C2F1200024FA00F09140974040EA010C94404FEA1748230CBCFBF8F61FFA87FE45
:209D800008FB16C143EA014306FB0EF1994209D9FB1806F1FF3080F01981994240F21681D4
:209DA000023E3B445B1AA4B2B3FBF8F008FB103344EA034400FB0EFEA64509D93C1900F1AE
:209DC000FF3380F00581A64540F2028102383C4440EA0640A4EB0E0400261DB1D4400023C5
:209DE000C5E900433146BDE8F08702B9FFDEB2FA82F2002A50D1CB1B4FEA174E1FFA87F8C0
:209E00000126B3FBFEFC210C0EFB1C3341EA034108FB0CF38B4207D979180CF1FF3002D23F
:209E20008B4200F2E9808446C91AA3B2B1FBFEF00EFB101143EA014408FB00F8A04507D902
:209E40003C1900F1FF3302D2A04500F2D9801846A4EB080440EA0C40BFE78B4209D9002D95
:209E600000F0B1800026C5E9000130463146BDE8F087B3FA83F6002E4AD18B4202D382420E
:209E800000F2B880841A61EB030101208C46002DA8D0C5E9004CA5E7C2F1200320FA03F6A3
:209EA000974001FA02F04FEA174ED9403043030CB1FBFEF61FFA87F80EFB161143EA0143CC
:209EC00006FB08F1994204FA02F409D9FB1806F1FF3C80F08D80994240F28A80023E3B443F
:209EE0005B1A81B2B3FBFEF00EFB103341EA034100FB08F38B4207D9791800F1FF3C73D2BE
:209F00008B4271D902383944CB1A40EA064678E7C6F1200C03FA06F422FA0CF31C4320FA4B
:209F20000CF701FA06F34FEA144E21FA0CF11F433B0CB1FBFEF91FFA84F80EFB191143EA36
:209F4000014109FB08FA8A4502FA06F200FA06F308D9611809F1FF3048D28A4546D9A9F1DE
:209F600002092144A1EB0A01BFB2B1FBFEF00EFB101147EA014700FB08F8B84507D9E71954
:209F800000F1FF312ED2B8452CD90238274440EA0940A7EB0807A0FB02894F45C646494690
:209FA0001AD317D05DB1B3EB0E0267EB010707FA0CFCF2404CEA0202F740C5E90027002610
:209FC0003146BDE8F0872E4628460BE70646E9E61846FDE64345E5D2B8EB020E69EB040173
:209FE0000138DFE70846D2E760468DE78146B9E7664675E730464AE7ACF1020C394413E709
:20A0000002383C4424E700BF704700BF30B501390024A24201D1002005E0035D01340D5D49
:20A02000AB42F6D0581B30BD0A44914200F1FF3300D1704710B511F8014B03F8014F914209
:20A04000F9D110BD884210B501EB020402D98442234607D8431EA14208D011F8012B03F8B3
:20A06000012FF8E7024401468A4200D110BD13F8014D02F8014DF7E702440346934200D126
:20A08000704703F8011BF9E7034613F8012B002AFBD1181A0138704710B56AB101398418C4
:20A0A00010F8013B11F8012F934203D1A04201D0002BF5D1981A10BD1046FCE710B501391F
:20A0C000034632B111F8014F03F8014B013A002CF7D11A440021934200D110BD03F8011B7C
:20A0E000F9E79368013B002B10B4936008DA9469A34201DB0A2903D15DF8044BFEF7D4BD96
:20A100001368581C1060197008465DF8044B7047F8B506460F461446D518AC4201D1002039
:20A1200007E014F8011B3A463046FFF7DAFF431CF3D1F8BD2DE9F047164699468A680B6985
:20A14000DDF820809342B8BF1346336091F8432007460C460AB1013333602368990642BF1A
:20A16000336802333360256815F0060506D104F1190AE36832689B1AAB4226DC94F8432078
:20A18000131E226818BF012392062BD404F1430249463846C04701301ED02368E568326893
:20A1A00003F00603042B08BFAD1AA36822690CBF25EAE57500259342C4BF9B1AED180026BF
:20A1C0001A34B5421AD1002008E00123524649463846C047013003D14FF0FF30BDE8F087E8
:20A1E0000135C6E7E1185A1C302081F84300224494F8451082F843100233C7E7012322467E
:20A2000049463846C0470130E6D00136D9E708B50620FEF7D7FF0120FFF796F870B54A1E6C
:20A22000682555430E4605F17401FEF77DFA044640B10021C0E900160C30A06005F1680217
:20A24000FFF71AFF204670BD2DE9F8430646884600F148040027D4E90195B9F1010905D5AC
:20A260002468002CF7D13846BDE8F883AB89012B07D9B5F90E30013303D029463046C047A1
:20A2800007436835E9E770477047704770B50E46B1F90E10002996B014461D4607DA002371
:20A2A0002B60B3891A0610D44FF480630EE06A46FEF7C4FF0028F2DB019A02F47042A2F588
:20A2C00000535A425A412A60EEE740230020236016B070BD1F2938B504460D4604D91623B4
:20A2E00003604FF0FF3038BD426C12B152F821304BB9204600F016F82A4601462046BDE862
:20A300003840FEF767BF012B0AD0591C03D1162303600120E7E7002442F8254028469847C0
:20A320000020E0E7FEF7E0BF10B50C46B1F90E10FEF7B8FF0028ABBF636DA3891B1823F43F
:20A340008053ACBF6365A38110BD2DE9F0411F468B89DB0505460C46164605D5B1F90E10CB
:20A3600002230022FEF78CFFA389B4F90E1023F48053A38132463B462846BDE8F041FEF7DF
:20A380003BBF10B50C46B1F90E10FEF779FF431CA38915BF606523F4805343F48053A3813B
:20A3A00018BFA38110BDB1F90E10FEF737BF0000F8B500BFF8BC08BC9E467047F8B500BF37
:20A3C000F8BC08BC9E46704700000040FB21F93F000000002D44743E000000809846F83C21
:20A3E0000000006051CC783B00000080831BF0390000004020257A38000000802282E33672
:20A40000000000001DF369350100000101010100A52D000008000000090000000A0000009C
:20A420008500000080000000810000000D0000000E00000003000000030000001946000016
:20A4400099390000000000000000000000000000CC09002070A4010001000203008000009A
:20A460000F000000090200000001048032000000454C00000000000000000000000000007A
:20A4800000000000120100020000004015190F520001010203010000454A00000000000041
:20A4A000494A0000D8090020DD550000B151000000000000000000000000000025303468E3
:20A4C000582530386C58000000000403090400004E6F726469632053656D69636F6E647599
:20A4E00063746F72000000006E524635322055534220434443206F6E20436F6E74696B6955
:20A500002D4E470044656661756C7420636F6E66696775726174696F6E000000557365727D
:20A5200020310000C8A40100D0A40100E8A401003836002004A501001CA50100000102035B
:20A5400004050000427574746F6E2031000000000600010800010901010C0001427574745E
:20A560006F6E2048414C2070726F636573730000FF0006000000000000B000400B000300E7
:20A58000426C6F636B4F75744F6653636F7065004E6F426C6F636B31537570706F72740013
:20A5A0004E6F46726565547261427566666572002E77656C6C2D6B6E6F776E2F636F7265C7
:20A5C00000000000546F6F4D616E794F6273657276657273000000002573000063743D3419
:20A5E00030000000636F61702074696D65722070726F636573730000F5650000A9650000C0
:20A600009D650000436F415020456E67696E650053657269616C697A65642068656164655C
:20A6200072206578636565647320434F41505F4D41585F4845414445525F53495A4500007D
:20A64000436F41502076657273696F6E206D75737420626520310000546F6B656E204C659E
:20A660006E677468206D757374206E6F74206265206D6F7265207468616E203800000000F2
:20A6800054686973206973206120636F6E73747261696E6564207365727665722028436F3A
:20A6A0006E74696B69290000556E737570706F7274656420637269746963616C206F7074CB
:20A6C000696F6E00436F4150204D6F64756C65005741524E000000005B252D34733A202560
:20A6E0002D3130735D200000556E70616972207369676E616C2072656365697665642066E2
:20A70000726F6D207072696E74657221000000005072696E7420636F6D6D616E64207265A3
:20A720006A65637465643A2053656E736F72206E6F742072656164792E00000053544152C8
:20A7400054000000494E464F000000005374617274207369676E616C2072656365697665CA
:20A76000642E2053616D706C696E6720626567696E7320696E646566696E6974656C792010
:20A78000756E74696C20746F6C64206F74686572776973652E00000053544F50000000004C
:20A7A00053746F70207369676E616C2072656365697665642066726F6D207072696E746568
:20A7C000722E000050415553450000005061757365207369676E616C2072656365697665BC
:20A7E000642E0000434F4E5400000000556E6B6E6F776E207072696E7420636F6D6D616EBB
:20A80000642072656365697665643A2025730A00756E6B6E6F776E5F6970000044697363A6
:20A820006F766572792070696E6720726563656976656421204C696E6B696E6720746F207E
:20A840007072696E7465722E2E2E00007072696E7465722F646973636F766572790000005F
:20A8600073656E736F722F646973636F766572790000000073656E736F722F7072696E7441
:20A880000000000073656E736F722F756E706169720000007072696E7465722F73656E7374
:20A8A0006F725F6F666600007469746C653D22556E706169722053656E736F72223B727450
:20A8C0003D22436F6E74726F6C2200007469746C653D225072696E7420436F6E74726F6C87
:20A8E000223B72743D22436F6E74726F6C2200007469746C653D22446973636F766572797A
:20A900002050696E67223B72743D22546578742200000000666430303A3A663663653A33B1
:20A920003636613A373138623A37336632000000666430303A3A663663653A333666613A2C
:20A94000343335663A66336436000000666430303A3A663663653A333663663A353336370B
:20A960003A33643561000000756E6B6E6F776E5F6970000000000000000000000000000028
:20A980000000000000000000000000000000000014A9010030A901004CA901004D61696EA4
:20A9A000000000005374617274696E6720436F6E74696B692D4E472D646576656C6F702F4D
:20A9C00076342E392D3538302D673134393134366236372D64697274790000002D20526F99
:20A9E0007574696E673A2025730A00002D204E65743A2025730A00002D204D41433A202527
:20AA0000730A00002D203830322E31352E342050414E49443A203078253034780A00000043
:20AA20002D203830322E31352E342044656661756C74206368616E6E656C3A2025750A005D
:20AA40004E6F64652049443A2025750A000000004C696E6B2D6C61796572206164647265CD
:20AA600073733A200000000054656E746174697665206C696E6B2D6C6F63616C20495076AD
:20AA80003620616464726573733A200043534D41000000008CAA0100A1800000F17F000034
:20AAA000F57F0000997F0000A57F0000B17F00004374696D65722070726F63657373000033
:20AAC0004576656E742074696D6572000D8B0000058B000049890000000000000000000039
:20AAE000284E554C4C204C4C206164647229000025303278000000004D514973647000002A
:20AB00004D5154542070726F636573730000000053656E736F72204D515454004D515454AA
:20AB200020446973636F6E6E6563746564000000666430303A3A3100417474656D7074690B
:20AB40006E67204D51545420636F6E6E656374696F6E20746F2025733A25640A00000000E2
:20AB60006E52463532383430204945454500000045525200546F6F206C6F6E673A202575B5
:20AB80002062797465732C206D61782025750A0054583A20746F6F206C6F6E67202825750E
:20ABA000206279746573290A000000006E52463532383430204945454520524620647269C3
:20ABC0007665720075BE000051BB000081BD000061BE0000F9B900002DBC0000E1B8000058
:20ABE00001BF000005BC0000F9B600001DB7000089BC000049B9000049B800000000000009
:20AC000002030405060708090B00000008010C011001140118011C01200124012C01000018
:20AC20000C0D0E0F10111213140000003001340138013C014001440148014C01500100003B
:20AC4000A1CB0000D5CB000081D3000091D40000D5D4000019D500005DD5000009D4000089
:20AC60004DD40000C5D3000055CE000005D3000031DF000099D60000A1D500001DD6000038
:20AC800011D700008DD7000009D8000021D200009DD20000D9CB000099CC00008DE00000AF
:20ACA00085D100004A6F696E000000004C6F63616C2072657061697200000000506F697385
:20ACC0006F6E20726F757465730000005369676E69666963616E742072616E6B2075706431
:20ACE00061746500476F7420706172656E7400004865617264206F6C642076657273696F4B
:20AD00006E2066726F6D20726F6F74004D756C7469636173742044495300000052656163DC
:20AD20006861626C65000000496E697420726F6F7400000044414F206D61782072747800E7
:20AD400052504C204C6974650000000040AD01006914010011F3000029F30000A9F300002F
:20AD600079F60000D9140100FDF60000FD1301001514010079F700008DF7000045FD000012
:20AD800001FE0000BDFC0000FDFB00008DFB0000A91401003114010009150100351401000E
:20ADA00053656E736F7273006865616C74680000536D6172742053656E736F72000000008F
:20ADC0004865616C746820636865636B206661696C6564202825642F33290A004163747587
:20ADE00061746F722064656164206F7220756E726573706F6E736976652120556E7061695F
:20AE000072696E672E2E2E004442470053494D554C4154494F4E3A204E61747572616C20D5
:20AE20007472616E736974696F6E20746F204552524F5220737461746521000053494D557A
:20AE40004C4154494F4E3A204E61747572616C207265636F7665727920746F204E4F524D0C
:20AE6000414C2073746174652E00000053544154453A204F4646000053544154453A2049FC
:20AE80004E495449414C495A4154494F4E00000053544154453A20534C454550000000007F
:20AEA00053544154453A20414354495645000000536D6172742053656E736F72205345544E
:20AEC00055502070726F63657373207374617274696E672E2E2E000073656E736F725F257A
:20AEE0003032750053657475703A20627574746F6E20696E697469616C697A65643A20253F
:20AF000073206F6E2070696E2025750A0000000053686F727420707265737320746F2073A3
:20AF20007461727420536D6172742053656E736F722E20486F6C6420357320746F207265FE
:20AF4000736574207768656E206163746976652E00000000536D6172742053656E736F7268
:20AF600020616C7265616479206163746976652E20486F6C6420627574746F6E20352073BA
:20AF800065636F6E647320746F20706572666F726D20686172642072657365742E000000E7
:20AFA00053657475703A20427574746F6E20686F6C64206475726174696F6E3A2025752049
:20AFC000730A0000536D6172742053656E736F722074687265616420657869746564000018
:20AFE00044657669636520726573657420746F2053544154453A204F4646202D206177613F
:20B0000069742073686F727420707265737320746F20737461727420616761696E00000045
:20B020002D000000536D6172742053656E736F7220426F6F74696E672075702E2E2E0000C1
:20B04000417474656D7074696E6720696E697469616C2070616972696E67207769746820C3
:20B060005072696E7465722E2E2E00005072696E74657220646973636F6E6E65637465646B
:20B08000206F7220756E70616972207369676E616C2072656365697665642120526573741C
:20B0A000617274696E6720646973636F766572792E00000053616D706C696E67207365733F
:20B0C00073696F6E20656E6465642E2052657475726E696E6720746F20534C4545502E00C1
:20B0E00048617264205265736574205472696767657265642E20427265616B696E672070F0
:20B1000061697220616E642072657475726E696E6720746F204F46462E000000496E6974E2
:20B1200069616C2070616972696E672074696D656F75742E20476F696E6720746F20534CA4
:20B140004545502E000000004D4C20566572646963742072656365697665643A20434F4EBC
:20B1600054494E55452E20526573756D696E672073616D706C696E672E0000005B7B2262AF
:20B180006E223A222573222C226E223A22585F417869735F506C617465222C2275223A22CB
:20B1A0006D2F7332222C2276223A257325642E253033647D2C7B226E223A22595F417869C5
:20B1C000735F506C617465222C2275223A226D2F7332222C2276223A257325642E253033EA
:20B1E000647D2C7B226E223A225A5F417869735F506C617465222C2275223A226D2F733272
:20B20000222C2276223A257325642E253033647D2C7B226E223A22585F417869735F457817
:20B2200074727573696F6E222C2275223A226D2F7332222C2276223A257325642E2530333D
:20B24000647D2C7B226E223A22595F417869735F457874727573696F6E222C2275223A2278
:20B260006D2F7332222C2276223A257325642E253033647D2C7B226E223A225A5F41786903
:20B28000735F457874727573696F6E222C2275223A226D2F7332222C2276223A2573256404
:20B2A0002E253033647D2C7B226E223A2254656E73696F6E222C2275223A2256222C2276C3
:20B2C000223A257325642E253033647D2C7B226E223A22506F776572222C2275223A2257DE
:20B2E000222C2276223A257325642E253033647D5D00000025732F7072696E742F6D6561A1
:20B30000737572656D656E747300000053616D706C652074616B656E20616E6420707562F8
:20B320006C697368656420746F2025730A0000004D51545420646973636F6E6E65637465DA
:20B34000642E20417474656D7074696E6720746F207265636F6E6E6563742E2E2E000000B0
:20B36000426174636820636F6D706C6574652E204177616974696E67204D4C207665726466
:20B380006963742E2E2E202846616C6C6261636B2074696D656F757420616374697665299F
:20B3A000000000004865616C746820436865636B2050726F6365737300000000536D6172A7
:20B3C000742053656E736F722050726F636573730000000053657475702050726F636573C3
:20B3E00073000000756E6B6E6F776E5F697000000000000000000000000000000000000092
:20B40000000000000000000000000000840200200000000053657269616C206472697665EC
:20B4200072000000736963736C6F7770616E0000002B2C3CFE80000024B401007D270100C8
:20B4400045340100892C0100000140FF008882800F2822200F252321537461636B0000000B
:20B46000436865636B206661696C65643A2025752076732E2025750A0000000053746163EF
:20B480006B20636865636B00303132333435363738396162636465660000000030313233FB
:20B4A0003435363738394142434445460000000030580000307800002B0000002000000035
:20B4C000286E756C6C2900002500000020202020202020202020202020202020303030307B
:20B4E00030303030303030303030303054435020736F636B65742070726F6365737300005D
:20B500005443502F495020737461636B0000000054656D70657261747572650010B50100F2
:20B52000BD540100A5540100B9540100284E554C4C20495020616464722900003A3A4646F1
:20B5400046463A25752E25752E25752E257500003A3A00003A00000025780000AC340020E8
:20B56000A8A40100010200000F000000000000001001000038030020BC340020ED7F010083
:20B58000D83400203CA4010002000106010204828101000000000101810000004180010045
:20B5A000AF03002000000000D58001000000000001000000D007000006000000FB21F93F31
:20B5C000FB2109407CD91240FB2119407A6A1F407CD92240BBFD2540FB2129403A462C4062
:20B5E0007A6A2F405C4731407CD932409C6B3440BBFD3540DB8F3740FB2139401BB43A40B6
:20B600003A463C405AD83D407A6A3F404C7E40405C4741406C1042407CD942408CA2434028
:20B620009C6B4440AC344540BBFD4540CBC64640DB8F4740EB584840FB21494083F9A20047
:20B64000444E6E00FC291500D1572700DD34F50062DBC0003C999500419043006351FE002E
:20B66000BBDEAB00B761C5003A6E2400D24D42004906E00009EA2E001C92D100EB1DFE00A7
:20B6800029B11C00E83EA700F535820044BB2E009CE98400B4267000417E5F00D6913900FD
:20B6A000538339009CF439008B5F840028F9BD00F81F3B00DEFF97000F980500112FEF00C5
:20B6C0000A5A8B006D1F6D00CF7E360009CB2700464FB7009E663F002DEA5F00BA277500A9
:20B6E000E5EBC7003D7BF100F739070092528A00FB6BEA001FB15F00085D8D00300356006B
:20B700007BFC4600F0AB6B0020BCCF0036F49A00E3A91D005E619100081BE6008599650072
:20B72000A0145F008D40680080D8FF0027734D0006063100CA561500C9A873007BE2600070
:20B740006B8CC000020000000300000004000000060000004C0300200000000000000000B4
:20B760000000000000000000000000000000000000000000000000000000000000000000C9
:20B780000000000000000000000000000000000000000000000000000000000000000000A9
:20B7A000000000000000000000000000000000000000000000000000015245454E54206D7D
:20B7C000616C6C6F6320737563636565646564002F6D6E742F776F726B73706163652F7777
:20B7E0006F726B73706163652F4743432D392D706970656C696E652F6A656E6B696E732DBE
:20B800004743432D392D706970656C696E652D3230305F32303230303532315F313539309A
:20B820003035333337342F7372632F6E65776C69622F6E65776C69622F6C6962632F73741C
:20B84000646C69622F72616E642E63002C2066756E6374696F6E3A200061737365727469E1
:20B860006F6E2022257322206661696C65643A2066696C6520222573222C206C696E652060
:20B880002564257325730A00232D302B2000686C4C00656667454647003031323334353691
:20B8A0003738394142434445460030313233343536373839616263646566000000000000E9
:20B8C000CC73FE7F0100000000000000952D000000000000000000000000000000000000E9
:20B8E000000000000000000000000000000000000000000000000000000000000000000048
:20B900000000000000000000000000000000000044A5010001000000010106000000000034
:20B920001000002000000000000000005CA50100A15700000000000060000300BC0B002093
:20B94000C0030020000000000000000000000000DCA50100DD630000000000000000000042
:20B96000000000000000000000000000E4A50100A11200000000000008010400DC0B002076
:20B98000E80400200000000004A60100DD68000000000000A8AB0100000000000000000057
:20B9A00000000000F0A8010000000000E57500000000000000000000000000000000000094
:20B9C0000000000000000000CCA80100000000007D74000000000000000000000000000001
:20B9E000000000000000000000000000A8A80100000000003D740000000000000000000045
:20BA0000000000000C000800040E0020A40D002038000200800E0020100E00200C000800D5
:20BA2000E40E0020840E002000000000B0AA0100DD8000000000000000000000C0AA01001F
:20BA40003D83000000000000000000000C00000000000000FC0E00200300000000000000ED
:20BA600000AB010089960000000000000C001000241900206418002000000000ACAB01008E
:20BA8000E1BA00000000000000001A01021402141CB501000000000065EE0000000000009F
:20BAA00004000800981E0020781E0020AA000800F0230020A01E002000000000B500010075
:20BAC0009B03000000000000F50001009B02000000000000250201009B0100000000000071
:20BAE000B90401009B0000003109010041090100FD090100150A010055090100CD0901000A
:20BB0000410A010035090100010000005002002000000000080000000000000008240020D3
:20BB200000000000A0AD010019170100000000000000164300000000A4B301000D180100AF
:20BB40000000000000000000D4B301009D1A01000000000000000000BCB30100911F010084
:20BB6000000000000000000014B40100B526010000000000000000007CB40100A13E01000F
:20BB800000000000284300200090D00300000000ECB40100254C01000000000000000000A4
:20BBA00000B50100715201000000000000000000120000000000000038310020200002004E
:20BBC0009C3200205C32002000000000D15E010081FF000000000000395F010080FF000001
:20BBE00000000000F961010087FF00001800100074340020F4320020436F6E74696B692D30
:20BC00004E472044465500004C0300200000000078B7010098B7010058B701000000000091
:20BC2000000000000000000000000000000000000000000000000000000000000000000004
:20BC40000000000000000000000000000000000000000000000000000000000000000000E4
:1CBC6000000000000000000000000000CDAB0510FF000000712C00004D2C000026
:0400000500008B1557
:00000001FF
