:020000040000FA
:20100000000004202D9700005597000057970000599700005B9700005D9700000000000038
:201020000000000000000000000000005F97000061970000000000006397000065970000CC
:2010400079D5000079CB0000ED53010067970000679700006797000015D2000067970000DE
:2010600051230100679700006797000089D600006797000089D50000679700006797000048
:2010800095F6000067970000679700006797000067970000679700006797000067970000D3
:2010A00067970000679700006797000067970000679700006797000000000000000000003C
:2010C0006797000067970000679700006797000067970000679700006797000079EE0000B7
:2010E0006797000067970000679700000000000000000000679700000000000067970000FA
:201100000000000000000000000000000000000000000000000000000000000000000000CF
:201120000000000000000000000000000000000000000000000000000000000000000000AF
:2011400000000000000000000000000000000000000000000000000000000000000000008F
:2011600000000000000000000000000000000000000000000000000000000000000000006F
:2011800000000000000000000000000000000000000000000000000000000000000000004F
:2011A00000000000000000000000000000000000000000000000000000000000000000002F
:2011C00000000000000000000000000000000000000000000000000000000000000000000F
:2011E0000000000000000000000000000000000000000000000000000000000000000000EF
:2012000001F0FF01102A2BDB10F0070F08D010F8013B013A8B422DD010F0070F42B3F6D194
:20122000F0B441EA012141EA014122F007047FF000070023F0E80256083C85EA010586EA41
:20124000010685FA47F5A3FA87F586FA47F6A5FA87F68EB9EED1F0BC01F0FF0102F007023C
:2012600032B110F8013B013A83EA010313B1F8D10020704701387047002D06BF354603389F
:20128000073815F0010F07D1013015F4807F02BF013015F4C03F0130F0BC0138704700BF63
:2012A000D0B5038804463BB15C2B0DD188290FD082290DD00120D0BD80211D4807F0E0FEE2
:2012C0005C2323800120D0BD002303800320D0BD04F0BEFBE8B904F09FFB02460B4652EA37
:2012E000030116D010A7D7E90067D90141EA5261D0018F4208BF86420FD3002908BFB0F5C6
:201300007A7F0DD34FF47A72002319F097FE0146D3E708480EF02EFDD2E74FF4F051CCE79A
:201320000121CAE7AFF30080E733750000000000540D0020A80000202DE9F04FA3B01F46D3
:2013400000231E93A44B19921B6807930446184688461AF078F84FF0000A05464FF0000B34
:20136000CDF874801D9B1A782B2A4CD039D80D2A32D8082A32D8002A3CD000230E931D9EB6
:201380003378302B40F0B480737803F0DF03582B6CD10E9B01931EAB029700938F4A1FAB8E
:2013A0001DA9204617F0BEFC10F00707054605D0062F2AD1013600231D960E93199B002B55
:2013C00040F096850E9BDBB152460BF1004343EC102B23B0BDE8F08F202ACED101331D9388
:2013E000C0E72D2AC9D101220E925A1C1D925B78002BC4D1199BCDF87480002B40F0768517
:2014000052465B46E3E70022EEE71E9A3AB1352120A81AF052FA1E99204617F011FF013F47
:20142000052F07D8DFE807F00E0B181D0E034FF0000BDA462807C1D54BF0004BBEE7DDE95C
:2014400020ABF7E7DDE920A31F9A23F4801302F2334243EA025BEDE7DFF884B14FF0000ADB
:20146000E8E76FF0004B4FF0FF3AE3E71D9B5A1C1D925B78302BF9D0002B9FD001234FF0E0
:20148000000904931D9B0A93CDF824904F460A221D980678A6F13003D9B209292AD90799C0
:2014A0002A4619F0D8FF98B3002033463D4607900246652B01D0452B18D11DB9049B034321
:2014C00098D00025DDF8748008F101031D9398F801302B2B75D02D2B7BD04FF0000CA3F12B
:2014E0003001092940F28280CDF8748000269DE00023C4E7082FD8BF099900F10100DABF30
:2015000002FB0133099302FB093901371D90BFE71D9B5A191D925B5D002F37D007903D4652
:20152000A3F13002092A12D90122C2E71D9B5A1C1D925B780130302BF8D0A3F13102082AFE
:2015400000F2DB841D9A079000200A920546303B00F1010214D00799114407912A4600EBBA
:20156000050E0A21724513D12A18082A05F1010505441CDC09990A2202FB01330993002224
:201580001D9B591C1D915B781046C9E73846D2E7082A04DC099E4E4309960132E2E702F188
:2015A000010CBCF1100FD8BF01FB09F9F5E7102DDCBF0A2202FB0939E1E7002307930122F6
:2015C0007CE74FF0000C08F102031D9398F8023085E74FF0010CF6E760200200382002007C
:2015E0000000F07F1D9B591C1D915B78302BF9D0A3F1310108293FF679AFA3F1300E1D9BCC
:2016000008931D9B591C1D915B78A3F13006092E37D9089E891B082944F61F6602DC76459D
:20162000A8BF7646BCF1000F00D07642002D4FD1049901437FF4C2AE002A7FF4DBAE692B78
:2016400027D024DC492B24D04E2B7FF4D3AE9E491DA819F0D1FF00283FF4CCAE1D9B1B7819
:20166000282B2DD1994920AA1DA819F0D9FF052826D1219BDDF880A043F0FF4B4BF4E00B4B
:201680009CE60A2101FB0E3EAEF1300EB9E76E2BDBE78F491DA819F0AFFF00283FF4AAAE76
:2016A0001D9B8C49013B1DA81D9319F0A5FF10B91D9B01331D93DFF82CB24FF0000A7DE679
:2016C000854800F045FC8DED040BDDE904AB75E6079B0998F31A002F08BF2F46102D089320
:2016E000A846A8BF4FF0100819F0E6F8092D82468B4613DD794B03EBC80353E9122319F0A1
:2017000055F9824648468B4619F0D6F802460B465046594618F094FF82468B460F2D38DC2B
:20172000089B002B3FF44AAE24DD162B0BDC6B4D05EBC305D5E9000152465B4619F036F9E7
:2017400082468B463AE6089AC5F12503934220DB624CC5F10F0504EBC50152465B46D1E960
:20176000000119F023F9089B5D1B04EBC504D4E90023E3E7089B16330BDB079B574A9E1BF8
:2017800002EBC606D6E900235046594619F038FAD6E7089BA5EB08089844B8F1000F71DD5C
:2017A00018F00F030AD04D4901EBC30152465B46D1E9000119F0FAF882468B4638F00F0828
:2017C0004DD0B8F59A7F22DD00252E46099507952223DFF810B123604FF0000A099B002BDC
:2017E0003FF4ECAD1E99204617F02AFD0799204617F026FD3146204617F022FD0999204697
:2018000017F01EFD2946204617F01AFDD6E500234FEA2818504659469946B8F1010F21DC92
:201820000BB182468B462E4BABF1547B03EBC90952465B46D9E9000119F0B8F8294B0A4636
:201840000B4029498B428246BED8A1F580118B4286BFDFF898B04FF0FF3A02F1547B0023EB
:20186000049381E018F0010F07D01D4B03EBC903D3E9002319F09AF8012309F101094FEA84
:201880006808CAE7EBD0C8F1000818F00F020AD0124B03EBC20350465946D3E9002319F08B
:2018A000AFF982468B465FEA2818D8D0B8F11F0F1EDD00252E460995079522234FF0000A83
:2018C0004FF0000B236089E7752102004C2002006C2102006F210200B3210200B0BC010061
:2018E00088BC01000000F07F0000A07CFFFFEF7F18F0100318BF6A23DFF8B49304935046E2
:201900005946002318F0010F04D0D9E9002319F04DF801235FEA680809F10809F2D10BB17F
:2019200082468B46049BBBB1CBF30A53C3F16B03002B594610DD1F2B40F32881342BDEBFED
:20194000203B4FF0FF3202FA03F34FF0000ACCBF4FF05C7B03EA010B00220023504659466D
:2019600019F08CFA0028A4D1099B00930A992B463A46204617F0D0FC099000283FF424AF70
:20198000079B9E1B089B002BB4BF334600231093089B002523EAE37318932E46099B204618
:2019A000596817F00DFC079000283FF411AF099B1A69023203F10C0192000C3019F001FD73
:2019C0004BEC10AB20AA1FA92046CDE90AAB17F073FF1E9000283FF4FBAE0121204617F0F8
:2019E000E5FC064600283FF4F3AE1F9B0499002BABBF109A189A189FDDF84090ACBF03EBC1
:201A00000209D71A209AA3EB01089044A34B08F1FF389845C2F1360280F2CC80A3EB080368
:201A20001F2BA2EB03024FF0010100F3B68001FA03F3119300230C9309EB0208049BC14566
:201A400017441F444B46A8BF4346BB42A8BF3B46002BC2BFA8EB0308FF1AA9EB0309109BB4
:201A6000002B17DD31461A46204617F05BFD064600283FF4ADAE01461E9A204617F0ACFC95
:201A80000F9000283FF4A4AE1E99204617F0D8FB0F9B1E93B8F1000F00F39180089B002B1E
:201AA00008DD189A0799204617F03CFD079000283FF48EAE002F08DD07993A46204617F07A
:201AC0008BFD079000283FF483AEB9F1000F08DD31464A46204617F07FFD064600283FF426
:201AE00077AE079A1E99204617F0E2FD054600283FF46EAEC3680F930023C360314619F0C8
:201B00008DFE002865DA0F9B53EA0A0340F08780CBF31303002B40F082802BF000431B0DF1
:201B20001B05B3F1D66F7AD96B6913B92B69012B75DD29460122204617F04EFD314605468B
:201B400019F06CFE00286ADD0499554A5B46002900F0858002EA0B01B1F1D66F7FDCB1F1CC
:201B60005C7F7FF7AAAE4F4A0023CDE916325046DDE91623594618F019FF0B46034308BF50
:201B8000222382468B4608BF23602BE64FF0FF3202FA03F303EA0A0ADEE6C8F17F4808F568
:201BA0007F0808F57B4808F1E20801FA08F30C93119141E700230C93012311933CE71E9938
:201BC0004246204617F008FD1E9000287FF466AFFEE55F466ED10F9ACBF3130342B3324AF8
:201BE000934228D1049B5046EBB12D4A3A40B2F1D46F4FF0FF3119D8120DC2F16B0301FAD4
:201C000003F3984217D1294B9F4202D101303FF4DFAD234B3B4003F5801B4FF0000A049B90
:201C2000002BA0D1DEE54FF0FF33EAE70B46E8E753EA0A0388D00C9BDBB13B42EFD00F9B28
:201C4000049A50465946C3B119F041FC02460B46DDE90A0118F0F4FC82468B46DFE71340E3
:201C6000A3F580136FEA135B6FEA0B5B4FF0FF3AD5E7119B13EA0A0FE0E719F028FC024681
:201C80000B46DDE90A0118F0D9FC0022002382468B4619F0F3F80028C1D00EE602FCFFFFCA
:201CA0000000F07F00005039FFFF0F00FFFFEF7F60BC01003146284619F0CCFD59EC108BFF
:201CC00010EE100A00224FF08043494619F0EAF800287CD00F9B002B4CD0954B0022CDE931
:201CE0000C23DFF84C924FF00008924B3B401193119A914B9A4240F0B280DDE90A23DDE93F
:201D00000C01A7F1547B4BEC10ABCDE91623CDE90C0117F055FDDDE90C0153EC102B18F0FD
:201D200045FE52465B4618F08BFC0B468149834A1940914282465ED90B9B02F15472934251
:201D400003D10A9B01333FF443ADDFF8FCB14FF0FF3A1E99204617F073FA0799204617F019
:201D60006FFA3146204617F06BFA2946204617F067FA13E6BAF1000F1BD1CBF31303F3B955
:201D80006B4B00224046494619F082F8D0B9404649466B4B002218F009FE8046894609F1BF
:201DA0000043CDF868801B93DDE91A23CDE90C239BE7BAF1010F02D1002F3FF47EAD614B54
:201DC00000228CE7DFF878914FF00008E7E75C4B40464946002218F0E9FD0F9B804689466E
:201DE00033B901F1004312901393DDE91223DDE7CDE91289F9E703F1547B049B002BA8D184
:201E00002BF00043119A1B0D1B059A42A1D14046494619F02BF918F09BFD02460B46404622
:201E2000494618F00BFC0F9ACBF3130343EA0A0313438046894653D035A3D3E9002319F07F
:201E400027F800287FF4CEAC33A3D3E900234046494619F03BF800283FF47BAFC2E4049B7E
:201E600033B3119BB3F1D46F22D82DA3D3E900234046494619F016F8A0B14946404619F0A5
:201E80006DF8012838BF012018F016FD0F9B8046894613BB01F1004314901593DDE91423F6
:201EA000CDE90C230D9B119A03F1D6639B1A0D93DDE90C019DED0A0BCDE90C0117F080FCB0
:201EC000DDE90C0153EC102B18F070FDDDE90A2318F0B6FB82468B468FE7CDE91489DDE76E
:201EE00011A3D3E9002318F0D3FFB4E700230E93199A1D9B1360FFF765BA652B3FF45DAB58
:201F0000452B3FF45AAB0122FFF792BBAFF300809535A094FFFFDF3F35E5AF350000E03F5A
:201F20000000C0FFFFFFDF419535A094FFFFCF3F0000F03F0000F07F0000E07FFFFF9F7CA4
:201F40000000E03F0000F0BFFFFFEF7F000000009FED010B704700BF000000000000F87FC2
:201F600010B5054C237833B9044B13B10448AFF300800123237010BD980A002000000000FD
:201F80000424020008B5034B1BB103490348AFF3008008BD000000009C0A002004240200D2
:201FA000A3F5803A704700BF174B002B08BF134B9D46FFF7F5FF00218B460F461348144ADA
:201FC000121A19F026FA0E4B002B00D098470D4B002B00D098470020002104000D000D48A0
:201FE000002802D00C48AFF3008016F0CDFD2000290004F0EFFF16F0B3FD00BF00000800F9
:2020000000000000000000000000042050050020EC4A0020000000000000000000B585B0E7
:202020000346002101AA44F20100CDE90111039300F004F805B05DF804FB00BF72B6094BC6
:202040001B68DB0700D500BEBFF34F8F0649074BCA6802F4E0621343CB60BFF34F8F00BF1D
:20206000FDE700BFF0ED00E000ED00E00400FA050378052B02D0094B1B681847084BD3F85F
:202080008424D3F8803413F0FF0FF4D1054BD2B2052A08BF1846014B1B681847B40A00200F
:2020A0000070024090BD0100014B02481B681847B40A002094BD0100012803D0022809D079
:2020C00020B17047054B06481B681847034B05481B681847014B04481B681847B40A002023
:2020E00088BD010084BD01008CBD01002DE9F04F87B0002504460F4690469946029500E092
:2021000001356268012356682146002202A8B0470028F5D18DF80600049065B382468346FD
:202120000AE09DF806306668023B7668B0479DF806309B445D451ED96268012356682146B4
:202140000DF1060204A8B04762680123566821460DF1070204A8B0479DF80730BB424FF011
:202160000002214604A8DCD1D04508D00AF1010A5FFA8AFAD5E7052007B0BDE8F08F109A67
:202180009DF80630136089F8003089F801706168023B4D6809F102022146A847002007B078
:2021A000BDE8F08FF0B5054683B03B480CF090F9044610B1204603B0F0BD384A3849394B78
:2021C00014700C604822214637481C6019F021F936482146482219F01CF9002D54D095E8E5
:2021E0000700334B83E80700002847D000200AF0BDFD08B1852844D12E4D2B7A002B49D0F6
:20220000013BDBB205F10C024FF0030E6E68274FDFF894C01EFB032E05F109046378EBB166
:20222000A278611C1144013B51FA83F1224408E003F00F0307EBC30391421D60306858600C
:202240000CD012F8013B1806F2D503F00F030CEBC30391421D6030685860F2D10334744562
:20226000DCD10B238DF804301248336801A99847044600289ED00CF06DF99BE70E4A1A60B6
:20228000B4E7FFF7CBFEB7E7094B0B4A5D601D721A60ABE76E68E4E771200000973D00201F
:2022A000500B0020540B0020C00A0020080B0020B40A0020C0BD01008126000010B50CF043
:2022C00063FA68B10CF068FA044648B906480AF061FD034628B1FFF7A1FE2346184610BDEE
:2022E0000823184610BD00BF80BD01000CF03CB90DF03AB84FF0804303E0D3F83824D107C7
:2023000007D5D3F838249207F7D5024B02481B6818477047B40A002098BD010000B5054BEC
:2023200083B082221B688DF8042001A8984703B05DF804FBB40A00202DE9F043057A83B032
:20234000002D5ED005F1FF3E5FFA8EF300F10C024FF0030E00F10901334FDFF8D4C01EFBC5
:20236000032E0C4666780022964204EB020319D094F8028013F9089013F80830B9F1000F77
:202380000BDB03F00F0307EBC3031B680132002BEAD0112003B0BDE8F08303F00F030CEB07
:2023A000C303F2E70334A645DCD100261E4FDFF880C0324602EB42020A445378EBB1002483
:2023C00023460CE003F00F0307EBC303186045682D685D6055780134E3B29D420CD995780C
:2023E000134413F905E05B5DBEF1000FEADA03F00F030CEBC303E9E7057A0136F2B2954298
:20240000D8D80A4A13681BB11A681368002BFBD1106043680B228DF804201B6801A9984780
:2024200003B0BDE8F08300BF080B0020500B0020C00A0020024B1878003818BF01207047B6
:20244000963D0020030710B5044604D52046BDE810400CF021BE0CF039FB20460CF074FE5D
:202460002046BDE810400CF017BE00BF0DF05AB8014B1868704700BF500B0020F0B40E4BA8
:202480001F688FB13E7A96B100231C463A4602E0DCB2A6420BD9557A854203F1010302F1B4
:2024A0000302F5D101B10C703846F0BC70473B681F68002FE6D1F7E7500B002043681146D7
:2024C0001B68184700F00F03082B0AD802064CBF054A064A02EBC303186810B143681B682F
:2024E00018471020704700BFC00A0020080B002038B5094B1C6864B1054602E023681C68A4
:202500003CB1636829461B68204698470628F5D038BD062038BD00BF500B002038B50D464F
:2025200004460CF0A5F918B1054B1B78022B01D0082038BD29462046BDE838400CF0A8B9A1
:20254000973D002038B50D4604460CF091F918B1054B1B78022B01D0082038BD29462046DB
:20256000BDE838400CF026BA973D0020F8B543689B6805460C4616461BB19847062800D071
:20258000F8BDEEB92B7AA3421CD9093504EB44042C44677897B133463A469A420BD9A37880
:2025A000A2190136D05CFFF74DFFF3B2BB4205D262789A42F3D800231B78FFDE0020F8BD59
:2025C0000720F8BD7378FFDE70B54368DB6805460C4603B198472B7AA3421AD9093504EB6A
:2025E00044042C4466789EB100252B46324693420BD2A37862190135D05C0CF093FFEBB213
:202600009E4205D962789342F3D300231B78FFDE70BD00235B78FFDE43681B6903B11847B2
:202620001846704770B50A4B1D687DB12E7A4EB100242146013400222846FFF797FFE1B242
:20264000B142F7D32B681D68002DEFD170BD00BF500B002070B5094B1D6875B12E7A46B18E
:202660000024214601342846FFF7AEFFE1B2B142F8D32B681D68002DF0D170BD500B00208A
:2026800070B503780446852B00F2BF80DFE813F00002B201BE003A026602E300EA00BD0004
:2026A000040117012A01BD00BD00BD00BD003D01BD00BD00BD00BD00BD00BD00BD00BD00B8
:2026C000BD00BD00BD00BD00BD00BD00BD00BD00BD00BD00BD00BD00BD00BD00BD00BD002A
:2026E000BD00BD00BD00BD00BD00BD00BD00BD00BD00BD00BD00BD00BD00BD00BD00BD000A
:20270000BD00BD00BD00BD00BD00BD00BD00BD00BD00BD00BD00BD00BD00BD00BD00BD00E9
:20272000BD00BD00BD00BD00BD00BD00BD00BD00BD00BD00BD00BD00BD00BD00BD00BD00C9
:20274000BD00BD00BD00BD00BD00BD00BD00BD00BD00BD00BD00BD00BD00BD00BD00BD00A9
:20276000BD00BD00BD00BD00BD00BD00BD00BD00BD00BD00BD00BD00BD00BD00BD00BD0089
:20278000BD00BD00BD00BD00BD00BD00BD00BD005101860060011C02E301E3008C4B8D4986
:2027A000D3E9000290478C4B1C684CB1894D636820461B682946984723681C68002CF6D152
:2027C000864C63680BB10D209847FFF743FF01F075FB834B1B68002B00F0FD810120814D22
:2027E0000BF0A0FF2A78931EDBB2062B00F215827D49CB5C13B10AF09FFA2A78022A40F063
:202800000C820CF00BF801232B7070BD754D2A78931EDBB2062B00F2CD817349CB5C13B185
:202820000AF08AFA2A78022A40F0C4810BF0F6FF6A4B5B6803222A700BB102209847664B42
:202840001D6845B16B6828461B68214698472B681D68002DF6D15E4B2146D3E90002BDE874
:202860007040104790F902308278002BB4BF5F4B574B02F00F0203EBC203D3E900022146D7
:2028800090470028C1D0A0780207BED00307BCD4BDE870400CF0ECB8504B5B680BB1082028
:2028A00098474D4B1D68002DAFD06B6828461B68214698472B681D68002DF6D1A5E7474B3C
:2028C0005B680BB109209847434B1D68002D9CD06B6828461B68214698472B681D68002D76
:2028E000F6D192E73D4B5B680BB10A2098473A4B1D68002D89D06B6828461B6821469847EE
:202900002B681D68002DF6D17FE7344B5B680BB10F209847304B1D68002D3FF476AF6B68E1
:2029200028461B68214698472B681D68002DF6D16BE72C4C2378062B00F04F8103F0FD030B
:20294000052B7FF462AF0BF073FF0223237070BD244DFFF77FFE0CF0FBFC2A78931EDBB2BA
:20296000062B31D82049CB5C13B10AF0E5F92A78022A29D10BF052FF174B1C6800232B7039
:202980004CB11B4E636820461B683146984723681C68002CF6D10E4B1549D3E90002904779
:2029A0000E4B5B680BB10E2098472B78023BDBB2062B3FF62AAF0C4AD35C002B3FF425AFCF
:2029C000BDE870400AF0B8B9082AD5D1D2E700BF080B00209CBD0100500B0020B40A002001
:2029E000540B0020973D002078BD0100C00A0020A0BD01009C4DFFF72DFE01F055FA2A78FA
:202A0000931EDBB2062B00F2D9809849CB5C002B00F0D480022A03D0082A01D00BF008FF81
:202A2000934B5B6802222A700BB101209847914B2146D3E9000290478F4B1D68002D3FF4E4
:202A4000E4AE6B6828461B68214698472B681D68002DF6D170BD844D2B78032B00F0C680C9
:202A60000BF0A4FE00283FF4D0AE2A78931EDBB2062B40F2EB8081480AF030F92A78022A78
:202A800001D0082A01D10BF0C9FE06232B7070BD754B1B78032B00F0A580082B00F0A280D3
:202AA000734B5B680BB100209847754B1D68002D3FF4ABAE6B6828461B68214698472B683F
:202AC0005D68002DF6D170BD674D2B78032B7FF49CAE0CF079FC00283FF497AE2A78931E6A
:202AE000DBB2062B00F2BB806049CB5C13B10AF023F92A78022A40F0B2800BF08FFE042362
:202B00002B7070BD584D2A78082A5CD0931EDBB2062B00F286805549CB5C002B00F0818000
:202B2000022A00F0878005232B70514B5B680BB1032098474F4B2146D3E9000290474E4B63
:202B40001D68002D3FF461AE6B6828461B68214698472B681D68002DF6D170BD444B5B68EC
:202B60000BB103209847434B4649D3E900029047414B1C684CB1434D636820461B68294625
:202B8000984723681C68002CF6D1374D2B78062B1ED0082B0BD09A1ED2B2062A4DD83349F3
:202BA0008A5C002A49D0022B01D00BF041FE02232B7070BD082A7FF43BAE37E62F480AF0AB
:202BC0008DF82A7826E702232B700BF03BFEACE707232B7070BD207A01E60BF029FE08237A
:202BE000237070BD2848FFF74BFD59E70CF0ECFB00283FF435AF2A78931EDBB2062B2BD8F1
:202C00001A49CB5C13B10AF097F82A78022A23D10BF004FE04232B7022E7082A7FF4F3AD0E
:202C2000EFE516480AF05AF82B78022B02D0082B7FF479AF0BF0F2FD75E710480AF04EF8C8
:202C40002B78022BB3D0082BB1D0AEE70749CB5C002B7FF414AF0EE7082ADBD1D8E7082A3C
:202C60007FF44DAF49E700BF973D002078BD0100B40A0020080B0020500B00200800002018
:202C8000540B0020A8BD0100A4BD01004360CA699A4205D38A6902600B67CB610020704799
:202CA00001F1280202608B6700207047F0B504680E7A002C00F07284A4F212347C2C00F2AC
:202CC000C1827C2C00F2BE82DFE814F074020003DE02CF02C7022A0307032303BC02BC0240
:202CE000BC02BC02BC02BC026702D702BC02BC02BC02BC02CC010F03E602BC02BC02BC02A1
:202D0000F401EE038C03BC02BC02BC02BC02FF00CB034803BC02BC02BC02BC02BC02BC02BA
:202D20006402BC02BC02BC02BC0219019B039303AC035703BC02BC02C3038403B403390322
:202D40005F03BC02BC024103DB015003ED00BC02BC023203DB00F503BD00BC03BC02BC02B9
:202D6000BC02BC02BC02BC02BC02BC02BC02BC02BC02BC02BC02BC02BC02BC02BC02BC0273
:202D8000BC02C900D303BC02BC02BC026703BC02BC02BC02BC02AC00BC02BC02BC02BC0296
:202DA000AC00BC02BC02BC02BC02BC02BC027D00C002BC02BC02BC02BC02B800BC02BC0288
:202DC000BC02BC02B80001240025002A00F0CD8307795755A3424FF00005057140F27C830F
:202DE000171901343D70B04D0F7D2D682D78AF4200F0B0838F7DAF4209D10025A342057193
:202E000040F24D85254601340AB107795755DFF8A0C2A64F9CF800503F780135EDB28CF805
:202E200000507BE1012500240AB1077917554024AB42047140F289836C1CC6E70124002572
:202E4000002AE2D1E3E701240025002A40F031848D7D0571A34240F262830134FFE00125BC
:202E60000024002A00F03D8307791755AB424FF00504047140F27E83274602EB050C6C1C98
:202E8000FDE201250024002A40F011840624AB42047140F23F8301350C7D0471AB4240F247
:202EA00091836C1CD4E701250024002A40F003840524AB42047140F228836C1C2425A34272
:202EC000057140F27583651CE0E701240025002A00F0FA83077957554FF0000CA34280F855
:202EE00004C040F29084651C0027AB4202F804C0077140F2F383541901352770F3E0012522
:202F00000024002A00F0EF8307791755AB424FF02404047140F2C183274605F1010C002442
:202F200063455755047140F2A98325460CF101071024BB4202F80C50047140F2908325464E
:202F400007F1010C01246345D555047140F2788325460CEB04070524BB4202F80C50047175
:202F600040F25D83254607F1010C24246345D555047140F24A8325460CF101070124BB42AF
:202F800002F80C50047140F23683254607EB040C03246345D555047140F228830CF10107BE
:202FA00002F80C40BB4291F816C080F804C040F218837C1C0425A34202F807C0057140F257
:202FC0000B8302EB040C2F4601342425A3428CF80070057140F2FB822F46651C1755AB4226
:202FE0004FF00204047140F29F82274602EB050C6C1C0225A3428CF80070057140F2DD82CA
:203000002F46651C1755AB424FF00504047140F27C82274602EB050C6C1C2425A3428CF8CF
:203020000070057140F2C4822F46651C1755AB424FF00604047140F26D82571901353C70B2
:203040000F7D0771AB4240F2BD826C1C5755A3428D7D057140F26382171901343D70124DED
:203060002D6851E001270024002A00F04082057915559F424FF00004047180F0F5827D1C61
:2030800039E101250024002A40F017830224AB42047140F249826C1C0225A342057140F217
:2030A0008C82651C04E700BF580B0020983D00209A3D002001240025002A00F09883077969
:2030C00057559C424FF00205057180F05883671C1555BB424C7E047140F2E48202EB070C9E
:2030E0007D1C8CF800400024AB42047140F221826C1C0AB107795755C64D91F814C02D68A4
:203100002F78BC4500F01A82DFF810E3DFF810C36F788EF8007000258CF80050BD423FD320
:20312000BD4F3D780135EDB23D70AE4240F2CA810925A342057140F25583651C002A00F0B1
:20314000128307791755AB424FF00404047140F2B682274602EB050C6C1C8CF800700F7A6B
:20316000AD4D2D78AF4240F2AC8305EB450501F10907DFF8A0C217F805E080F804E03D4418
:203180009C42CCF8005080F07E82671C002A7FF46EAFACE101240025ABE701250024CDE729
:2031A0000725A342057140F29281651C002A7FF45BAE96E1002A00F0EB8204791470012BF1
:2031C0004FF00B04047140F2238302250127D455AB420F7D077140F25B8205F1010C0224B3
:2031E00063455755047140F2448225460CF101070224BB4202F80C50047140F22B82254666
:2032000007F1010C02246345D555047140F213820CF1010702F80C40BB4291F819C080F853
:2032200004C040F2F7817C1C0025A34202F807C0057140F2E581171901343D70764F0025B3
:203240003D7072E7002303601846F0BD002A00F0F282057917460124C4E5002A00F0F28212
:2032600005794FF0010C0027CCE7002A00F0EC82057901274FF0000CBAE7002A00F0FF82F5
:2032800007799446012468E7002A00F0D78207794FF0010C0025A2E75E4C002A00F0E68247
:2032A00007792468944601258CF8007024780F7DA74200F0B9818F7DA7427FF414AF0A247A
:2032C0009D42047180F0F5826C1C00E6002A00F0D28204790125002779E7002A00F0B08261
:2032E00090F804C0012400279EE7002A00F0C182047901250027DFF81CC1D455DCF8004099
:20330000AB426778077140F2A08102EB050C0135CAE7002A00F0B1820579174601248CE771
:20332000002A00F08482047901274FF0000C71E7002A00F0A7820779944601246DE6002AE6
:2033400000F08E82047901274FF0000C28E6002A00F0A18207799446012436E6002A00F07D
:2033600000821446077927700125BCE6002A00F08E820779944601243BE6002A00F07282BA
:20338000057901274FF0000CE5E5002A00F0608290F804C0012400270CE61E4C01252768CD
:2033A00000241AB190F804C002F804C03C780F7DA74200F0E9808F7DA7427FF438AD02241F
:2033C000AB42047140F270822C460135002A7FF42CAD2CE5002A00F04782057901274FF070
:2033E000000CCBE5002A00F0BC8104799446012577E6002A00F01682057901274FF0000C3D
:2034000096E5002A00F0458207794FF0010C002585E500BF580B0020993D0020983D0020C8
:203420009A3D0020002A00F0308205794FF0010C002787E5002A00F00F8205794FF0010CF7
:203440000027A5E5002A00F0F48105791746012404E6002A00F0218205794FF0010C002794
:2034600083E5002A00F0F68190F804C0012500243AE5002A00F0EA810779944601248CF816
:203480000070C14FC14D3F682D7897F801C0AC4540F2148297F802C03D44A34215F80C5029
:2034A00005716CD9651C7CE7002A00F0D7810579012700240CE6002A00F0B6810479174614
:2034C0000125BCE540F2993303600120F0BD40F26D3303600120F0BD4FF461730360012058
:2034E000F0BD0524AB42047144D96C1CC9E79F42027180F0B9807D1CA34C2468AB42677862
:20350000077140F2A2800135D0E640F2553303600120F0BD40F2573303600120F0BD40F2E9
:20352000593303600120F0BD40F2513303600120F0BD4FF44F7303600120F0BD0525A342A2
:20354000057140F21781651CDBE440F2833303600120F0BD0D6AA3422D7805713FF652AC28
:2035600040F2893303600120F0BDA3420271B3D9013438E440F26E3303600120F0BD40F2C1
:20358000723303600120F0BD0324AB4204713FF61BAF40F2773303600120F0BD082404711F
:2035A000002B7FF407AE40F2123303600120F0BD40F2563303600120F0BD40F2523303600A
:2035C0000120F0BD4FF4567303600120F0BD4FF4547303600120F0BD40F24F33036001206D
:2035E000F0BD4FF4537303600120F0BD40F24B3303600120F0BD40F24A3303600120F0BD23
:2036000040F2193303600120F0BD40F2493303600120F0BD4FF4467303600120F0BD4FF4AC
:20362000527303600120F0BD02249D42047180F0F4806C1C40E540F2173303600120F0BDDC
:2036400040F2453303600120F0BD4FF44A7303600120F0BD40F2163303600120F0BD4FF46F
:20366000517303600120F0BD40F2273303600120F0BD40F2153303600120F0BD40F2433345
:2036800003600120F0BD40F2263303600120F0BD4FF4457303600120F0BD40F24233036007
:2036A0000120F0BD40F22E3303600120F0BD0779BCE40779CAE40779A4E407798EE440F2FE
:2036C000213303600120F0BDA342027140F29B80013400259C420571C0F0938040F23533B5
:2036E00003600120F0BD2424AB420471D5D96C1C00259C420571C1D2013410259C420571EF
:20370000ADD2013401259C42057199D22C4405259C42057183D2013424259C420571BFF448
:2037200074AF013401259C420571BFF464AF2C4403259C420571BFF459AF01348D7D057195
:203740009C42BFF44EAF01340425A34205717FF643AF01342425A34205717FF638AF651C05
:2037600094E40125BFE40424AB420471A7D90F7A6C1CF5E440F2413303600120F0BD40F20B
:203780002D3303600120F0BD580B00209A3D00200B24012B04713BD902240D7D05719C4236
:2037A000BFF476AF01340225A34205717FF661AF013402259C420571BFF44CAF013402253B
:2037C000A34205717FF637AF01344D7E05719C42BFF420AF013400259C420571BFF410AF3D
:2037E00001342BE54FF4487303600120F0BD02259C420571C3D201344D7E05719C42BFF43E
:2038000051AF651C6FE44FF44D7303600120F0BD40F2133303600120F0BD4FF44B73036093
:203820000120F0BD012468E70125FFF735BB0124CBE7012413E40124FFF7D5BA0124B2E7DF
:203840000124C8E70124BAE70124B2E7012418E6012479E701243CE7012469E70124CBE7D4
:2038600001246BE7012452E701245BE7246801251CE5012540E601248FE70124DEE437460E
:2038800001246DE40124FFF719BB01243AE7012402E401242CE701245CE701243CE740F258
:2038A0008E3303600120F0BD4FF45F7303600120F0BD40F2333303600120F0BD00231B7851
:2038C000FFDE024A002313601B78FFDE580B002070B90B681A7B202A01D0062070471A46AD
:2038E00052F80E1F9961918892799A7799837047032070474360CA699A4210D38A6910B429
:203900000260C8690C6FC01A1C441A44C86100380C6718BF01205DF8044B8A61704701F1FD
:203920002802026000208B67704700BF2DE9F0470B7888B00D4606460E2B14D8DFE803F0ED
:2039400008180808130D281313181308080808000024204608B0BDE8F0874B78DA0930D179
:203960005B09012B4CD00624204608B0BDE8F0870368002403F134022046C3E91E44C3E95E
:2039800020445A671C845C62DC6208B0BDE8F087027A8B78002A00F06581817A09300029B6
:2039A00000F05E81F17A415C9942D1D01B061ED4EF7807F0FD03012BCAD0002F65D00324F2
:2039C000C7E713F0600FC3F3411200F09180012AC9D18B78212BC6D1B1F80720072AC2D17E
:2039E0000168681C183100F073FA0446B1E7EC78002C00F09D80032C14BF03240024A8E7D9
:203A00008B780768202B00F09B80222BABD1B1F80730002BA7D1B1F8035097F820303D84F6
:203A200005F0010203F001039342154690D0C3691BB1C2F10301C9B29847002D88D1337ACB
:203A4000012B40F20B81737B06F10C04002B00F00381B37BE05C0BF0E1FC337A012B40F29B
:203A6000FD80737B012B40F2F780B37B23442C4658780BF0D3FC07F13403C7E91E55C7E963
:203A800020557D62FD627B6763E73568012A05F10C0140F2DF80727B012A06F10C0340F29B
:203AA000D7800691B27B704905911344AC6A93F80180002C60D1EA6FEB6AAC67C5E91F42F6
:203AC000002B00F0B480296B1846002205F1240383E803004046EA6205A9FEF733FD044609
:203AE000F369002B3FF435AF30460021984730E703F01F03012B7FF436AF8C78062C7FF459
:203B000032AF05A8039200F0D5FC03AA00920746EA78297930463B46FEF7E8FA05283FF403
:203B200018AF039A3946681C00F0D2F9044610E7F369002B3FF40CAF30460121984708E747
:203B4000B1F80720072A7FF40EAF3B73B1F80730DBB27B7300200E37CDE90573079000F011
:203B60008BFF002005A9FEF7D9FC0446002867D0002000F089FFECE6D5F88490686A4C45CC
:203B800028BF4C4605F1340A2246514617F019FCE86FEA6AEF67A9EB04030AEB040104447F
:203BA000C5E91D13C5F88040002A43D005F12C0797E8030005F12404002284E80300EA62C7
:203BC000002B3BD091461BE0696F686A17F0F9FBD5E91D32A96AC5F880100B44521AC5E962
:203BE0001D32F36913B1002130469847EB6A13B397E8030084E80300AB6FC5F82C90EBB1A5
:203C0000AA6A9342E0D2696F686A1A4617F0D9FBD5E90932A96FE967521A0B44C5E909321F
:203C200053B1404605A9FEF78DFC044658E700236B6255E700236B62002451E76B6AEFE722
:203C40000A4B049603A9039300F020FC04468FE73B78FFDE7B78FFDE2B78FFDE6B78FFDEC7
:203C60000B78FFDE5378FFDEF5380000D138000010B503681C8CE40784B015D50B46017A59
:203C8000012916D9417B00F10C0481B1817B605C91060CBF0124002401A9CDE9013203948F
:203CA000FEF73CFC04B010BD082004B010BD0B78FFDE00235B78FFDE0368D3F8800070470D
:203CC000F0B50468238CDB0783B022D50546002016460F4600F0D0FEA26F42B9636AE3B1D1
:203CE0001124002000F0D0FE204603B0F0BD964228BF1646616F3246384617F062FBD4E9E9
:203D00001D239B1B3244C4E91D23C4F880600024E7E70824204603B0F0BDC4E909762A7AFA
:203D2000012A12D9697B012905F10C020FD9AB7B0849009113440C34587801946946FEF7CB
:203D400001FC041E08BF9224CBE75B78FFDE1B78FFDE00BF8D2C0000002070472DE9F04F51
:203D60004B6885B0CDE900020C46002B71D00AF07BFEE568019B9D4228BF1D468146002D6C
:203D80007CD04FF0000A5646D3464FF00108D4E90113AB421F4628BF2F46E9B13A4609EB04
:203DA000060017F00EFBD4E90223D21BDB1BC4E90223C4F804B0ED1B3E442AB3002B08BF8D
:203DC0004FF00008002DE2D1009BC3F800905E60404605B0BDE8F08FABB120463B4650F82E
:203DE000101B4A68D2F804A009EB0602D047D4E90223D21BDB1BC4E90223ED1B3E445AB139
:203E00004FF0010ADAE7E368BAF1000F04D15BB99846002DBBD1D7E7226812681268226054
:203E20004FF0010A002BF3D02168F1B1CDF808B003E0A36821680133A3604B6800225F6858
:203E400002A80123B8470028F3D12061002D9ED1BAE70B681B681B68002B88D18B68002BD0
:203E600085D1036043609846B2E76160002EABD0019BB34288BF4FF00008A5E72E464FF0A7
:203E80000108A1E7054B0528187004D0044A137823F0020313700348FEF7F2BB9B3D00205F
:203EA0009C3D0020D0BD010008B50020FEF7CAFABDE808408020FEF7C5BA00BF08B5002048
:203EC000FEF7D4FABDE808408020FEF7CFBA00BF70B5C38893421E4628BF1646934284B060
:203EE0000D4612D8002400200394CDE9015600F0C3FD01A98020FEF711FB044688B10020FF
:203F000000F0C2FD204604B070BD802014460AF09FFCB4FBF0F202FB1044B4FA84F46409A7
:203F2000E1E70AF07BFE80280BD1094A094B92E8030083E80300002000F0A6FD204604B063
:203F400070BD002000F0A0FD1024204604B070BD08BE0100800B00202DE9F04F0B780E2B89
:203F600089B018D8F3B1013B0D2B1BD8DFE803F01F0E281A354C1A1A1A1A0E666F07B24B14
:203F80001B78012B02D00120FFF77CFF0024204609B0BDE8F08F852B04D1AB4B1B78032B5B
:203FA00000F040810624204609B0BDE8F08FA64B1B78032BF6D00320FFF764FF0624E6E7F8
:203FC000A24808F00FFE0028E0D0A14B01221A60BFF36F8FBFF34F8FD8E705230DF1150057
:203FE0008DF814300AF082FD9DF81530994E002203F01F043260032C00F2B980DFE814F0CF
:20400000E800B90099008D00C87803280D46C9D0904E3368002B00F00381002271683260DD
:204020009847044600287ED13368002B00F00581AB78002BAAD10AF07BFDA8E7824B1B787A
:20404000002BA3D00020FFF71DFF00249FE74FF08043D3F8383413F0010F7B4B1B7806D06B
:20406000022B93D00220FFF70DFF00248FE7012B89D18BE7BDF81B30002B00F0D880092B53
:2040800028BF09239946FEF7F3F90546002800F0DB81BB464FF0090ACDF80CB04FF0000873
:2040A00001E008F101086A68012357682946002203A8B8470028F4D12A682B7A15681C442C
:2040C000C244E4B2002DE7D1634D644928464A4617F077F92C71A5F802A0FEF7ABF918B14F
:2040E000EB7943F02003EB71FEF7C2F95C4BBDF81B2018600020C3E90159DA6000F0BCFCE3
:2041000058498020FEF71EFA0446002800F09F81002000F0B9FC062C05D105A8FEF7E8F97F
:204120000446002C73D00AF06FFD204609B0BDE8F08F9DF81900020707D005A9FEF7C2F931
:2041400006280446EDD19DF8153013F0600F0ED19DF816303C4A9DF819401278012B00F009
:20416000B980032B00F0A680002B00F0C6800624D9E79DF8190003A9FEF780F9054600283C
:2041800059D09DF80C1005AAFEF798F906280446C7D19DF8152012F0600FC4D12A4B9DF826
:2041A0000C101B78D20940F014819DF816200B2AB9D1052B40F0B280BDF81730FF2B00F27C
:2041C000FC809DF817202846FEF7D0F90446A8E713F0600FC3F341179FD1DB0948D19DF810
:2041E0001630032B00F09C80092B00F0A880012B93D1BDF81730012B8FD1FEF71BF90028AA
:2042000000F0D980184A137823F00203137033686BB10AF003FD044600287FF4B7AE0AE7E1
:204220000E2480E70420FFF72DFE0624AFE60AF0E1FC0024ABE6102475E70C4B1B68082BB8
:2042400033D00AF0D7FCA2E69B3D0020880B00205C700240800B00208C0B0020D4BD010059
:20426000680B002010BE01009C3D0020300100109DF81620062A00F08780082A73D0002A11
:204280007FF44BAF7B497C4B09781A80890744BF02221A7078490DF115000222FFF718FEC6
:2042A0000446062C7FF43DAF37E7744B1B68002BC7D16BE625073FF55AAFBDF81730002B1F
:2042C0007FF455AF052A01D0200727D120460AF0CFFB9CE721073FF54AAFBDF81730002B1F
:2042E0007FF445AF052A01D0230717D120460AF0EDFB20460AF028FF89E7052A01D02707D8
:204300000CD120460AF0C0FB5B49034602220DF115000B80FFF7DCFD044602E7082402E7DF
:20432000BDF81730012B7FF4F8AEFEF783F8002841D0504A137843F00203137067E7504CC9
:204340002378043B012BE9D89DF81730BBB3012B33D1FEF767F92378052B3FF458AF05209D
:20436000FFF790FD53E7464A1278052A47D0042A7FF4D3AE404B1F703F490DF11500012226
:20438000FFF7A6FD04468CE79DF81830022B3FF471AE032B36D0012B7FF4BFAEBDF81B302B
:2043A000002B3FF444AF37490DF115001222FFF78FFD044675E70F24B5E60724B3E6FEF736
:2043C00049F92378042B3FF422AF0420FFF75AFD1DE79DF816705FB30A2F7FF4A4AE052BFD
:2043E0009CD128460192FEF717F92349019A03460B700DF11500FFF76BFD044691E61E4AE5
:204400001370B9E7BDF81B30002B3FF410AFBDF819109DF8170000F01DFB014600283FF428
:204420007CAE0A780DF11500FFF752FD044638E7052B7FF473AF10490DF1150002220F802B
:20444000FFF746FD04466CE64FF0090A3CE60AF0E5FB802808D10C4B93E8030086E8030072
:20446000204600F011FBD2E6204600F00DFB102459E600BF9C3D00208C0B0020340100109D
:204480009B3D0020F4BD010008BE010038B505460C460AF0C3FBA84207D194E80300044ADA
:2044A00082E803000023184638BD1023184638BD800B002008B1402303600148704700BFAA
:2044C0008C0B0020F0B40D7A0DB101F109050468002C59D06FF4AB763444142C00F24A8182
:2044E000142C00F24781DFE814F05400E700EE00F500FC000301090110011701450145011A
:204500001E0125012C0145013B0033012700390115003F0101250024002A40F0DB818A8AAA
:20452000AB424FEA1222027140F2338140F26D1303600120F0BC704701250024002A40F08B
:20454000CD814A8AAB424FEA1222027140F226816C1C8A8A0271A34240F27B81651CDEE72B
:2045600001250024002A40F0B7810A8AAB424FEA1222027140F217816C1C4A8A0271A34280
:2045800040F26C81651CDCE709240471002B00F0F680002A00F0A48104791470012B4FF0DA
:2045A0000404047140F2F0800227012694559F422D78057180F089817E1C0024B342D55550
:2045C000047140F27D812546771C0024BB429555047140F2708125467E1CFF24B342D5554E
:2045E000047140F263812546771C0124BB429555047140F2568125463E190124B342D555A2
:20460000047140F249812546371900249F429555047180F03C8125467E1C09249E42D555A1
:20462000047180F02F812546771C21249F429555047180F0228126467C1C09259C42D65514
:20464000057180F015811619013435700E7C0671A34240F20881651C16550E8A9D424FEA98
:204660001626067180F09F8057196C1C3E708E7C06719C4280F0F280651C16554E8A9D426E
:204680004FEA1626067180F0898057196C1C3E700E7D0671A34240F2DC80651C1655898A9B
:2046A0009D424FEA1121017173D22A44117040F26D13036001203DE7002A00F0B3800479E6
:2046C0000127002672E7002A00F0A58005790126002772E7002A00F09780057901270026D2
:2046E00073E7002A00F0898005790126002774E7002A5DD005790127002676E7002A00F07C
:204700009E8005790126002777E7002A00F0958005790127002678E7002A00F08C80057953
:204720000126002779E7002A00F083800579012700267AE7002A00F08A8006790124002792
:204740007BE7002A00F081800579164601247CE7002A78D006791746012487E7002A70D02F
:2047600006791746012492E7002A3FF4DFAE017911709CE7002303601846F0BC704740F2DE
:20478000571303600120F8E74FF4AC7303600120F3E740F26B1303600120EEE740F26913D5
:2047A00003600120E9E740F2671303600120E4E701240122A342027173D914440122A3425E
:2047C000027169D9144400229C4202715FD2013409229C42027155D2013421229C42027187
:2047E0004BD2013409229C42027141D201340A8A0271A34237D9651CB7E60124FF229C4265
:20480000027153D20134D4E701240022A342027151D90134F2E701240022A34202714FD972
:204820000134F2E701242A780271A3424DD90134F2E70124D1E70124CAE70124C3E7012470
:20484000BCE7012485E6012497E60124CFE70124C8E74FF4B573036001208EE74FF4B47306
:204860000360012089E74FF4B3730360012084E74FF4B273036001207FE740F2631303608F
:2048800001207AE74FF4B1730360012075E740F25F130360012070E74FF4AF7303600120E7
:2048A0006BE740F25D130360012066E74FF4AE730360012061E740F25B13036001205CE79C
:2048C0004FF4AD730360012057E740F259130360012052E70679E1E60679BDE60679CCE6BF
:2048E0000422012B02717FF64FAF02249BE700BF0B780E2B0BD8DFE803F0080808080A0C8A
:20490000080A0A0A0A08080808000020704706207047F0B54B78DA0985B00C46064611D193
:204920005B09012B02D0062005B0F0BD8C78002CF9D102681373036A002B3AD021469847BB
:204940002046F1E713F0600FC3F3411215D0012AE9D18B78072B07D0082BE4D1F268481C22
:20496000B169FFF7B5FADFE7B1F80720182ADAD1C169601CFFF7ACFAD6E703F01F03012BB5
:20498000D1D18D78062DCED103A80292FFF792FD02AA00920746E278217930463B46FDF770
:2049A000A5FB0528BFD0029A3946601CFFF790FABAE71846B8E700BF70B54FF0805286B0BB
:2049C000D2F8A830D2F8A42000926FEA83436FEA93430B4A0B4E9BB202A80D210FF018F9E4
:2049E00002AD002404E015F8013B06F8013B013402A816F028FD8442F5D306B070BD00BF43
:204A00002CBE0100DC3D002038B5114B53F8204023780BB9A01C38BD0020FFF74BFD217877
:204A200091B12246C4F101055319DCB2234620F8141012F8011F0029F6D101335B00DBB23C
:204A400043F44073038038BD40F20233FAE700BF94BE010040B1052808D8054A105C28B108
:204A6000044B53F820300BB1FFF7CEBF00207047ACBE010094BE010072B6024A1368013355
:204A800013607047CC0B0020034A1368013B136003B962B6704700BFCC0B002010B504462E
:204AA000006830B100210BF0B3F854F8040F0028F8D110BD2DE9F043038883B0044643B184
:204AC000B3F5867F0CD1822910D0012003B0BDE8F0834FF486730120238003B0BDE8F0830A
:204AE00000230380032003B0BDE8F08304F0CEFEBFF35F8F19491A4B0E6800220A601F7862
:204B00001A70FFB2BFF35F8F164D04F0C3FE28680028DED0DFF85090DFF8508003E055F8AE
:204B2000040F0028D5D090F84A3026FA03F3DA07F5D590F8493047FA03F3DB07EFD502F002
:204B4000A5FE0028EBD02B68D9F80020009218464246022102F016FEE1E700BFE00B002018
:204B60009D3D0020600000200C400020294C000010B50C4A90F84B30126882B0013300924A
:204B8000044680F84B30084A03468021203002F0F9FD064B19782246002002B0BDE8104053
:204BA0000BF0BAB80C400020714B0000D54A002010B4094A094C136819431160217803468B
:204BC000012202FA03F30B43DBB2237004485DF8044B0BF0CFB800BFE00B00209D3D00201C
:204BE00068000020044B1B78834286BF034B53F820000020704700BFD82002006000002078
:204C000010B5044690F84A1090F8490004F000FE10B994F8480010BD01280ABF94F84800B0
:204C2000002080F0010010BD70B582B0044602F02DFE08B902B070BD04F12006304602F035
:204C400025FE05462046FFF7DBFF01280FD00028F0D1002DEED1304602F0FEFD0D4B2246B0
:204C60002846197802B0BDE870400BF055B8002DE0D0094B094A1B68009300253046234688
:204C800084F84B507E2102F07DFD054B28462246E7E700BFD44A00200C400020714B0000D9
:204CA000D64A0020F8B50AF0ABFF304B304C18700AF0A6FF2F4B304F18700AF0A1FF2F49B2
:204CC00022682F4B08700025FF2139727B60FD60002A42D02B4E09E091F84A00F9683A72B2
:204CE000834054F8042F0B43FB60B2B392F84A3092F84910526C03F01F0343EA41131F2BDF
:204D0000C6BF03F01F0331464FF0A04103F5E07342F08C0241F82350236893F84A1093F8B0
:204D2000490004F033FD226892F84A3092F8490003F01F0343EA4010012108F0C5F92168B2
:204D4000387A91F8492082424FF00103C4D0FF28C2D054F8042F002AC8D10B4800210AF0AB
:204D600057FFBDE8F840044804F066BDD64A002060000020D44A0020D00B0020D54A002065
:204D8000B14B0000000300506800002030B5174B83B000221A6007F057FF00BB002007F007
:204DA0006FFF134B134A93E80300FF250090ADF80410062400231048ADF8005069468DF811
:204DC00002408DF8043008F0F5FB58B901210A4808F044FC084808F035FC03B030BDFDF726
:204DE0001DF9DBE7FDF71AF9F0E700BFE40B0020E0BE0100294E0000E8BE0100014B1868A6
:204E0000704700BFE40B002008B5064A13680133136004F057F900B908BDBDE8084004F03B
:204E200029B900BFE40B0020042800D07047FFF7EBBF00BF014B1868C0097047E40B002055
:204E40004160806A0AF096BFF0B5858C83B0044617461E464DB36A2D22D182294AD1456887
:204E6000002D62D00023009304F1180204F11401284601F0A7FCD4E90431227E101E18BF6B
:204E80000120994284F8200046D0637E0133DBB26376002A3AD0032B0ED9042384F82030AD
:204EA0000023A384032003B0F0BD244B4560C0E904551B680583836201F0C4F83946308142
:204EC00000F008FE2060F0B11D4BC36323681C64216991B921683046463101F0C9F823689B
:204EE000A3F84400206800F00FFE6A230120A38403B0F0BD012003B0F0BD8023002230465D
:204F000001F078FCE6E7A0840220CCE7032BC4D8022384F82030C3E7089B6068984721692D
:204F2000227E637E01312161B3E7032380F820302846089B9847A5840220B4E70C40002072
:204F4000414E000010B5846882B01CB194F90830002B01DB02B010BD236A002BFAD01A68C3
:204F6000002AF7D00749097831B11B6A23B101909847236A01981A68002302B0BDE8104052
:204F800000F036BD9E3D00202DE9F047124C82B02468DDF828A08CB106460F46914698469A
:204FA000656843464A463946304625B1CDF800A0A847054638B92468002CF1D100252846A3
:204FC00002B0BDE8F087B379012BF8D13A463146002000F01DFBF2E7E80B00202DE9F04F82
:204FE0002DED028BB34CB44E8BB0054620460295884601F0B7F9C4F8A0500346307008BBBF
:20500000A279013A032A62D9636823F07F4323F0FF03002B4FD06379032B00F02881208987
:2050200000F0DAFD074600284DD0D0E90F9700F0CFFDB9F1000F00F091809E493846C847CE
:20504000337843B30027C22B2BD0DFF88892384600F0BEFD3278C32A69D0BF2A84BFA022C8
:20506000327002212389934800F0F4FFD9F800100391084616F0E7F9039902468D4801F0AE
:205080001BFC41468B4800F0F3FF414682B2029800F0B4FE337818460BB0BDEC028BBDE827
:2050A000F08F384600F094FD337818460BB0BDEC028BBDE8F08FC3232089337000F08CFDA9
:2050C00007460028B1D13378002BE4D0BBE703900299208900F0FEFC0746002842D0039BC7
:2050E00062790893CDE906338023ADF8163062BB238972484522022100F0ACFFA27A002ACF
:2051000040F0B08007AB00936A480DF11603002206A901F057FB70B9089B002B2ADADFF83B
:20512000B491674BC9F80030822333708FE700223270032196E7BDF81620079B0893802A92
:2051400028BF8022ADF81620E7E700F07BFF452203460121594800F07DFFCFE73378002B48
:2051600099D06FE7DFF86C91564BC9F80030A32333706CE7BDF8163050494E4808AD07F177
:205180008402009508EE903A08EE102AFFF7FCFE034600284DD14748099309A901F0ECFAD1
:2051A000494BD3F800908246B9F1000F67D0099B03979B46029B4D4699460AE006DD2A7AA9
:2051C000D10603D51BF800202F2A08D02D68002D52D06F68384616F036F98245EED1024680
:2051E0005946384616F037F90028EFD1A279039F4B460293511E0123012AA94603FA01F3F3
:2052000000F0C1809A0740F1A980D9F814A0BAF1000F00F0A38008AB2849009318EE102A19
:2052200018EE903A2348D04799F80830590600F1C0803378002B7FF406AFA37D1A0759D556
:20524000DFF8789099F90630002B53DB99F816301B074FD4DFF87C901C4BC9F80030A12333
:205260003370F4E61A49154801F072FA4AE72189029800F0ADF9D2E6039FCDF808900F487B
:20528000842101F05FFA0D48842101F05BFA3378002B7FF4D8AE094807F1460100F0E8FEAA
:2052A00080B2A7F84400B8B9C123DFF828903370CDE600BFF00B0020A03D00209C0C002000
:2052C000F0BE010010BF0100EC0B002000BF0100FB0B0020D40000203378002B7FF4B3AEB4
:2052E000384600F011FC337818460BB0BDEC028BBDE8F08F637D089AD91115D1002ACAD0FF
:20530000DFF80891013218BF01224846802301F071FAB9F8A420D9F8A810802A28BF802232
:20532000484601F0C9FAB2E7079B9A4232D00132069944D0BDF81630DFF8D090012233485C
:2053400001F058FABDF81620B9F8A43093429ED9D9F8A8102D4801F0AFFA98E75D0705D5F9
:20536000D9F818A0BAF1000F7FF455AF180705D5D9F81CA0BAF1000F7FF44DAF85212348B3
:2053800001F0E0F97FE7D5F810A0BAF1000F7FF442AF37E7DFF87490B9F8A400824219D344
:2053A00082231B4989F8063048460F2201F084FA6DE7164A1749484600F02AF939E7DFF853
:2053C0004C90BDF81630B9F8A4209A4294BF00220122B4E7BDF816300699821A9A4294BF0D
:2053E00000220122484601F005FA0798B9F8A430BDF81620D9F8A8101B1A9A42014428BF15
:205400001A46484601F058FA41E700BF9C0C0020F0BE0100F00B002010B5044641600146EB
:205420000C4804F0F7FB94F90830002B00DB10BD206A0028FBD0036A002BF8D00268002A29
:20544000F5D0054BC0E903340830BDE81040002300F0CEBAEC0B0020454F000038B50A4AA3
:20546000137803B138BD094C094D236009490A482B6001241470FFF7CFFF00F0B9FCBDE8E4
:20548000384000F0D7BD00BF9E3D0020E80B0020EC0B002020BF010084000020014B1868DC
:2054A000704700BFEC0B002000B10068704700BF00B583B001460190044804F021FD019918
:2054C000034803B05DF804EB04F0F0BB78000020480D002070B50D4B1C68A4B10546002617
:2054E00001E024686CB1294604F1180000F0E4FB0028F6D02046FFF7DBFF24680136002CC4
:20550000F1D1304670BD2646304670BD480D00202DE9F041164B1C682CB305460F4616469B
:205520004FF0000801E02468D4B1294604F1180000F0C2FB0028F6D094F82C30B342F2D17B
:205540003246394604F12D0015F02DFF0028EAD12046FFF7ADFF246808F10108002CE4D1A7
:205560004046BDE8F081A0464046BDE8F08100BF480D00202DE9F041144B1C680CB30646A4
:205580000F464FF00008251D314604F1180016B100F092FB78B1BD42284607D015F053FFA1
:2055A00039460246284615F0FEFE20B92046FFF77FFF08F101082468002CE4D14046BDE868
:2055C000F081A0464046BDE8F08100BF480D0020F8B50E4B1C68ACB105460E460027294688
:2055E00004F1180000F068FB10B1E38EB34204D02468002CF3D13846F8BD2046FFF758FFEE
:205600000137F5E727463846F8BD00BF480D00208B79012B00D070472DE9F04792F90630DD
:20562000002B82B0154650DBCB7C5B060C464CD5D1F8A070002F48D04B6E4BB1012B44D156
:205640008A7A38460B3102B0BDE8F047FFF760BF096E0191384694F80AA0D4F85C80FFF78E
:2056600089FF204804F030FC064688B3B8F1120FC146C4BF4FF01308C146B14442460199C7
:205680004FF00008043015F09CFE394606F1180089F8048000F000FB524604F10B0186F85B
:2056A0002CA006F12D0015F08CFE0F48A6F83680314604F0AFFAB16B4B1CB363284601F0B4
:2056C00079F8B36B23F07F43B36302B0BDE8F0870649A32328461022AB7102B0BDE8F04723
:2056E00001F0EAB878000020480D002034BF01002DE9F04F2DED028B83B008EE101ADDF8F2
:20570000389001929846FFF7C9FE002800F0B6800025D9F800B006462C46A34508D845458F
:2057200012D2019B4FF03C025A55D9F800B00135631C5B4508D3454506D2019B4FF02F029E
:205740005A55D9F800B00135D6F804A0504615F07AFE023427185F4558D801D145456DD379
:20576000D6F80CB07C1CBBF1000F17D09BF80030A3B1D9F800A0A24509D8454507D2019A17
:205780003B235355D6F80CB0D9F800A00135584615F059FE02373C18544512D8454504D961
:2057A000D9F80030621B9A4271D83046FFF77CFE0646002847D0DCB9D9F800B0A345B7D848
:2057C000ADE70198384AAAEB070308F10101002BACBF5B440BF10003491B28440EF018FA6C
:2057E0000544454553D83046FFF75EFE0646B8B3D9F800B0A34507D8454505D2019A2C2399
:205800005355D9F800B00135013486E70198264AABEB040B08F10101BBF1000FACBF0AEBC3
:205820000B030AF10003491B28440EF0F1F90544454508D2D9F800309F4291D3019A3E23B5
:20584000535501358CE715BB5CB9BEB1D9F800304344C9F8003003B0BDEC028BBDE8F08F1D
:20586000ADB9822118EE100A00F06CFF18EE100A0E490F2201F020F8002EE7D14FF0FF339C
:20588000C9F8003003B0BDEC028BBDE8F08F019918EE100A2A4601F00FF818EE100A28217F
:2058A00000F062FFD1E700BF48BF0100F0BE010001480AF05FBA00BFA80000202DE93048F8
:2058C000FFF79CFA0E4B1A68821A04D10D4BD3E90001BDE830880B4C18604FF47A71A2FBE4
:2058E00001BCD4E900254FEADB1040EA4C6080184FEADC1145EB0101C4E90001BDE8308814
:20590000500D002070060020014800210AF080B9A8000020074B0848084A1B6810B40021B3
:2059200001240470116013B15DF8044B18475DF8044B704768BF01009F3D0020640D002086
:205940002DE9F0471E4B1B7882B0054643B3DFF874A029465046DAF8007004F0A7F9DAF8F3
:20596000001019B3D5E90489002603E00C680E46F4B12146D1E90423994508BF9045F5D201
:205980002A461048314604F0B5F9DAF80050AF4209D00D4B9B68019302B0BDE8F04718475E
:2059A000FFF7B8FFD3E702B0BDE8F087002DEED02A46044804F09EF9DAF80050E7E700BFD1
:2059C0009F3D0020640D002068BF0100064B10B55B6804469847C4E9040121460348BDE807
:2059E000104004F063B900BF68BF0100640D0020084970B5496805461E4614468847241894
:205A000046EB0101C5E904412846BDE87040FFF797BF00BF68BF010038B50B4B1C687CB176
:205A20000A4B5B689847D4E90445A94208BFA04202D30020014638BD201A65EB010138BD23
:205A40004EF66020002138BD640D002068BF0100F8B5134F134E7C68A04735683DB10246A5
:205A60000B46D5E904018B4208BF824201D20020F8BD2946304604F019F96B680BB128462A
:205A80009847BB6898473368002BF0D0D3E90467A047B94208BFB0422CBF01200020F8BDFC
:205AA00068BF0100640D002000B583B0014608300191FFF78BFF0199044804F0F7F8019951
:205AC000034803B05DF804EB04F01ABA680D0020B800002070B5064609480D4604F0F4F959
:205AE000044658B10023868080F824302946263000F0D2F80348214604F08CF8204670BD22
:205B0000B8000020680D00202DE9F04190F8463013F0300F0446C3F3011526D190F82430A8
:205B2000042B13D8B0F8442000F14601263000F065F994F8243023B3226A5200226204F156
:205B400008000023BDE8F041FFF752BFD0E90F672630FFF7BFFC2046FFF7A6FF46B329469E
:205B600038463346BDE8F0411847B0F8442000F14601263000F042F92046BDE8F041FFF702
:205B800093BF0C4BC4E903340AF07CF90A4BA3FB00239B0A40F2DD5202FB130202F6B832F9
:205BA000226204F108000023BDE8F041FFF720BFBDE8F081BD5B0000B76FA5AE806830B126
:205BC00090F82430013380F82430FFF79DBF704708B1FFF769BF7047044B02E09A8882423B
:205BE00002D01B68002BF9D118467047680D0020F8B50288044662B140F2B9139A4217D15B
:205C00001D4B1B788B4217D040F2B91323800120F8BD114610460FF061F9184B186038B392
:205C200043F21633038240F2B91323800120EFE7002303800320F8BD114B1B789B07E3D502
:205C4000104E114F114DB7F800C0114F96E80F00203685E80F003CF806C00E4E3A88316849
:205C6000A5F810C000232846AB74FFF7B7F9CBE720800220F8BD00BFE04A0020840D00207E
:205C80000C48002014430020943D0020700D0020F8420020144800208B684A6830B40C68B8
:205CA000CD68C5600460426083600B8A03828B7C837430BC704700BF38B5102205460C466B
:205CC00015F071FB58B92A8A238A9A4200D038BDA87CA37CC01AB0FA80F0400938BD0020AB
:205CE00038BD00BF2DE9F0470C1E8AB08046174636DD0346002502E00135AC4230D09946B6
:205D000013F8012B5B2AF7D1AC4229DD08EB05032E46B2460136B44222D013F8012F5D2AC3
:205D2000F7D131490622404615F095FBB0FA80F04009AE42B8741CDD4846394611F072FFE7
:205D4000B8B10AF1020A08EB0A0018F80A303A2B2CD0BB7C1BB343F216433B8201200BE0CF
:205D600021490622404615F076FBB0FA80F35B09BB74272C03D900200AB0BDE8F087414639
:205D80002246684615F01DFB0AAB1C4468460023394604F8283C11F045FF0028ECD043F2AD
:205DA000163301203B820AB0BDE8F087023CA61BCFD00022114604E001318E4203EB4C02AD
:205DC00009D010F8013F303BDDB2092D02EB820CF2D90029BDD0054BC2F3072103EA022337
:205DE0000B433B820120C7E774BF010000FFFF000148002109F00CBFC400002070B582B02E
:205E0000B8B11446028848F2FE039A420E46054603D00A4B5B6A984758B1094A2B8A10682A
:205E20000093314622462B4610F090FB204602B070BD4FF0FF34204602B070BD141E0200C4
:205E4000840D00200C2830B440D9B0F5867F94BF6FF02F046FF01F040C2935D9B1F5867F61
:205E600094BF0D230E232343B0F5867F137016D96FF4867543191B0A0D38537090700223E0
:205E80000320B1F5867F15D96FF486740C19D518240A0D391454A970D81C30BC70470C2817
:205EA0000FD90D38B1F5867F50704FF001034FF00200E9D80C29F0D90D39115430BC01303F
:205EC000704701200023DCE74BB2CCE703015CB2C2E700BF2DE9F0411E0C13F07F474FEA67
:205EE00006461C4615460B4614BF01210021CEB1013124F0FF080231C01A2A46FFF7A2FF52
:205F0000CFB1230E2B54421C1EB3230CAB540230B8F1000F02D0230A2B5401302C540130AA
:205F2000BDE8F08134F0FF08E5D14CB9BDE8F041C01AFFF787BF6EB1230C2B540130EAE7AA
:205F40000131C01AFFF77EFF002FDAD1002CE7D0E4E71046B8F1000FDDD1002CE0D0DDE7DE
:205F6000F8B50E689DF818700C461D4616B902602360F8BD03689F550B6801330B600068EA
:205F8000114618442A4615F02AFA23682B442360F8BD00BFF8B5069D401A29461F46FFF750
:205FA00051FF3946044610182A4615F00AFA2819F8BD00BF2DE9F04F83B092460C9A9DF8D7
:205FC00034400194013200249846834699460092274625468E4604E0009B01349C4227469E
:205FE00023D818F807C0019B08EB0706A6EB09069C450AEB0502ABEB0E00314602D00C9B22
:20600000BB42E9D1FFF71EFF054449460AEB0500324615F0D6F90134009B08EB0409013493
:206020009C423544DE462746DBD9284603B0BDE8F08F00BF08B509F025FF014B188008BD3D
:20604000843D0020024B1888013080B218807047843D0020F8B504460F4616461D46AC2206
:20606000002115F0D6F96771A6712581F8BD00BFF0B501220023016002710B7002680F4629
:206080001378017943EA811313700268437911781B0103F030030B4313700268837A117805
:2060A00003F00F030B431370036882795A70038902681B0A937003680289DA70837983B04D
:2060C0000446002B00F040810368827A1D1D62B16FF00301C91A00F10B0313F8012B05F86D
:2060E000012BA67A6A189642F7D8E37C9807C3F340010CD594F86A3000932A4604F16B03C9
:2061000000210120FFF746FFE37C054401211A0709D5236C0093636C2A460320FFF73AFF86
:20612000E37C05440321DE060BD594F8243000932A4604F125030420FFF72CFFE37C0544E2
:206140000421980607D500232A460520FFF7C2FEE37C054405215A0607D5636E2A460620C1
:20616000FFF7B8FEE37C05440621DB0907D02A46B4F850300720FFF7ADFE07210544237D74
:20618000DE070BD5A36C2F22CDE900320820E36C2A46FFF70FFF237D0544082118070BD5F6
:2061A000E36D2F22CDE900320B20236E2A46FFF701FF237D05440B21DA0607D5A38B2A46C5
:2061C0000C20FFF787FE237D05440C215E0607D5236A2A460E20FFF77DFE237D05440E210E
:2061E000DB090CD0D4F894302622CDE900320F202A46D4F89830FFF7DDFE0F210544637DC2
:20620000980708D5B4F868302A461120FFF762FE637D05441121DA060BD5636D2622CDE9DE
:2062200000321420A36D2A46FFF7C4FE637D05441421DB091AD0636F94F878201B01002A58
:2062400040F08580B4F87A2000201209461C52088446B0B2FAD118B10CF00F0C43EA0C03B9
:206260002A461720FFF736FE17210544A37D1E071BD5D4F8803094F884201B01002A69D16B
:20628000B4F8862000201209461C52088446B0B2FAD118B10CF00F0C43EA0C032A461B20F7
:2062A000FFF718FEA37D05441B21D80607D52A46D4F88C301C20FFF70DFE1C210544E37D58
:2062C0001A0709D5236B0093636B2A462320FFF761FEE37D05442321DB0908D0A36B00937E
:2062E0002A46E36B2720FFF755FE27210544A37EDB0611D42368EB1A3E2B18DCB4F8A4207B
:20630000E2B9D4F8A810284615F069F8B4F8A400ED1B284403B0F0BDD4F890302A463C200E
:20632000FFF7D8FD23680544EB1A3E2BE6DD0B4B0B4A002020601A6003B0F0BDFF2305F849
:20634000013BB4F8A420DCE7042003B0F0BD43F0080377E743F0080392E700BFD400002044
:2063600088BF0100032A40F2CC802DE9F04704460D4682B0002191460430A82215F049F8D2
:20638000256095F800804FEA981884F804802B78C3F3011363712A7802F00F02A2726B78A5
:2063A000A371A978EB78B8F1010F43EA012323817CD1082A00F2AC80291D8E1805EB090A0B
:2063C000564576D804F10B0014F0FBFF00275645C4F81370C4F8177080F0A580337803F05F
:2063E000F002F02A00F08781711C8A454FEA131003F00F035DD90D285FD00E2868D00D2B9C
:2064000062D00E2B70D0CE18B24552D307443C2F4FD804EBD70C07F007029CF8130008FA77
:2064200002F20243781E8CF8132002463B2A74D8DFE812F07B0073008600890094009700EC
:20644000A400B30073007300BD00C7007300D500E2007300EC0073007300FB00730073002B
:206460000501730073007300240145017300730073007300730073006900730073007300DE
:206480006900730073007300730073007300730073007300730073007300730073007300D6
:2064A000730073007300730073005301A04BA14A1A60802002B0BDE8F0877078B11C0D3099
:2064C0008A45F6D90D2B9CD111F8013B0D339AE77078B21C92454FEA0020EAD9B27802F2AC
:2064E0000D121044F11CEBE70E4616F8013BB2454FEA0323DDD94A7802F20D121344023141
:2065000081E7802070478A4B8B4A1A60A520D1E7874B8A4A1A608020CCE7FB0700F1028132
:20652000B2453FF65BAF0020C4E7082B28BF08231A4684F86A3004F16B0014F042FFEFE724
:20654000C4E91031ECE7082B28BF08231A4684F8243004F1250014F034FFE1E784F89C8054
:20656000DEE74BB1013BC8180139002311F8012F884242EA0323F9D16366D1E753B1013B01
:20658000C8180139002311F8012F884242EA0323F9D19BB2A4F85030C2E72F200A4600905E
:2065A00004F1480104F14C00FFF7DAFCB8E72F200A46009004F15C0104F16000FFF7D0FC59
:2065C000AEE753B1013BC8180139002311F8012F884242EA0323F9D19BB2A383A0E74BB194
:2065E000013BC8180139002311F8012F884242EA0323F9D1236293E726200A46009004F1E9
:20660000940104F19800FFF7ABFC89E753B1013BC8180139002311F8012F884242EA032379
:20662000F9D19BB2A4F868307AE726200A46009004F1540104F15800FFF792FC70E7002BEB
:206640006CD0013B0B440020013911F8012F8B4242EA0020F9D100F00703102120F00F02B1
:20666000994089B202FA03F3C0F3C002000984F87820A4F87A10E367606751E7002B49D0CF
:20668000013B0B440020013911F8012F8B4242EA0020F9D100F00703102120F00F029940D4
:2066A00089B202FA03F3C0F3C002000984F88420A4F88610C4F88830C4F8800030E74BB11A
:2066C000013BC8180139002311F8012F884242EA0323F9D1C4F88C3022E74BB1013BC81889
:2066E0000139002311F8012F884242EA0323F9D1C4F8903014E70136751BA9EB0505ADB2E3
:20670000802D88BF80250020C4F8A860A4F8A4507055CFE6184610211A46C7E718461021C6
:206720001A46A4E7024B064A1A608220C2E600BFD4000020B8BF0100F8BF0100D0BF01009A
:2067400020C00100FF299ABF817101200020704710B5082A28BF0822144682720B3014F058
:2067600030FE204610BD00BF037D818343F0100303750120704700BF037DC3F3C0021B0706
:2067800002D5036E0B60C26D104670470B782F2B10B5044603D111F8013F2F2BFBD0216655
:2067A000084614F050FE237DE06543F00803237510BD00BFC37C416643F04003C37401203E
:2067C000704700BF30B40446407DC0110FD009B1656F0D6012B194F87810117013B1B4F8E5
:2067E0007A201A80029B13B1029AE36F136030BC704700BF10B4A3F11004B4F5FE6F02D8E5
:20680000B1F5801F03D300205DF8044B7047447D4167003A64F07F0118BF012280F8782061
:20682000A0F87A3041755DF8044B0120704700BF30B4857D0446C5F3C0002D0711D511B1A1
:20684000D4F880500D6012B194F88410117013B1B4F886201A80029B1BB1029AD4F8883092
:20686000136030BC704700BF10B4A3F11004B4F5FE6F02D8B1F5801F03D300205DF8044B08
:206880007047847DC0F8801044F0080180F88420A0F8863081755DF8044B0120704700BF20
:2068A00011B1D0F8A8300B60D0F8A83013B1B0F8A4007047184670470346802A28BF802213
:2068C0001046A3F8A420C3F8A810704770B50D4602F0E0FA044602F0E3FAB4B1022C06469D
:2068E00001D0042C12D145212846FFF72BFF00212846FFF739FF304614F0A5FD3146024628
:206900002846BDE87040FFF7D7BF70BD2846A321BDE87040FFF716BF70B586B000240646DE
:206920000D4603948DF80940ADF80A40049402F0B1FA022805D02846A321FFF703FF06B09C
:2069400070BD04AB00930DF109020DF10A0303A93046FFF76DFFB8B105A930460594FFF714
:206960009FFF02F0B5FA9DF809309BB15F212846FFF7E8FEBDF80A309DF80920039928463D
:20698000FFF772FF06B070BD28468021FFF7DAFE06B070BD44212846FFF7D4FEBDF80A3063
:2069A0009DF8092003992846FFF75EFF02F09EFA06B070BD38B50E4A0E480D460E4909F011
:2069C00083F80E4809F0E6F900240D4B0D481C702146282214F01DFD28464421FFF7B2FE69
:2069E000094B0A4819782246BDE8384009F094B93CC0010050C0010048C0010060C001005D
:206A0000A33D0020880E0020003E0020C40100202DE9F0418CB006460D4602F03BFA00280C
:206A200000F09380002701A930460197FFF738FF021E40F38380DDF80480B8F1000F7DD093
:206A4000272A28BF272214463946282202A814F0E0FC2246414602A814F0B3FC0CAB1A19D2
:206A6000484B02F8287C029A9A4275D0464F28464521FFF767FE3B782BB1444802A914F09A
:206A8000D0FC00285ED02822414D4048002114F0C0FC02A93D4814F0CEFCD6F8A0102846A9
:206AA000FFF7FAF8012443F216333A4A3A493B482B823C7009F008F83449394809F004F87C
:206AC000384B39481978002209F026F9FFF7BAFA0222034621463548FFF7BCFA3449334848
:206AE000FFF754FE4FF480723249334814F0C5FC20460EF0B7FE024620B12F484FF4807181
:206B000011F0FAF82C48294D14F09DFC2A4902462846FFF7D1FE28891D49FEF7DBFF0446DD
:206B200080B104F146012846FFF7A2FAA4F844002046FEF7E9FF0CB0BDE8F08128468021E4
:206B4000FFF700FE0CB0BDE8F0812846A321FFF7F9FD0CB0BDE8F08103F17143039A03F542
:206B60004233FA339A4281D1BDF8102047F269039A427FF47BAFD6F8A020282102A811F0C0
:206B8000BBF873E7756E6B6EA33D0020880E0020043E00203CC001009CC0010050C00100A9
:206BA000A4C00100D83E0020C4010020183E0020DCC0010090C00100880D002010B5104C1B
:206BC000237803B110BD09F01BF80E4B187009F017F80D4B0D4902460D481A70FEF71CFCC2
:206BE0000C490D48FEF718FC0C490D48FEF714FC0C490D48FEF710FC0123237010BD00BF45
:206C0000A23D0020D83E0020003E0020F0C00100D8000020F8C00100FC00002000C10100A1
:206C20004401002014C1010020010020F8B504460E4617461F484FF4807200211D4614F00C
:206C4000E8FB0CB32146FF221A4814F016FC1A4A1A481521FFF746F8FFF7F4F93A460446B5
:206C6000034631461648FFF7F5F91DB114482946FFF78CFD0F4814F0E6FB0E4902461048C7
:206C8000FFF71AFE2046F8BD0B4A0C481521FFF729F8FFF7D7F93A46044603463146084835
:206CA000FFF7D8F9002DEDD029460548FFF76EFD2046F8BD880D0020C43E002028C101002A
:206CC000183E002070B50546FFF7BCF900210346044602220D48FFF7BDF90D490B48FFF7AB
:206CE00055FD85B10B4E2946FF22304614F0C5FB0023304686F8FF3014F0A5FB3146024640
:206D00000248FFF7D9FD204670BD00BF183E002040C10100880D002010B5FFF7D3FF0949FF
:206D2000FEF7D8FE60B1044600F146010648FFF79FF9A4F844002046BDE81040FEF7E4BE47
:206D400010BD00BF043E0020183E002010B5FFF779F904462346022204480121FFF77AF9F4
:206D600003490248FFF712FD204610BD183E002050C101002DE9F043454B93E8070093B01F
:206D800008AB03C323F8022B140C00211D220DF12B001C7014F03DFB01200EF063FD00281A
:206DA00061D00646324608A8282110F0A5FFDFF8FC90DFF8FC80374F032504AC99F800108C
:206DC0004B1CA7FB032000F4FF7202EB50029B1A58F8210089F80030214610F023FF102251
:206DE0002146304614F0DFFA013D002836D094E80F006C4684E80F000FCC274C20600020C7
:206E000043F2163560826160A260E3602582FFF719F90222034601212048FFF71BF92049F1
:206E20001E48FFF7B3FC4FF480721E491E4814F024FB01200EF016FD024620B11A484FF432
:206E4000807110F059FF184814F0FDFA164902461248FFF731FD13B0BDE8F08315F0FF0585
:206E6000ACD16C46C8E7114D0A4A2878104E431CA2FB031202F4FF7101EB520204AC9B1A68
:206E800056F820002B70214610F0CCFEAFE700BFA8C20100ABAAAAAAEC3D0020183E002090
:206EA000DCC0010090C00100880D0020A13D0020D0C2010038B50B4DFFF75CFF28890A4904
:206EC000FEF708FE60B1044604F146012846FFF7CFF8A4F844002046BDE83840FEF714BECB
:206EE00038BD00BF183E0020EC3D002010B5044601F0D0FFB8B1E4B1A37903F0FD03412BD7
:206F00000DD0124A1249134808F0DEFDA179124808F0DAFDBDE81040032001F0CDBF01F0E6
:206F2000B9FF042800D110BDBDE81040022001F0C3BF064A0649074808F0C6FD074808F055
:206F400029FFBDE81040032001F0B6BF3CC0010060C1010050C001007CC1010064C10100F7
:206F600010B5044601F096FFD0B1D4B1A379442B06D101F0B5FFBDE81040022001F09CBF0C
:206F80000F4A1049104808F09FFDA1790F4808F09BFD01F0A5FFBDE81040022001F08CBF6A
:206FA00010BD074A0749084808F08EFD084808F0F1FE01F095FFBDE81040022001F07CBF91
:206FC0003CC0010060C1010050C00100A0C1010064C101002DE9F04108F02AFDFDF7D6FECB
:206FE0000BF076F908F036FE00216648664FDFF8EC81664D664C674E08F00AFE00F0B4FB7A
:2070000011F030F80CF020FE08F01AFD08F0D0FE614B1B6898477B689847D8F804309847A5
:20702000A979EB79226803EB0123022A338025DC5A4B29686A6819605A605948002108F059
:20704000E7FD4FF0FF300EF0E3FB2368022B054600F3818008F016FDFEF700FA5148FDF784
:207060001DFD11F029F808F0FBFD044611F02CF814F0FF0FF7D108F00BFDF4E74A4A4B4998
:207080004B4808F021FD4B4808F084FE2368022BCEDD454A4549464808F016FD464B474801
:2070A000196808F011FD2368022BC1DD3E4A3F493F4808F009FDD8F80010414808F004FDFC
:2070C0002368022BB4DD384A3849394808F0FCFC39683C4808F0F8FC2368022BA8DD324A29
:2070E0003249334808F0F0FC37484AF6CD3108F0EBFC2368022B9BDD2B4A2C492C4808F094
:20710000E3FC32481A2108F0DFFC2368022B8FDD254A2649264808F0D7FC31882C4808F0A8
:20712000D3FC2368022B83DD1F4A2049204808F0CBFC284808F0C8FC2368022B7FF778AFEE
:20714000284602F01DFE2368022B7FF771AF0A2008F01EFE6CE7144A1449154808F0B4FC15
:207160001D4808F0B1FC2368022B7FF773AF284602F0F6FD2368022B7FF76CAF0A2008F0F7
:2071800007FE67E7D4010020D4C30100FC3E0020F4010020883D00208C1C020004430020AA
:2071A0000403002024CE0100DCC201009CC0010050C00100E4C20100141E02001CC30100ED
:2071C0002CC3010038C3010044C3010060C3010080C3010090C30100A8C30100941E0200DF
:2071E00030B590F82D50012D83B0044611D91F2508F048FE094BB0FBF5F11B68009301FB97
:207200001501074A234604F10C0000F0BBFA03B030BDE91C01258D40013DE9E70C400020E6
:20722000A57200002DE9F0470D468B6892F82C708146506BD3E90068144602F037FD686888
:2072400008F0F2FDA968134802F05AFE1248294602F056FE636B1B6873B10023A38520465C
:20726000FFF7BEFF36B13A46494640463346BDE8F0471847BDE8F08704F10C0000F0ECFA38
:207280002146064802F012FD2146054802F038FEE8E700BF6801002080010020180F00205D
:2072A00074010020F8B12DE9F047436B1D6882B00446ADB1686808F0CDFD63490C2008F0D4
:2072C0009FFB0121072008F08FFB00F059F900280ADAAB6823B1052022462946FFF7A2FF81
:2072E00002B0BDE8F087704708F0D8FADFF85C8190F80290D8F8047008F0D0FA064608F027
:20730000D7FA01463046B84708F08AFBD8F818600746B04770BB002F50D1D8F81CA0D047B9
:2073200040BBD8F8087008F0C3FAB84700285CD002281FD0AB68002BD2D00420CCE70AF038
:20734000FBFF6FF028031E1A03E00AF0F5FFC64202D5D0470028F8D0D04700285DD0D8F87E
:207360001030032101A89847032803D19DF806304B452AD0AA68002AB2D094F82D300133F2
:20738000DBB2052B84F82D3094F82C3006D90133DBB2002184F82C3084F82D10127A9A42B5
:2073A00005D8224629460120FFF73CFF98E72046FFF716FF686808F031FD91E7D8F8086031
:2073C00008F076FAB0470028B2D1AB68002B87D094F82C3000200133294684F82C3084F80F
:2073E0002D002246FFF71EFF7AE70AF0A5FF6FF018073F1A03E00AF09FFFC74202D5D0479D
:207400000028F8D0B047002899D1D047002896D1D8F814309847002891D0A96800293FF464
:207420005FAF94F82C300133DBB2002284F82C3084F82D200A7A9A42B9D8224629460220E8
:20744000FFF7F0FE4CE700BFFC3E00208C1C02002DE9F04105460D200F4608F0D9FA064627
:2074600002F0BEFC01210B2008F0BEFA374B1C6814B914E0246894B13146201D02F0C2FB68
:207480000028F7D0606B02F02BFC07281EDDDDB138462B460122BDE8F041062118472C487F
:2074A00002F012FD04460028F1D03146201D02F0A3FB002304F13002C4E90C322348A3858C
:2074C000214602F0A7FBDDE7BDE8F081214802F0FBFC064660B3204802F0F6FCB06018B3FF
:2074E00008F07AFC7060D8B10520D6F8088008F081FAC8E9005710F0FF0006BF082388F860
:20750000083088F80800606B314602F083FB636B1B689E42D8D12046BDE8F041FFF760BECF
:20752000B1680D4802F0ECFC0A48314602F0E8FC606B02F0D5FB0028A9D12146034802F091
:20754000B5FB2146024802F0DBFCA0E7180F002074010020800100206801002008B505486A
:2075600002F0A0FC044802F09DFCBDE80840034802F098BC80010020680100207401002069
:2075800010B501210B2008F02FFA024BBDE810405B6818478C1B0200014B9B68184700BF3E
:2075A0008C1B0200014B1B6A184700BF8C1C0200014B5B6A184700BF8C1C020010B50D4B93
:2075C00082B01B6898470C4B04469B6A01A91920984701280BD0002C0198B8BF152480288E
:2075E000D4BFC4EB0000C4F1800002B010BD002002B010BD8C1B02008C1C0200FFF728BFC6
:2076000000B583B008F04EF9032802D103B05DF804FBFFF7C1FF0028F8DB0D2008F0F8F977
:207620001F4902F0EFFAE8B10C2008F0F1F91C4902F0E8FA0028E9D102F0DCFBB8B10720EC
:2076400008F0D8F90028E1D00223ADF8043008F025F9144B8278DB688DF80620032101A860
:207660009847D3E708F0DCF90028DDD1CEE702F0E7FB072008F0BEF918B90B4B9B68984766
:20768000C4E70223ADF8043008F008F9054B8278DB688DF80620032101A89847EDE700BFD1
:2076A000FC3E00208C1C0200941E020030B50D4C83B0A56A69461920A84748B901A90420EC
:2076C000A84738B102F084FBFFF748FF236A984703B030BD0199E36A21F002010191042067
:2076E0009847EFE78C1C0200F8B5038805462BB14A2B14D1882916D00120F8BD174B1C681F
:2077000034B1A168201D01F0BBFC2468002CF8D1134B01221A704A232B800120F8BD0023F9
:2077200003800320F8BD0D4B1C68002CF3D0231D9A4205D02468231D002CECD09A42F9D1D8
:207740000648084E214602F0B1FAD4E90523376832600BB1E06998473760DCE7F80F002006
:20776000A43D00200C400020034A044B044800211170196008F04CBAA43D0020F80F002073
:207780008C01002070B50E4C049E25784661C0E90623044635B9A1600A482146BDE87040BE
:2077A00002F038BA084D094B2E682B60043001F067FC2E6021460348BDE8704002F02ABA28
:2077C000A43D0020F80F00200C4000208C01002070B50C4B1B7804462BB921460A48BDE8CD
:2077E000704002F017BA094D094B2E682B60043001F050FC2E6021460348BDE8704002F053
:2078000009BA00BFA43D0020F80F00200C4000208C01002070B50C4B1B7804462BB9214601
:207820000A48BDE8704002F0F5B9094D094B2E682B60043001F038FC2E6021460348BDE8F8
:20784000704002F0E7B900BFA43D0020F80F00200C4000208C01002010B50A4B1B780446EF
:207860003BB9C0E9033321460748BDE8104002F01DBA043001F02EFC21460348BDE81040CB
:2078800002F014BAA43D0020F80F0020094B1A7842B9094B01E0984209D01B68002BFAD1BE
:2078A000012070470069B0FA80F0400970470020704700BFA43D0020F80F002010B50446A0
:2078C000C0B210F095FB0A2C01D0204610BD10F05FFB204610BD00BFF8B588B10F46461E81
:2078E000002500E0013516F8014F20464CB1AF4207D010F07DFB0A2CF4D110F049FBF1E735
:20790000054610F045FB2846F8BD00BF10B590B00B46044640210E4A68460CF079F96946D6
:20792000204613F0BDFD18B10A4913F0B9FD18B99FED090A10B010BD043013F031FD51ECB0
:20794000100B13F02BFB00EE100A10B010BD00BF00C401000CC401000000000038B5234C9D
:207960002278824223D003460F20237001F0D0FF2578012D2FD0022D28D0042D18D0D5B953
:2079800004F064FA1A4B1D701A4A1B491B4808F09BF823781A48042B96BF1A4A1A4952F85B
:2079A000231008F091F8BDE8384010F0F1BA38BD164B1B78A3B104F055FA02460028E3D1A7
:2079C000134B1448197808F0A7F9DDE7042001F065FF2578D3E7284601F060FF2578CEE720
:2079E000052001F05BFF2578C9E700BFA53D0020A73D00201CC401009CC0010050C00100B6
:207A00002CC40100F8CC010014C40100A33D0020DA4A0020C40100202DE9F0410388044692
:207A2000ABB1E02B5DD1634B1B788B420E46154660D0614B1B78B34273D0872E00F08480A4
:207A400010F0A6FAE02323800120BDE8F08108F0D7F85A4B5A4D187008F0D2F8594B5A4A04
:207A600018705A495A4808F02FF85A4808F092F9594810F0E7FA2B880BB1013B9BB2574ADA
:207A8000574820210CF0C4F82B889A1E012A2DD91A1F012A01D9DB0728D4524B524A1A60E3
:207AA000524B534E00251D70FDF7FCF82846FDF799F830600028C5D0434A4E49444808F006
:207AC00003F833684C4893F84A20196C07F0FCFF3D4A48493E4807F0F7FF484808F05AF9AA
:207AE000B0E7002303800320BDE8F0813D4B444A1A60D5E7DFF81C8198F80070002F50D100
:207B00000120FFF72BFF39463E4808F081F82B4B3C4819783A46012388F8003008F0FCF8E3
:207B200087E7334B1B68002B87D0002D88D0AB4283D1254A3449264807F0C6FF95F84B1090
:207B4000324807F0C1FF78E72E4B9D427FF478AF1D4A28491E4807F0B7FF2D4808F01AF938
:207B60002C482D4A2D4B2E49002505702D4815701D702D4A2D4B0570012018700D701570FB
:207B8000294628222A4813F044FC2846FFF7E6FE0D4A0E490E4807F097FF264808F0FAF846
:207BA0004EE7094A13490A4807F08EFF224808F0F1F83EE7D64A0020D54A0020D74A0020DB
:207BC000883D0020D84A00201CC401009CC0010050C0010038C401002925010060C40100BE
:207BE000101100209C0100207CC40100A53D00200411002048C0010084C40100B0C4010048
:207C000070C40100C401002040C5010044C5010068C50100AC3D0020A33D0020AB3D0020FB
:207C2000A83D0020A73D0020A93D002042050020880E002084C50100F4C401002DE9F843C4
:207C40002DED028B0C9F9DF828E0002F22DDDDF82C8016469C4602EB8709BD0000EB81049E
:207C600000299FED4F7A0CDD02463346F2EC017AD3ED006A67EEA67A944237EE277A2B44D9
:207C8000F4D1FCEC017A043637EE877A4E45A8EC017AE5D1BEF1000F3CD0BEF1010F3ED06D
:207CA000BEF1020F5ED0BEF1040F4DD0BEF1030F6ED10B9B73B3002F6CD09FED3A8A03EB82
:207CC00087071D46F3EC017AF4EE487AF1EE10FAC8BFB0EE678A9F42F4D1DFED318A0B9CE2
:207CE000B4EC010A30EE480A10F090FABC4278EE808AF5D1B0EE680A10F0C6FA30EE088A2B
:207D000095ED000A30EE480A10F080FAA5EC010ABD42F5D10020BDEC028BBDE8F883002FE7
:207D2000F8DD0B9B9FED1E7A03EB8707F3EC017AF5EEC07AF1EE10FA98BFF0EE477A9F42F1
:207D400043ED017AF2D1E5E7002FE3DD0B9C04EB870794ED000A10F0C3F9A4EC010AA7420B
:207D6000F7D1D7E7002FD5DD0B9CB7EE008A04EB870794ED000AB1EE400A10F047FA30EE76
:207D8000080AC8EE007AE4EC017AA742F1D1C1E70220C0E79FED020A10F076FA3846BAE713
:207DA00000000000000080FF70B54568954284B013DC089A0C46016891420EDC82687AB149
:207DC000C6686EB1007C0090CDE90131204633462946FFF733FF04B070BD012004B070BD09
:207DE000032004B070BD00BFD0F804C0BCF1000F37D02DE9F043D0F8088083B00446B8F1B2
:207E0000000F2AD0D0F80C90B9F1000F25D00668012E5EDDDCF8043093421AD106EB86062A
:207E20000CF11803276903EB860696464FF0FF3501E053F814EC53F8180C7545B8BF75464A
:207E4000854203F11403B8BF0546B342F1D1AF4209DA012003B0BDE8F083032003B0BDE89C
:207E6000F08303207047009760464346FFF79CFF0028F3D12368022B1EDD09EB8705012618
:207E80006368009706EB860003EB80003A464B464146FFF789FF0028E0D1002F07DD424611
:207EA0004B4653F8041B42F8041B9D42F9D1236801365A1EB242E3DC03EB83036068009705
:207EC0009B00143B18443A464B464146FFF76CFFC4E7022003B0BDE8F08300BF10B50446FD
:207EE000FFF782FF68BBD4E9003203EB830302EB830353F8141C012916D024DDE2689FEDB0
:207F0000137A03464FF0FF30F2EC017AF4EEC77AF1EE10FAC8BF184603F10103C8BFB0EEB6
:207F2000677A9942F0D110BDE36893ED007AF6EE007AB4EEE77AF1EE10FACCBF012000209C
:207F400010BD404210BD6FF0040010BD000080FF2DE9F04F2DED0A8B0488B4F5F07FA5B059
:207F600006460D46904600F03B823DD840F23117BC4200F07582B4F5997F7ED340F25713BD
:207F80009C4240F0A8829D4B00939D4A9D4B9E482946FCF759FF012840F22A819B4B1B7840
:207FA000002B40F0D7849A4C882D00F0ED82994B1B78AB4200F0F482974B1B78AB4200F0F5
:207FC00064842378012B00F07F83032B40F07681882D00F0658540F21F130120338025B00F
:207FE000BDEC0A8BBDE8F08F40F289239C4200F0F480B4F5297F40F08280884B0093804A4C
:20800000804B87482946FCF71FFF012840F2F080844B00221A70882DDDD1834B984500F002
:208020007F85824B9845D6D1814A8249824807F04BFD824807F0AEFE0F2001F069FC052035
:2080400001F02CFC7E4B1B78002B40F0B0857D4B7D497E48102201241C7013F00EFA744A1B
:208060007449754807F030FD794807F093FE6D49784A00230B701370ADE7002C00F01F822F
:2080800040F21F139C4240F02682734B1B788B4200F0BD815E4C714B1B78AB4284D1644A91
:2080A00064496548DFF898916D4F07F00DFD6D4807F070FE23786C49544A09680091A3F10B
:2080C0000403B3FA83F30024684801905B090121137089F80010664B664A67483C704FF478
:2080E00080710BF095FD654B634802222146FEF79DFD454A40F257139484338043E7B4F5C4
:20810000F67F40F0E8813D4B00933D4A3D4B5C482946FCF799FE01286AD93D4C2378022BCD
:2081200040F0C680574B1A78002A3FF454AF002704201F70FFF712FC3D4A3E493E4807F0CC
:20814000C3FC514807F026FE504A364813684149DFF854C1077003EB83004FF0000E1F2827
:208160000F70CCF800E04FEA501102D8BB4218BF0121334BDFF834911878454FC9F8001063
:2081800000233B701360002800F0B784374B414A414880210BF03CFD2348802100F070FF75
:2081A00023788EE0214800F095FF2A4B204A2149214800271F7007F087FC4946374807F0E2
:2081C00083FC374B2770022204A83946FEF72EFD344A40F2892397843380104B0093084A2E
:2081E000084B30482946FCF72FFE01283FF613AF002025B0BDEC0A8BBDE8F08FED6E000053
:20820000C43E0020183E002028100020AE3D0020A53D0020DA4A0020D54A0020616F00000E
:20822000D8100020AA3D0020B4150020DC1300201CC401009CC0010050C00100D8CB010044
:20824000A33D0020AD3D002010CB0100CC130020F8CB0100A63D0020003E0020D83E0020DE
:208260004205002074C601009C010020880E002010110020A4C60100EC13002064C60100F3
:2082800080100020A83D00201CC80100B0150020A93D0020E4C60100C41500208CCA01005E
:2082A000A8C70100AC100020441600200C1100208D484FF4A06100F0E3FE2378022B3FF4D6
:2082C00031AF042B7FF487AE884B1B78AB4200F02082874B1B78AB427FF49DAE854B1B689F
:2082E000002B3FF498AEB8F1000F3FF474AE43457FF491AE804C2378002B3FF48CAE7F4BCA
:20830000DFF87C92D3ED007ABDEEE78AB8EEC87A77EEC77AF0EEE77A17EE900A12F0EEFACC
:20832000774B002212F042FB12F0F0FD754B0290754A8DED018A0746CDF8009004A8802126
:208340000BF066FC98F84B30012B7FF62BAF023B022B3FF660AE6D4BD9F800209A4200F018
:208360002B846B4BD9F800209A427FF454AED9F80420684B9A427FF44EAE674B93F8009096
:20838000B9F1000F7FF447AE5E4B644A01978DED008A802184F8009004A80BF039FC604B95
:2083A000022204A84946FEF741FC5E4A4FF42973A2F82490338020E65B4B5C48022200210F
:2083C000FEF734FC5A4A5B495B4807F07DFB5B4807F0E0FC5A4A00214FF4F0739184338075
:2083E000584B0093584A594B55482946FCF72CFD01287FF6FDAE564C2378032B7FF45EAFA5
:2084000039484FF4A06100F03BFE2378DDE5484A50494F4C4848DFF86C9107F055FB4E480A
:2084200007F0B8FC21784D4B4D481B680093A1F10401B1FA81F1002449090170314B494A0B
:208440003A4889F800404FF480710BF0E1FB364B364821460222FEF7E9FB434B9C84378006
:20846000384B0093384A394B3F482946FCF7ECFC01287FF6BDAE03F0E9FC394B3B4A1B7892
:2084800000211170002B3FF405AE1B4B304C1B78002B7FF400AE23783549364A3648042B22
:2084A0001CBF0423237000230B70137000F012FE0F2001F02DFA052001F0F0F9EBE5114996
:2084C0002E4803F075FCFEF779FB2046FCF78AFB084B18607FE500230320338025B0BDECD5
:2084E0000A8BBDE8F08F00BFF0140020DB4A0020D44A002008110020AD3D002044160020A0
:20850000000059401011002044CA01004641494C46494E4953484544D41300201CCB01001D
:20852000A8C70100D810002064C60100EC1300201CC401009CC0010050C00100F0C7010072
:2085400054100020ED6E0000C43E0020183E0020A53D002048C00100C4C501009C01002052
:20856000AF3D002020C60100FC0F0020A73D0020AA3D0020A63D0020B4150020C401002001
:20858000CC130020A33D0020C64B984500F09A82C54B1B78882B03D0C44B98457FF40CADA1
:2085A00003F060FC2378002840F00182002B40F0F181BF4B1B78AB427FF40DADBD4B1A68E8
:2085C000002A3FF408AD0023B8F1000F3FF4FAAC90457FF4F7AC98F84B20042A7FF6F2ACAE
:2085E000002B3FF4F8ACB44AB449B54807F06CFAB44807F0CFFB2378042B40F0D883DFF83B
:20860000149399F80030002B40F00284AE4DD5ED007ABDEEE78AB8EEC87A77EEC77AF0EE52
:20862000E77A17EE900A12F069F9A84B002212F0BDF912F06BFCA64BA64A019080218DED13
:20864000008A04A80BF0E4FAA34B0222012104A8FEF7ECFAA149FDF73DFA044648B100F107
:2086600046019F48FDF704FDA4F844002046FDF74BFA99F80030002B40F0B28303F0E6FB33
:20868000984B00240F201C7001F042F99649974A974B0C7014709749974A98481C6000230A
:2086A0000C7014702B6000F015FD954800F012FD7C4800F00FFD934800F00CFD2046FFF761
:2086C0004DF93480022094E5812D0AD08E4B1B78AB4206D0882D7FF47EAC884B98457FF4D9
:2086E0007AAC8A4F3B78002B7FF466AE724A7349734807F0E9F9864807F04CFBFEF7DAFB34
:20870000012368483B704FF4C07100F0B9FC23785BE4804B1B78002B3FF4DBAD012001F091
:20872000BDF87D49DFF8C0917C4F4046FFF7EEF87B494046F0EE40BAFFF7E8F87949404629
:20874000B0EE40BAFFF7E2F877494046F0EE40AAFFF7DCF875494046B0EE40AAFFF7D6F849
:2087600073494046F0EE409AFFF7D0F871494046B0EE409AFFF7CAF86F494046F0EE408AEB
:20878000FFF7C4F8BDEEC0CA4B4A4C494C48B0EE408A07F099F9F8EECC7A78EE677AF0EEF2
:2087A000E77A17EE900A12F0A9F8644B002212F0FDF812F0ABFB1CEE101A0246604807F08B
:2087C00083F93D4A3D493E4807F07EF999F800105C4807F079F93C4A99F80030D2ED007AEE
:2087E00077EE887A07EB83010120013389F80030C1ED00BA81ED05BAC1ED0AAA81ED0FAA78
:20880000C1ED149A81ED199AC1ED1E8A81ED238AC2ED007A01F07CF899F80030042B7FF677
:2088200058AD254A25492648474CDFED48AA07F04BF9474807F0AEFABB4607F11403A24636
:20884000F1EE049A53ED057AA3F1100777EEAA6AB0EE678AB0EE677AF0EE678A3946B4EEBA
:20886000487AF1EE10FA48BFB0EE478A994200F0A880B1EC017AF4EE478AF1EE10FA76EECC
:20888000876A48BFF0EE478AE9E70A4A23781268002A3FF497ABB8F1000F7FF499AEFFF7F1
:2088A00091BB00BFA0150020DA4A0020BC110020D54A0020081100201CC401009CC00100F1
:2088C00050C0010034C701004416002000005940101100205CC70100A8C70100C43E002081
:2088E000183E0020A73D0020AA3D0020A63D0020B0150020AD3D0020A93D0020F0140020DB
:20890000DC130020B4150020D74A0020AB3D0020C4C70100A33D00208CC801000015002000
:208920009CC80100ACC80100BCC80100D0C80100E4C80100F8C8010000C9010000408F40F8
:2089400008C901002CC90100301100200000000040C90100B34BB44C1B78002B7FF424ABE6
:208960002378B24AB248042B1CBF042323708021B04B0BF04DF9B04BB048002280211A7085
:2089800000F07EFB0F2000F0C3FF012000F086FFFFF70ABBA84B187003F046FA2378042BC4
:2089A00005D1A6484FF4807100F06AFB2378002B3FF4FFADA2484FF4A06100F061FBFFF755
:2089C000FBBA86EEA99A9F429FED9E7A77EEC97A38EEC8AA67EEA77A37EE277A09D0F7EC6E
:2089E000017A77EEC97A9F4267EEA77A37EE277AF5D1C7EE297A0AF1140A17EE900A11F060
:208A00007DFF41EC100B0FF0C7FB0AED059A51EC100B12F0C3FA8C4A4AF8100C07F11403E1
:208A20009A424AED038A0AED028A0AED01AA7FF409AF864A864B8749DFED876A9FED877A8B
:208A400003E0B2EC017AF3EC016AD4ED007A77EEC77A87EEA67AA4EC017AA142F1D18049E1
:208A600080482322FFF73AFA012800F033817E4B00221A70DBF810304BF8143B724B5B457B
:208A8000F8D10123794A7A497A4889F8003007F01BF8794807F07EF97848FEF73DF918E4D0
:208AA000774B98457FF497AA764B774802220021FEF7BCF8754A00214FF4F67391843380A1
:208AC000FFF721BBDFF8089299F800707FB923786BB1012B04D16E4B1A78002A40F04881F4
:208AE000FEF7E8F96B484FF4C07100F0C9FA6A4B1B78882B7FF460AA52E55C4A67495D481C
:208B000006F0E2FF664807F045F9D9F800106548C90100F0B5FA012223783A70FFF7D1BBBA
:208B200003F0A0F9044668B3434C504A23785049504883B906F0C8FF3D495B4806F0C4FF74
:208B40003B4803F095F9012340468021237000F097FAFFF740BA06F0B7FF544C544807F0E3
:208B600019F95448FEF7D8F82378002B7FF433AA514B4C481968C90100F082FA01232370CE
:208B8000FFF729BA394A3A493A4806F09DFF4B4807F000F9404B4A481978224607F0BCF89E
:208BA00040464FF4807100F06BFAFFF714BA4548FEF7B2F8FFF74BBAB9F8042044F2454328
:208BC0009A427FF4CEAB99F80630002B7FF4C9AB264A2749274806F077FF3B4807F0DAF8ED
:208BE0000F2000F095FE394A1F4B11682D4800271F70277000F044FA354B2C4A1B780121C2
:208C00001170002B00F0CE800A4B084A084880210AF0FEFF084B09481F70802100F030FAED
:208C2000FFF7F9B9AD3D0020A53D0020E4C60100C4150020880E0020A73D0020B415002039
:208C4000BC11002000000000A015002010CD01009CCD0100BC1100203276A23DCB845FBE2A
:208C600030110020A0010020A63D00201CC401009CC0010050C0010010CA01003CCA01009E
:208C8000F014002064C60100EC1300208010002042050020A0150020DA4A002048C001002D
:208CA0004CC80100DC13002088CB0100A93D0020B0CB0100D0CB01000C11002068CB0100AD
:208CC000C401002054C70100CCCA0100EC140020A33D0020514C524A23785249524801339F
:208CE000237006F0F1FE2178504806F0EDFE2378022B7FF6BFAE4A4A4D494B4806F0E4FEAB
:208D00004C4807F047F84C48FEF706F80F2000F0FFFD022000F0C2FD4848C36813B300F0A5
:208D2000CDF90446FCF76AF8454B201A1860434800F0D0F9434800F0CDF9434B4349444861
:208D400001221A700023102289F8003012F095FB334A4049344806F0B7FE3F4807F01AF811
:208D6000FFF7B7BA3D4B364A1B68DB011360DEE72B4A38492C481F7006F0A6FE384807F0E3
:208D800009F8384A384B126800924FF48071374A37480AF03DFF374B374819783A4606F04F
:208DA000BBFFA4E6052000F079FDFFF734B9334B022201210020FDF739FF3149FCF78AFEFC
:208DC000044608B300F146012E48DFF8C4902E4DFDF74EF9A4F844002046FCF795FE48E407
:208DE000FDF7B4FF2949FCF775FE044600283FF445AC00F146012348FDF73AF9A4F84400B4
:208E00002046FCF781FE39E4DFF884901E4D30E40948FDF781FFFFF7F9BB00BFA63D0020C2
:208E20001CC4010048C0010050C0010064C9010060C1010084C9010054C70100DC1300206E
:208E4000EC140020B4150020AD3D0020C4C90100CC1300209CC00100CCC901000C11002042
:208E6000FCC601009C0100201011002020C60100EC130020D74A0020C4010020B8C7010085
:208E8000C43E0020183E002044160020043E0020A33D0020014B1878704700BFA53D00200A
:208EA00004289ABF024B53F820000248704700BFF8CC010014C40100FEF750BD024B03487D
:208EC0001978002206F028BFDA4A0020C4010020024A136818441060704700BFB0150020EB
:208EE000014B00221A707047AD3D0020054B1B78022B00D07047044B044801221A7006F0E4
:208F000039BF00BFA53D0020A83D0020C401002010B5FBF773FF0B4B1A68D2E900319268C7
:208F20000B44191A52B1D2E9003423441B1A9268994228BF1946002AF5D14318024A1360FC
:208F400010BD00BF4C160020481600202DE9F843038805465BB3592B2CD187292FD0822975
:208F600020D12C4FDFF8B4803C684FF00009CCB1002603E0A3682646A3B11C4620460CF079
:208F8000F5F90028F6D0E0682246882106F0C4FE03464046002B2AD006F0ECFEA368264699
:208FA000002BEAD159232B800120BDE8F883194A1360F7E7002303800320BDE8F883154F62
:208FC0003968002019B9EDE789680120D9B1CB689342F9D000B139608B68002BE2D0D86863
:208FE000904207BF9B688B6019469B68F5E7E360A3686EB1B3603B68C4F808902BB1FFF764
:2090000087FF3C68B3E73960CCE7034A1360C9E73B60F1E74C16002048160020D401002068
:2090200010B50446104806F0A5FE1049E3680A684BB142B194420FD0134601E09C420BD083
:209040009B68002BFAD10A4BA2601B68E3600C60BDE81040FFF75CBF054B1B68E360BDE8CD
:209060001040FFF755BF00BFD40100204C1600200C400020014806F07DBE00BFD4010020C6
:2090800010B504460CF056F92046BDE81040FFF7C7BF00BF10B504460CF054F92046BDE87D
:2090A0001040FFF7BDBF00BF10B504460CF058F92046BDE81040FFF7B3BF00BFD0E9002078
:2090C00010447047024B1868003818BF012070474C16002010B5124B19688142044614D0BB
:2090E0000B462BB19A68A24206D01346002BF9D10023C4E9023310BDA2689A6049B1FFF773
:2091000007FF0023C4E9023310BD82681A60002AF5D1044B00221A600023C4E9023310BD66
:209120004C16002048160020014B1888704700BF4005002000283ED0037A022B30B410D0C4
:209140000378022B15D00379B3B10024C37913F0030318BF012301B10C6002B1136030BC0E
:209160007047C579447A037965B90CB9012BF2D0DBB100231C46EEE7447A14F0030418BF69
:209180000124E3E7C4B1032D37D1032C2ED0022C24D143BB022D2DD00123032D24D1A4F1DB
:2091A0000204B4FA84F46409D5E7023C012C8CBF00240124CFE770474BB9022D08BF0123D0
:2091C000EAD1A4F10304B4FA84F46409C3E7032D01D0022D02D123461C46BCE7002BC8D1C6
:2091E000022DDAD1EDE701230024B4E7002BC0D10123D4E701231C46ADE7022DC7D1002B37
:20920000F1D1022C4FF00103DBD11C46A3E700BF30B500230B608B80437DDB075CBF012365
:209220000B70037E012B83B00D46044623D901AA694604F11000FFF77DFF009B0BB10223ED
:20924000EB70019B0BB102236B70E37D03F00303022B03D0032B14BF00230823AB70637EB7
:2092600003F00303022B03D0032B14BF002308232B7103B030BDC37D13F0030309D0437E87
:2092800013F0030305D0C38B828B9B1AB3FA83F35B092375CBE700BF02280CBF012307230D
:2092A0000B441A78FF2A184603F1FF3303D18142F7D1012070470020704700BF30B583B03B
:2092C0006946FFF7A5FF9DF800309DF801509DF802409DF803109DF804209DF80500023393
:2092E0002B4423440B441344184403B030BD00BF70B4437882780578C478DB00120102F0C5
:20930000100203F008031343027905F0070564012B4304F020049201234302F040021343FD
:209320000B7043798579467AC479027A03F001036D0043EA861305F00205A0002B4300F05B
:209340000C001201034302F03002134370BC4B70704700BF70B582B00D4604466946FFF738
:2093600057FF04F110002946FFF7C2FF9DF80030012B04BFA37EAB709DF801300CBF0320C8
:209380000220022B06D1A38B2B54A38B421C1B0AAB5402309DF8026056B1731E23442918E1
:2093A0001A7801F8012BA34203F1FF33F8D130449DF80330022B06D1E38B2B54E38B421C29
:2093C0001B0AAB5402309DF8046056B1F31D23442918073413F8012901F8012BA342F9D13B
:2093E000304402B070BD00BF30B40278437802F00700C2F3C005C2F300140870C2F3401089
:20940000C2F380124D708C7003F00105C3F34004C8700A71C3F38100C3F301129B094D7144
:209420008C71C87130BC0A724B727047012943DD2DE9F04186B00F4603A914460546FFF7B7
:20944000D3FF03AB03CB9DF811201B882383206161616AB3AE1C03A802AA01A9FFF76AFE26
:209460009DF81380B8F1000F43D0029B002B31D1B8F1020FA38367D0B8F1030F4DD09DF8AB
:209480001580B8F1000F2CD0019BBBB9A38BE383B8F1020F4DD0B8F1030F31D0701B3B1A6C
:2094A0008742C4E90E6300DA002006B0BDE8F081AB78A376EE1CCEE700207047717816F836
:2094C000023B029A03EB01239BB2E383002ADFD1A383DDE7727816F8023B03EB02239BB295
:2094E000C6E71E4904F1080000F086FBA4F81E80D4E71A49204600F07FFBA4F81C80BEE7E5
:2095000006F10800034604F1080213F8011D02F8011BB342F9D10646C0E706F108000346CB
:20952000621E13F8011D02F8011FB342F9D10646A5E70A4904F1080000F05EFB73782372B8
:2095400016F8023B6372A9E70449204600F054FB7378237016F8023B637090E7981B0200A1
:2095600030B591B006F08AF9044606F09BF96A4601462046FFF75AFF00283ED0044606F056
:2095800061F9D0B39DF810100B2006F02DFA9DF81310072006F028FA9DF817308BB1BDF82D
:2095A0001C50FFF7C1FD854205D0BDF81C204FF6FF739A4221D19DF817006946FFF76CFEBE
:2095C000B0B102A90C2006F01BFA9DF815303BB14FF6FF71062006F007FA204611B030BD9C
:2095E0009DF81A10062006F0FFF9204611B030BD69460D2006F004FAE3E74FF0FF34ECE7A5
:20960000F8B505460B2014460E46A84700232074A37496B3E37463750820A84700270123E2
:209620002376A07567740620A847A076FFF77CFDE0830920A84701280CBF3B460323637618
:20964000FFF772FDA0830A20A84701281AD066B90323E375637E022B0CD0E37DA3F10203D6
:20966000B3FA83F35B092375F8BD0223E375637E022BF2D101232375F8BD0720A847667566
:20968000E074C9E7E775E5E730B591B00546FFF74BFD4FF6FF74A0423AD04022002168461A
:2096A00011F0B7FE06F0BCF96A4601461A48FFF7A7FF06F0B5F918B3ADF800400C2006F0DE
:2096C000A7F9014602A800F097FA06F0D7F80E9006F0E8F8034668460F93FFF7EFFD04467A
:2096E00015B9204611B030BD06F07CF880B106F0D5F801466846FFF72DFE204611B030BD00
:209700000D2006F085F90146684600F075FAD5E74FF0FF34E5E700BFF5F900000120FFF796
:20972000B3BF00BF0020FFF7AFBF00BF0649074A074B9B1A03DD043BC858D050FBDC0BF0DD
:2097400063F8F8F731FC0000102402000800002050050020FEE7FEE7FEE7FEE7FEE7FEE761
:20976000FEE7FEE7FEE7FEE700F01F030121C0F34710994000F066B808B503F009FC00B1CA
:2097800008BDBDE8084003F0B9BB00BF30B583B01446022301F01F0100228DF8063014F068
:2097A0000C0341EA4015ADF8042006D0042B25D0082B27D00C2B02D103238DF8043014F040
:2097C000030304D0022B15D0012B02D103238DF805300E4A01A9284603F0E4FB23062846E5
:2097E00003D403F0DDFC03B030BD012103F06CFC03B030BD01238DF80530EAE701238DF8B1
:209800000430DCE702238DF80430D8E76997000001F01F0141EA40101F28CABF054B4FF0C9
:20982000A04300F01F00D3F8101521FA00F000F001007047000300500146014800F0EAB91D
:209840005016002070B50C4B1C689CB105460E4601E0246874B1237AAB42FAD1E36816EA64
:209860000301F6D063682846002BF2D098472468002CF0D170BD00BF50160020024B0022BF
:209880001A60FFF779BF00BF50160020EFF3108072B6704780F31088704700BF70B41A4A81
:2098A0001A4D0023012440FA03F1C90712D59178B9B11178567801F01F0141EA46111F296F
:2098C000C6BF01F01F012E464FF0A04604FA01F1C6F80C150133042B02F10302E3D170BC4F
:2098E00070471178567801F01F0141EA46111F29C6BF01F01F012E464FF0A04604FA01F160
:20990000C6F80815E6E700BFC0BE01000003005070B41A4A1A4D0023012440FA03F1C907D9
:2099200012D59178B9B11178567801F01F0141EA46111F29C6BF01F01F012E464FF0A0466C
:2099400004FA01F1C6F808150133042B02F10302E3D170BC70471178567801F01F0141EAB7
:2099600046111F29C6BF01F01F012E464FF0A04604FA01F1C6F80C15E6E700BFC0BE01003F
:20998000000300500E4A30B40E4D02F10C0403201378517803F01F0343EA41131F2BC6BFFE
:2099A00003F01F0329464FF0A04103F5E0730332944241F82300EBD130BC0F20FFF7A8BF1D
:2099C000C0BE01000003005010B50948FDF700FF084802F029FB50B1064C01460B7A5B08C4
:2099E0000B72204602F0ECFA01460028F6D110BDDC3E0020E40100200146014802F042BBEB
:209A0000E401002080B110B50446FBF7F7F92368C01AB0F5963F05D2207A032894BF002031
:209A2000012010BD002010BD0020704770B50546144689B1022907D006290CD10146BDE876
:209A400070402A4802F01EBB0146284802F01AFB0646002832D170BD0146244802F012FB05
:209A60000646002835D0FBF7C9F9337A30602344102BA8BF10233372FBF7C0F93368C01A7B
:209A8000E401B0F5963FA4B208D2337A042BB38834BF19220A222BB9B48070BDB38819220B
:209AA000002BF9D002FB04F41149C2F1640203FB0242A1FB02325209B28070BDFBF79EF9F5
:209AC000337A30602344102BA8BF102333720C34D2E7334605482946082202F033FB0646A4
:209AE0000028B8D047F6FF73C380BCE7E40100201F85EB5138B50546042005F07BFF294602
:209B00000446214824B202F0BDFA38B3B0F9063047F6FF7293422CD004EB840462005A2572
:209B20001A4C818813FB052384FB0324DB17C3EB641424B2C48081B904F15A0212B222EA4D
:209B4000E2721E2A124BA8BF1E22D201A3FB0232120902F5807292B2828038BD03462946C9
:209B60000948082202F0EEFA0028F6D047F6FF73C3808388C480002BEFD147F6FF739C42E9
:209B8000DAD14FF48072E7E7E40100201F85EB518988888838B5094802F046FA60B1074D3C
:209BA00004462146284602F03BFB2146284602F007FA04460028F4D138BD00BFE4010020A6
:209BC00000B5002183B0084802F0D8F9074B084A1B680093074800234FF4E131FDF7D2FD25
:209BE00003B05DF804FB00BFE40100200C400020C9990000DC3E00200B684A684260036068
:209C0000704700BF08B5082211F0CDFBB0FA80F0400908BD0368DBB110B4002400E01346DE
:209C200099420FD01A681C46002AF8D100230B600368CBB11A461B68002BFBD111605DF87E
:209C4000044B70470A686CB1226000221A60EDE700230B6003684BB11A461B68002BFBD1AE
:209C6000116070470260F0E70160E8E70160704730B405684DB12B46002400E01346994243
:209C800007D01A681C46002AF8D10D6030BC016070470A683CB1226000221A6005680D604E
:209CA00030BC016070470260F6E700BF03689BB110B4002400E0134699421A6805D01C4636
:209CC000002AF8D15DF8044B704734B1226000221A605DF8044B704770470260F7E700BF22
:209CE00003682BB100201B680130002BFBD170471846704730B479B1036843B1002500E014
:209D000023469A4217D01C681D46002CF8D10B6813600A6030BC7047056845B12B4600E094
:209D200023469A4210D01C681946002CF8D11560026030BC704725B110682860002018603E
:209D4000E5E714680460F9E739B114680C6000211960056815600260EBE711680160F6E73E
:209D600000B58BB00246282168460DF0C5FF6946024805F0A9FE0BB05DF804FB48BF010047
:209D8000F0B170B50024104E054654B1E3070DD5295D304605F098FE072C10D00134002C64
:209DA000F4D12978304605F08FFEF7E72E2005F0EFFF295D304605F087FE072CEED170BDA1
:209DC000024805F081BE00BFB01B0200A01B020008B506F057F8014B187008BDB03D002014
:209DE000034B197806204A1C1A7005F0FDBD00BFB03D0020F8B5FBF701F8104E0746344636
:209E000000250C2005F004FE2146FFF7FBFE103420B90135102DF4D10020F8BD062006EB63
:209E2000051505F0E7FD2B7B8342F5D1A868381AB0F5206F8CBF00200120F8BD14170020DC
:209E4000F8B5174E0024374635460C2005F0E0FD2946FFF7D7FE1035F8B90134102CF4D170
:209E60000F2407EB0414254654F8100D6168A268E368A6420FC5F6D1062005F0BBFD3873B2
:209E8000FAF7BCFF0346BB600C2005F0C1FDBDE8F84001460248FFF7AFBE002CE1D1EBE752
:209EA0001417002010B5044642884068002111F0B0FA23886288A06802FB03F2BDE8104086
:209EC000002111F0A6BA00BF30B44588ADB14368002202E00132AA420CD0194601330C7871
:209EE000002CF7D101230B700588806802FB050030BC7047002030BC70472846F8E700BFE6
:209F000030B44488826854B18A420CD00588002301E0914208D00133A3422A44F9D14FF02E
:209F2000FF3030BC704700234268D15C0029F6D00020D05430BC704783688B4208D842881D
:209F4000008800FB023081422CBF00200120704700207047418849B143680020194413F8D9
:209F6000012B02B901308B42F9D170470846704710B5436E04469847034BE06E1978BDE805
:209F80001040002205F0C8BED94A0020F0B501230025062285B0044680F86020A0F86830D4
:209FA000A0F89C5280F8385029464FF4087200F5956011F02EFA0F4F0F4B84F8745204F2EC
:209FC000347604F1740203934FF400730092214604F2A622CDE9013730460AF087FEB4F8DA
:209FE0003027304604F5E46105B0BDE8F0400AF0B7BE00BF89B700005DA1000070B500F14A
:20A0000074030446002503672946242204F2347680F86A5000F51E7011F0FBF930460AF081
:20A02000E7FE30460AF0F0FE30462946342211F0F0F9042384F8603070BD00BF08B5026F6B
:20A0400000F51D739A4205D01170036F01330367002008BD00F174018A4209D0002380F8AE
:20A060007432521A00F234700AF0A4FE012008BD012380F87432184608BD00BF70B5044623
:20A08000D0F8A032006F154604F51D76321AEE1A964228BF1646B6B23246194411F091F999
:20A0A000D4F8A002226F304432448542C4F8A002226713D004F174018A420BD00023521A86
:20A0C00084F8743204F234700AF074FED4F8A002281A70BD012384F87432F9E70020C4F879
:20A0E000A00270BD10B50446042100F5D962FFF73FFF94F81637B4F81A17012B04BF002331
:20A1000084F8163709B1002010BD04F595604FF4087211F07EF9002010BD00BF90F8383010
:20A12000024623B90B4B0C48197805F0F5BD10B5022300F2347480F8603020460AF058FED7
:20A1400020460AF061FE20463422BDE81040002111F05FB9B73D0020F801002010B582B031
:20A16000032A8DF807200C460ED8F2B91D4B1E4819780722012384F8602084F874322246F1
:20A1800005F0CAFD02B010BD042AFBD1B1F856372BB9012201F1740381F874220B6704F16E
:20A1A0001800FDF737FB02B010BD104B0E481978224605F0B1FD042384F8603004F1180055
:20A1C000FDF74AFB0DF1070201212046FFF7D0FE2046FFF713FF637D012BD3D12046FFF779
:20A1E000D5FECFE7B43D0020F8010020B23D002008B505F005FD1B4A1B4B1070187005F021
:20A20000FFFC1A4B187005F0FBFC194B187005F0F7FC184B187005F0F3FC174B187005F0E8
:20A22000EFFC164B187005F0EBFC154B187005F0E7FC144B187005F0E3FC134A134B1070B8
:20A24000187005F0DDFC124B187005F0D9FC114B11480021196005F0DBFC104B01221A70D6
:20A2600008BD00BFB53D0020BC3D0020B43D0020B63D0020B93D0020BA3D0020B83D0020C9
:20A28000B73D0020D94A0020B23D0020BB3D0020B33D002018180020F8010020B13D0020B9
:20A2A0002DE9F04782B003888DF8071040F296618B420546144600F0B78149D840F276610B
:20A2C0008B4200F0208240F29F8040F284618B4240F01382A94B9DF807101B788B4200F035
:20A2E000D687A74B1B788B4240F26687A54B1B788B4240F00483DFF8B092D9F8006096F8B1
:20A300006030DFF880A2DFF89C8240F28E27032B01F06681B6F89C32BB4200F0698700F287
:20A3200064814BB140F28D22934240F0FB8796F87432002B00F06981E0213046FFF77EFEB2
:20A34000002800F05A8740F28D23A6F89C32EEE7B3F5D66F00F0628240F2BD618B4240F0D3
:20A360009480864B9DF807101B788B4200F07F87834B1B788B4240F21287824B1B788B42D0
:20A3800040F0C782DFF82092D9F8004094F860307C4F4FF00008092B40F0D980B4F89C3245
:20A3A000002B01F06380A3F26B339AB2252A00F2FB82252B00F2F882DFE813F0FE021903BF
:20A3C000F602F6027C03A903E703F602F602CE03FA03F602F602F602F602F602F602F602F2
:20A3E000F602C302F602F602F602F602F602F602F602F602F602F602F602F602F602F60210
:20A40000F602F602F602D000002B00F0A08040F25F62934240F07181584B9DF807101B787D
:20A420008B4200F01887584B1B788B4200F0EF87564B1B788B4200F07787554F3B788B4244
:20A4400000F0C187534B1B788B4200F0A887524B1B788B4200F08F87504B1B788B4200F0B9
:20A4600076874F4B1B788B4271D194F87432DFF83891012BC9F8004069D194F86030092B1A
:20A4800065D10022A4F89C2282E740F2A3618B4240F03381394B9DF807101B788B4200F03A
:20A4A000CA86374B1B788B4240F29386354B1B788B4240F03882DFF8F090D9F8008098F81D
:20A4C0006030304F374E092B41F06F80B8F89C32002B01F04380A3F531739AB21F2A7ED810
:20A4E0001F2B7CD8DFE813F0BB02D5027B007B007B00CC03DD037B007B007B007B007B00D9
:20A500007B007B00ED031404FE037B007B007B007B007B0027047B007B007B007B007B0043
:20A520007B007B007B0062000CF8036094F884320133DBB2042B84F8843240F2B8870022EA
:20A5400081212046FFF714FD0023A4F89C3240F25F632B80012002B0BDE8F087261D94F802
:20A560009932012B05D030460AF000FF002800F0108330460AF0FAFE0CE200BFB23D0020D1
:20A58000BC3D0020B33D0020B53D0020B43D0020B63D0020B73D0020B93D0020BA3D00201B
:20A5A000B83D00200C4000201418002008F1040A98F89932012B05D050460AF0D7FE0028DE
:20A5C00000F06B8250460AF0D1FE4FF40872002108F5956010F01DFF002388F86A300023F3
:20A5E0009DF80710A8F89C3236E740F29D22934240F0988696F87432002B40F08186301D2D
:20A600000AF0B4FE002840F07B869AF80010D8F80000002205F080FB002800F07081D9F857
:20A62000006096F8603072E69E4B9DF807101B788B4200F0DC869C4B1B788B4240F2A2855D
:20A640009A4B1B788B4240F05F81DFF86C92D9F8006096F86030DFF854A2DFF8588240F2D1
:20A66000B137092B40F0BE87B6F89C32BB4215D028D82BB1B3F56C7F39D196F8743293B1FA
:20A68000C0213046FFF7DAFC002800F010864FF46C73A6F89C32F0E7A6F89C7296F87432A4
:20A6A000002B40F004869AF80010D8F80000002205F032FB002800F02781D9F8006096F880
:20A6C0006030CEE7B3F56F7F11D196F8B03423B9301D0AF04BFE0028E5D04FF40872002124
:20A6E00006F5956010F095FE002386F8383000239DF80710A6F89C32A9E6002303202B8013
:20A7000002B0BDE8F087674B9DF807101B788B4200F08686644B1B788B4240F22685634B17
:20A720001B788B4240F00481DFF88C91D9F80060B6F89C32DFF884810027002B00F0568768
:20A74000A3F22B239AB2422A61D8422B5FD8DFE813F023033B035E005E00550367037D0355
:20A7600082033E042E045E045E005E005E005E005E005E005E004E047204F3035E005E0072
:20A780005E005E005E005E005E005E00ED04CE04E8045E008004BB0491045E005E005E0086
:20A7A0005E005E005E005E005E00A404BD03D7035E005E005E005E00A303E00392035E008D
:20A7C0005E005E005E005E005E005E005E005E005E005E005E00430006F1040A96F89932CE
:20A7E000012B05D050460AF0C1FD002800F0F08250460AF0BBFD002840F053872C4F4FF448
:20A800000872002106F5956010F003FE00E0284F9DF807100023A6F89C320FE6214B9DF824
:20A8200007101B788B4200F00B861F4B1B788B4240F28E841D4B1B788B426FD1DFF878902B
:20A84000D9F8006096F86030DFF86080194F092B40F07586B6F89C32002B00F049866FF462
:20A86000457213449AB2182A43D8182B41D8DFE813F0C700E00040004000400035017801E5
:20A88000400040004000400040004000B001F801C601400040004000400040004000400007
:20A8A00040002700B23D0020BC3D0020B33D0020B63D00200C40002014180020B81B020059
:20A8C00006F1040A96F89932012B05D050460AF04DFD002800F0B18050460AF047FD4FF4DF
:20A8E0000872002106F5956010F093FD002386F86A3000239DF80710A6F89C32B1E540F2FF
:20A9000084632B80012026E640F296632B80012021E640F2BD632B8001201CE64FF4D663DE
:20A920002B80012017E640F2A3632B80012012E640F276632B8001200DE640F27E33A4F809
:20A940009C3294F87432002B00F02381B4F89422D4F890122046FFF791FB0028EDD1226F09
:20A9600004F174018A4200F0B58684F87402521A04F234700AF01EFA261D30464FF4A0616F
:20A980000AF0D8FC94F89822002A00F0BA86012A00F0AA864FF40872002104F5956010F032
:20A9A00038FD002384F86A300023A4F89C32CEE540F26B33A4F89C3294F87432002B00F062
:20A9C000E88094F878122046FFF738FB0028EFD1C4F8A00294F8842204F520712046FFF70C
:20A9E0004DFB00286AD04FF45B73A4F89C3294F87432002BEED1CCE040F21533A6F89C3284
:20AA000096F87432CBB196F878123046FFF716FB0028F1D1C6F8A00296F8842206F52071E7
:20AA20003046FFF72BFB00285CD040F21633A6F89C3296F87432002BEED198F800103868EB
:20AA4000002205F069F900283FF468AFD9F8006096F86030FBE64FF43173A8F89C3298F8F6
:20AA60007432D3B198F878124046FFF7E7FA0028F1D1C8F8A00298F8842208F5207140469F
:20AA8000FFF7FCFA002800F0008140F2C523A8F89C3298F87432002BEDD13978306800221F
:20AAA00005F03AF900283FF43EAFD9F8008098F8603008E594F87432002B6AD0B4F88C12E7
:20AAC0002046090AFFF7BAFA28B340F26F33A4F89C3294F87432002BF0D15AE096F87432AE
:20AAE000002BAAD0B6F886123046090AFFF7A6FA00283BD040F21A33A6F89C3296F87432FA
:20AB0000002BEFD199E74FF45C73A4F89C3294F87432002B3DD094F88C122046FFF78EFAD6
:20AB20000028F0D1C4F8A002B4F88C22D4F888122046FFF7A3FA20BB94F89832002B00F0C9
:20AB4000C085B4F886122046090AFFF777FA98B34FF45D73A4F89C3294F87432002BF0D1A6
:20AB600017E096F87432002B3FF467AF96F886123046FFF763FA88B340F21B33A6F89C3220
:20AB8000EFE740F27133A4F89C3294F87432002BCAD1CA4B39781868002205F0BDF800286D
:20ABA0003FF4B7AED9F8004094F86030FFF7F3BB94F87432002BECD094F886122046FFF793
:20ABC0003DFA002800F07D8540F27533A4F89C32EEE796F87432002B3FF42FAFB6F88C124F
:20ABE0003046090AFFF72AFA00283FD040F22233A6F89C32EDE74FF44973A6F89C3296F8BB
:20AC00007432002B3FF419AFB6F88C22D6F888123046FFF733FA0028EDD1326F06F1740118
:20AC20008A4200F0528586F87402521A06F234700AF0C0F806F1040A50464FF4A0610AF0FA
:20AC400079FB4FF40872002106F5956010F0E1FB40F22D33A6F89C3234E640F22333A6F898
:20AC60009C3296F87432002B3FF4E7AE96F88C123046FFF7E3F90028EFD1C6F8A002C3E779
:20AC800098F87432002B3FF408AFB8F886124046090AFFF7D3F948B140F2C923A8F89C3241
:20ACA000EEE798F87432002B3FF4F7AE98F886124046FFF7C3F948B140F2CA23A8F89C32A0
:20ACC000EFE798F87432002B3FF4E7AEB8F88C124046090AFFF7B2F9F8B140F2D223A8F87D
:20ACE0009C32EEE798F87432002B3FF4D6AEB8F88C22D8F888124046FFF7C0F900B34FF4A6
:20AD00003573A8F89C32EDE740F2D323A8F89C3298F87432002B3FF4C0AE98F88C124046FD
:20AD2000FFF78CF90028EFD1C8F8A002DFE740F2DA23A8F89C3298F87432002B3FF4ADAEFC
:20AD400098F898124046FFF779F90028EFD1D8F8702008F174018A4200F0C18488F874021E
:20AD6000521A08F234700AF025F808F1040A50464FF4A0610AF0DEFA4FF40872002108F524
:20AD8000956010F046FB40F2E323A8F89C320FE440F22B23A6F89C3296F87432C3B196F8C2
:20ADA00078123046FFF74AF90028F1D1C6F8A00296F8842206F520713046FFF75FF908B3D1
:20ADC0004FF40B73A6F89C3296F87432002BEFD1D9F8003093F86030032B00F05E84384A89
:20ADE000364B11781868002204F096FF00283FF49FADD9F80060B6F89C329EE496F8743214
:20AE0000002BE5D000213046FFF718F960B140F22F23A6F89C32F1E74FF40C73A6F89C32AD
:20AE200096F87432002BD3D006213046FFF706F90028F1D1C6F8A002062241463046FFF719
:20AE40001DF960B140F23123A6F89C3296F87432002BF1D1BCE796F87432002BB8D003210A
:20AE60003046FFF7EBF8002800F0B68040F23223A6F89C32EFE796F87432002BA8D0B6F8E7
:20AE80005C20B16D3046FFF7F9F800286CD04FF41873A6F89C32EEE796F87432002B97D082
:20AEA000B6F85C103046090AFFF7C8F8002835D040F25E23A6F89C32EEE700BF0C400020ED
:20AEC000B33D00204FF41673A6F89C3296F87432002B3FF47DAF96F854103046FFF7AEF868
:20AEE0000028EFD1C6F8A002B6F85420316D3046FFF7C4F8002834D040F25923A6F89C32DC
:20AF000096F87432002BEFD162E740F25F23A6F89C3296F87432002B3FF45AAF96F85C1014
:20AF20003046FFF78BF80028EFD1C6F8A002A6E740F23F23A6F89C3296F87432002B3FF4BB
:20AF400047AF328AF1683046FFF798F80028EFD1337D580700F1EF8096F91430002BC0F2E3
:20AF6000A180337D59069BD4326F06F174018A4200F0CE8386F87472521A06F2347009F0B3
:20AF800019FF082306F1040A86F8603050464FF4A0610AF0CFF94FF40872002106F59560F1
:20AFA00010F037FA40F26D23A6F89C3216E496F87432002B3FF40CAFF18A3046090AFFF7F1
:20AFC0003DF848B34FF40D73A6F89C32EFE796F87432002B3FF4FCAE317D3046FFF72EF8C0
:20AFE0000028E9D040F23323A6F89C32EFE796F87432002B3FF4ECAE318A3046090AFFF740
:20B000001DF8E8B140F23D23A6F89C32EFE796F87432002B3FF4DCAEB17D3046FFF70EF8F2
:20B020000028E9D040F23523A6F89C32EFE740F23E23A6F89C3296F87432002B3FF4C8AE5C
:20B04000317C3046FEF7FAFF0028F0D1C6F8A00277E796F87432002B3FF4BAAEB6F8481038
:20B060003046090AFEF7EAFF98B34FF41373A6F89C32EEE796F87432002B3FF4A9AEB6F87D
:20B080004820716C3046FEF7F9FF00283FF464AF40F24E23A6F89C32ECE796F87432002B59
:20B0A0003FF496AEB6F854103046090AFEF7C6FF00283FF410AF40F25723A6F89C32ECE7BF
:20B0C00040F24D23A6F89C3296F87432002B3FF47FAE96F848103046FEF7B0FF0028EFD1BB
:20B0E000C6F8A002CBE740F24923A6F89C3296F87432002B3FF46CAE96F840103046FEF73F
:20B100009DFF0028EFD1C6F8A002B6F84020F16B3046FEF7B3FF0028A0D040F24A23A6F8EF
:20B120009C3296F87432002BEFD151E696F87432002B3FF44DAEB6F840103046090AFEF7E2
:20B140007DFF0028D8D04FF41273A6F89C32EDE7C34B1B788B42FFF46DABC24B186804F0A1
:20B16000DBFD9DF80710FFF765BBBD4B1B788B42FFF4D5AABB4B186804F0CEFD9DF807106A
:20B18000FFF7CDBAB64B1B788B42FFF459AAB54B186804F0C1FD9DF80710FFF751BAB04B01
:20B1A0001B788B42FFF4E9A8AE4B186804F0B4FD9DF80710FFF7E1B8A94B1B788B42FFF40B
:20B1C00095A8A84B186804F0A7FD9DF80710FFF78DB8A34B1B788B42FFF468A9A14B186882
:20B1E00004F09AFD9DF80710FFF760B9A6F89C7296F87432002B3FF408AA00213046FEF78D
:20B200001DFF0028F2D1326F06F174018A4200F03A8286F87402521A06F2347009F0CAFDE6
:20B220004FF48071301D0AF085F840F29D23A6F89C32FFF7DFB98C4B8A481B68006803266D
:20B2400083F860600026A3F89C6204F065FD9DF80710FFF72BB9844B032284F860202046C2
:20B260001C60FEF7CBFE9DF80710FFF7DCB87E4B7C481B680068032483F860400024A3F8E5
:20B280009C4204F049FD9DF80710FFF776B8764B74481B680068032683F860600026A3F839
:20B2A0009C6204F039FD9DF80710FFF71FB800213046FEF7C3FE00287FF4EEA9326F06F1D6
:20B2C00074018A4200F0E38186F87402521A06F2347009F06FFD012386F838304FF40872B1
:20B2E000002106F5956010F094F84FF4A061301D0AF020F84FF46F73A6F89C32FFF7E5B9E9
:20B30000D9F800000023A6F89C32FEF777FE0121D9F800000DF10702FEF72AFE9DF80710A0
:20B32000FFF790B83046EDE794F87432DFF83891B4F8A422C9F80040012BA4F85C277FF482
:20B340007CA80023A4F89C322646FFF7F3B994F87432DFF81491012BC9F800407FF481A8B7
:20B3600094F86030092B7FF47CA80022A4F89C222646FFF769BA94F87432DFF8EC90012B34
:20B38000C9F800407FF468A894F86030092B7FF463A80022A4F89C22A046FFF792B894F82D
:20B3A0007432DFF8C490012BC9F800407FF44FA894F86030092B7FF44AA80022A4F89C22F4
:20B3C0002646FFF748B994F86030DFF89C900A2BC9F800407FF436A894F87422012A40F0E7
:20B3E000F3800022A4F89C222646FEF78ABF1E4B1C481B680068032683F860600026A3F8D7
:20B400009C6204F089FC9DF80710FFF719B9164B20461C60FEF7BAFD9DF80710FFF708B8F0
:20B42000114B10481B680068032683F860600026A3F89C6204F070FC9DF80710FFF76FB920
:20B44000094B08481B680068032683F860600026A3F89C6204F060FC9DF80710FFF7EAB9A5
:20B46000BB3D00200C4000201418002094F8981294F89A224B0043F03003DBB2012A84F899
:20B48000783208BF43F00103B4F88C2208BF84F87832D4F894321A44002940F09D80023223
:20B4A000C4F87C2284F8848204F5207C002302F07F007F2A60F07F064FEAD2123FF634A8DB
:20B4C0000CF8030094F884320133DBB2042B84F884323FF634A894F8983294F87812002B59
:20B4E0007FF471AA01F0F70184F87812FFF76BBAB6F88C2286F884320432A221C6F87C22CF
:20B5000086F8781206F5207C02F07F007F2A60F07F0E4FEAD21216D80CF8030096F884323F
:20B520000133DBB2042B86F884327FF66CAA002281213046FEF71CFD0023A6F89C329DF8F0
:20B540000710FEF78EBF0CF803E096F884320133DBB2042B86F88432D6D9E8E7B8F88C2267
:20B5600088F8843205328221C8F87C2288F8781208F5207C02F07F007F2A60F07F0E4FEA8A
:20B58000D21216D80CF8030098F884320133DBB2042B88F884327FF665AA00228121404698
:20B5A000FEF7E6FC0023A8F89C329DF80710FEF753BF0CF803E098F884320133DBB2042B53
:20B5C00088F88432D6D9E8E75348224604F0A4FB9DF80710FEF736BF0432C4F87C2261E7B3
:20B5E000304692E69DF80710FEF731BF328A102386F87832002A4ED00E32B6F854300BB13F
:20B6000002331A44B6F85C300BB102331A44B6F840300BB102331A44B6F848300BB102338A
:20B620001A44C6F87C2286F8847206F5207C002302F07F007F2A60F07F0E4FEAD21217D81F
:20B640000CF8030096F884320133DBB2042B86F884327FF6A4AB812100223046FEF788FC04
:20B6600000239DF807102D4FA6F89C32FEF7E6BE0CF803E096F884320133DBB2042B86F8E1
:20B680008432D5D9E7E7012386F87432C8E5012386F874321FE60C22AFE79DF80710FEF7D1
:20B6A000CCBE96F860301D4F092B7FF4A8A80A23397886F860303246174804F02DFBFFF7AA
:20B6C0009EB8C4F8A082FFF741B9012386F87432FFF7B0BA012384F87432FFF74DB9012338
:20B6E00088F87432FFF741BB4FF40872002104F595600FF08EFE4FF46473A4F89C32FEF762
:20B700002EBF074BE06E197804F006FBFFF742B9012386F8743234E4F8010020B63D002099
:20B72000D94A00202DE9F04182B00024DDF820C0019486462AB3146801270020451CA1422E
:20B74000E8B24FEAC71804F1010616D91EF80450166005F07F0413B11E6801361E600528C8
:20B760000BD0BCF8006004FB0764ACF800402C065FFA88F702D51468E0E7002002B0BDE8F1
:20B78000F081144601AAD7E72DE9F04F87B000200490002B00F090801E4691F8B0340C46E7
:20B7A0001746002B40F08C8091F8B134002B00F08E8094F8B634002B00F09A80B4F8B22401
:20B7C00094F8B104B2F5007F00F2AA8020F00F0300F0F001D4F8AC54501C854239D2302B7E
:20B7E000DDF810B04FF0010A4FF0000904F2BA4800F0AF80B4F8B804A6EB0B02C0F50075DB
:20B80000954228BF154600F2BA402A4607EB0B0120440FF0D6FDB4F8B834D4F8AC242B44DC
:20B820009BB2AB44B3F5007F1544CDF810B0A4F8B834C4F8AC5400F0F080B4F8B2245E45FE
:20B8400002F101037CD8AB4236D894F8B11401F0F00101F0D00304F2BA40902BC4F8BC0682
:20B8600000F00181402900F03C81402910D9902900F0258140F2EA80B0291AD1012384F89F
:20B88000993204F2B44203212046FEF771FB10E0202900F0F78030290BD1B4F8B824C4F8ED
:20B8A00010070023A4F81427A4F81A372046FEF719FC012384F8B034002007B0BDE8F08F9B
:20B8C00001464FF4087204F595600FF0A2FD3A78D4F8AC3484F8B124012201339642C4F83E
:20B8E000AC340492E8D094F8B634002B7FF466AF04F2B243009304AA04F2AC4331463846EB
:20B90000FFF710FF002800F00281B4F8B22494F8B1040123B2F5007F84F8B6347FF656AF9A
:20B9200000F0F001302920F00F033FF453AFD4F8AC3401321E449642C4F8AC64BCD3B8E763
:20B94000AB4282D994F8B13423F00F03302B7FF451AF94F8C536002B7FF44CAF94F8C43695
:20B96000EBB9A4F8C23617F80B300BF10102691C1B02B242A4F8C036C4F8AC1471D2BA5C49
:20B9800084F8C4A613430BF1020B0235402BA4F8C036CDF810B0C4F8AC543FF62BAFB4F832
:20B9A000C456012D7FF426AFB4F8C226B4F8C016A6EB0B008B1A834228BF034602F2CC608B
:20B9C00007EB0B019AB22044039302920FF0F9FCB4F8C2C6039BD4F8AC14029AB4F8C0062F
:20B9E00063449BB2934483420A44CDF810B0C4F8AC24A4F8C2360DD1E21884F8C55682F8DB
:20BA0000CC96B4F8B224023AD31A9BB2A4F81837A4F81A3784F816A7ECE6B4F81A27C4F840
:20BA20001087A2F50072A4F81437A4F81A272046FEF758FBC4F81087A4F8B89400287FF41E
:20BA40003BAFDDF810B0D4F8AC54F6E6602902D0502B7FF42EAF002284212046FEF788FAF5
:20BA600027E79346C6E694F8BA6494F8BB54402945EA062504F2BC46A4F8B454C4F8BC66B1
:20BA80003BD0F2E6022A48D194F8BB54002D4DD12B4BE18A1B680093012384F8993204F141
:20BAA00018002346274AC901FBF76CFE0923294684F8603005AA2046FEF75AFAF9E6B4F8DE
:20BAC000B424D4F8BC36ADF81420012184F899121B788DF8163005AA02212046FEF748FAE1
:20BAE000E7E694F8BA1494F8BB3404F2BC4243EA0123A4F8B434C4F8BC26012384F89932D2
:20BB000004F2B44205212046FEF732FAD1E6024680212046FEF72CFACEE62046002280218E
:20BB2000FEF726FA2046FEF769FAC2E6204604F2BB428221FEF71CFA2046FEF75FFAB8E631
:20BB40000C4000201DA100002DE9F8431578BDF820808DB30446164689464FF4ED62002120
:20BB60001F460FF056FCE66030460FF06CFC0025012320826375A4F868306766C4F86C9070
:20BB8000A4F8A482A4F89C5284F8385029464FF4087204F595600FF03CFC094B84F874526E
:20BBA0001B7833B107482146FEF734F80020BDE8F883FEF71DFBF5E78220BDE8F88300BF8D
:20BBC000B13D00201818002070B5044690F8600084B004289DF8205031D804F17400E38274
:20BBE0000023C4F81C17A4F83027206784F89932C5B1237D6D4643F002030846237529461C
:20BC00000CF010F8C0B195E80F000E4E04F5E46585E80F0031780C48224604F07DF800201B
:20BC200004B070BD238A002BE3D06D46084629460BF0F8FF0028E6D1802004B070BD0020B6
:20BC400004B070BDB53D0020F801002090F86030092B024600D07047034B044819780A2365
:20BC600082F8603004F058B8B63D0020F80100202DE9F041044690F8600009282CD194F857
:20BC80006A702FBBB4F86850C4F888220235ADB21E4601231046A4F86850A4F8865284F85E
:20BCA0006A3088460FF0CFFB84F89972A4F88C02B8F1000F01D0A8F80050094B84F898625F
:20BCC00019780848224604F027F83846BDE8F08101273846BDE8F08181273846BDE8F0817C
:20BCE000B93D0020F80100200129F8B529D0042905D001B1F8BD234B01221A70F8BD224D9D
:20BD0000B2F84C302888C418B4F5806F23DA1F4E916CA4B21A4630440FF053FB00270A2C9E
:20BD200037552C80E6D9344414F8013C5D2BE1D1174A184B11781868324603F0EDFF2F803E
:20BD4000F8BD104C23788BB90F4B00221A80BDE8F840FDF7B3B8104A1049114803F0B4FEF0
:20BD6000104804F017F800232B80F8BD0A4A0E490B4803F0A9FE0D4804F00CF8002323704A
:20BD8000E2E700BFBE3D0020863D0020881F0020DB4A00201C180020D01B020060C10100AE
:20BDA00050C00100F01B020048C00100DC1B02002DE9F041144FDFF86C80144E144D3C787F
:20BDC000C8F80000002384B00A4633702B8054B14FF48063014600930E480F4BFFF7B4FE51
:20BDE00004B0BDE8F081039103F00AFF0B4B187003F006FF0A4B039A014619700123D8F85D
:20BE000000003B70E4E700BFBD3D0020BE3D0020863D002020180020E9BC0000DA4A002094
:20BE2000DB4A00201C18002000B583B00123009304490548B42340F25B72FFF7C5FE03B0EE
:20BE40005DF804FB241C020020180020034B1B7803B970470248FFF7F9BE00BFBE3D0020CF
:20BE600020180020014B1878704700BFBE3D0020044B1B7803B97047002302461946024894
:20BE8000FFF7F6BEBE3D00202018002038B50D4B0D4D1C68002818BF05463CB1211D28467F
:20BEA000FDF7B0FE28B92468002CF7D14FF0FF3038BD064A064B9068241AA01003FB00F0A7
:20BEC00038BD00BFB8230020981B020008020020ABAAAAAA2DE9F84F224CDFF89CA0DFF876
:20BEE0008C90214F0546884604F1200B54F8043FBBB19E68AEB1A5B1D9F80820AA1A911069
:20BF00000C3207FB01F10CD05A68D86802FB010038B11AF801201B6842FA03F3DB0700D58B
:20BF2000B0475C45E2D1D5B1104B0F4A9B68EB1A9B1002FB03F30E490E480022CA5429467A
:20BF40000AF80320FDF7B2FEB8F1000F01D1BDE8F88F29460548BDE8F84FFDF7D1BF4FF0F7
:20BF6000FF33E8E784230020ABAAAAAA08020020A8230020B82300209024002038B1036818
:20BF8000072B04D80C4A52F82330984210D00B4A1368072B0AD830B4074C03605D1C81600E
:20BFA000156044F82300012030BC70470020704781600120704700BF882300208C240020FF
:20BFC000F0B5164B164D9C68164E20B301B3C768D0F804C0C91B91FBFCF101EB4102013190
:20BFE00019D014EB820314D054F82230A3EB040E4FEAAE0205FB02F20CFB02714BB11EF150
:20C000000C0F08D021B1B35C02681341DB07DCD50B461846F0BD00231846F0BD0802002047
:20C02000ABAAAAAA90240020124B1968F9B1124B9B68C91AD0B111F10C0F17D010B40F4B15
:20C040004468C268891003FB01F304FB032149B10B4C0268E35C1341DB0703D508465DF8B1
:20C06000044B70475DF8044BFFF7AABF0021FFF7A7BF00BFB823002008020020ABAAAAAAAD
:20C080009024002010B504460846FFF7FFFE84B1431C02460DD06368E06803FB020038B1C7
:20C0A000054B21689B5C0B4113F0010F08BF002010BD002010BD00BF902400202DE9F843CC
:20C0C00016460D46FFF7DEFF28B10024012006B13460BDE8F88304462846FFF7D7FE0130A1
:20C0E000F3D11448FDF736FF0028EED1124B1D68F5B1DFF84C90DFF83C80104F06E0204697
:20C10000291D05F023FB04462D686DB1D8F80830EB1A9B1007FB03F319F80330002BF3D1E6
:20C12000002CECD12C1DEFE7201E18BF0120CEE72046CCE708020020B8230020ABAAAAAA25
:20C14000A82300202DE9F04182B060B32F4B0C46002908BF1C46214601AA0546FFF7AEFF4A
:20C1600008B32046FFF792FE461C21D06A68EC6800FB0244002120460FF04BF9EB686A686F
:20C18000E31A93FBF2F35A1C06D021492D68C85C0122AA400243CA54204602B0BDE8F08122
:20C1A000B8F1000F1DD10024204602B0BDE8F081184FDDF804803846FDF786FE064600285D
:20C1C000EED015483146FDF725FDBB682146301DF41AFDF711FD14F10C0F12D16A680024D7
:20C1E000C8E74046FFF752FE411CDCD0BB6800EB400013EB8006D6D000213046FFF76AFE4E
:20C20000DFE7064BA01003FB00F0AFE7981B02009024002008020020B8230020ABAAAAAA7C
:20C2200018B319B3C3684268CB1A93FBF2F35A1C1CD070B40F4E0568F45C012202FA05F581
:20C2400024EA0504F454C3684468CB1A93FBF4F3591C0DD0084C0068E15C02FA00F021EA0C
:20C260000001E154104670BC70477047002070471046F8E790240020A823002098B199B13A
:20C28000C2684368891A91FBF3F14B1C0CD010B4064A0368545C012000FA03F32343535426
:20C2A0005DF8044B7047704700207047A8230020A0B1A1B1C2684368891A91FBF3F14B1CB8
:20C2C0000DD010B4074C0268635C012000FA02F223EA020363545DF8044B70477047002037
:20C2E000704700BFA823002088B179B1C3684068C91A91FBF0F14B1C08D0054B986801EBDC
:20C30000410110EB810002D004307047002070470802002070B50B4B1C685CB105460E46F6
:20C32000012D09D01DB963680BB1984718B92468002CF5D1002070BDA3683046002BF6D0AC
:20C340009847F3E7A0240020064B074A01211960D2F8503513F0FF03FAD1C2F8FC3F0120CE
:20C36000704700BF1010004000100040A1B1192810D8DFE800F00D770F0F6E65605B453FB1
:20C380000F3A0F0F0F36322E2A0F26221E1A17130020704701207047022070477D230B601B
:20C3A0000020704700200860704710230B60002070470A230B600020704720230B600020B5
:20C3C000704703230B600020704708230B6000207047D8230B60002070471A230B600020CC
:20C3E00070470B230B6000207047244B1B780B6000207047224B93F900300B600020704767
:20C40000204B214A012082B018601368002BFCD00020106012681D4B0192019AD3F8483521
:20C4200003F07F035B420B6002B07047184B5B790B6000207047164B5B780B600020704727
:20C44000134BDB7800200860002BA1D001230B6070470F4B1B7800200860002B98D0042392
:20C460000B607047094B0B4AD3F80835A2FB03239B080A33DBB20B6000207047BF3D00205B
:20C48000C03D0020141000401C1100400010004024020020CDCCCCCC0120704770B582B0B8
:20C4A000FDF7F4F9BFF35F8F1C4B1B78ABB11C4B1C4902224FF0FF34C1F80843C3F88021E3
:20C4C000C3F88020BFF34F8FBFF36F8FBFF35F8F02B0BDE87040FDF7DDB9134903F0FF0240
:20C4E0000A600968114B019101991A601A680D490B4B00924FF0FF3502224FF44054009E93
:20C50000C1F80853C3F88021C1F804431A60BFF35F8F02B0BDE87040FDF7BCB924020020DB
:20C5200000E100E0001000403011004034110040144BD3F8FC0F28B1D3F85035DBB2032BCB
:20C5400001D000207047104B1B7803F0FF0073B10E4B1B78053B7A2BF3D80D4B1B68002B8D
:20C56000EFD10C4B1868B0FA80F040097047074A1378053B7A2BE5D892F8800080F0010011
:20C58000704700BF0010004024020020A424002030110040341100400D2801D001207047C3
:20C5A000042A05D121B1034B1B680B6000207047022070472825002070B51B4CD4F850554F
:20C5C000EDB2032D82B028D0184B1948194AC4F804051949C3F8102501264FF00062C3F8A1
:20C5E0001415C3F80465C3F80425FFF757FFD4F8003243F01003C4F80032D4F80032022D5F
:20C6000043F40023C4F8003209D00C4B0C4A002119601B680193019B166002B070BD094B56
:20C620001E6002B070BD00BF0010004000F00140A4240020381100404C8000405811004037
:20C64000041000400810004070B5304D304C314A00232B6084B02D680095009D23602468DD
:20C660000194019C1360146802942B4D029C42F8043C2C7852F8043C0393631F7A2B039AEB
:20C6800002D8023CA1420ADA8122002122480EF0C0FEFFF791FF0024204604B070BD224678
:20C6A000691C0EF08EFE2B191C4E5B781C4A3F2B9ABF9B00DBB2FF233370D2F84835194A2A
:20C6C00003F07F035B425BB299B20420137003F08BF93178032003F087F9134B2A78134937
:20C6E0001A74D1F84C055860D1F8481599605200DA605D68084881220021023D1D600EF09C
:20C7000088FEFFF759FF204604B070BD381100400C11004034110040A4240020BF3D00208F
:20C7200000100040C03D0020282500200080004010B5038804461BB340F2D332934224D1F6
:20C74000822901D0012010BD124A1378053B7A2B16D8114B1B6813B992F8803083B10BF0A1
:20C76000B3FC03F0D3F803F089F88021FFF76CFF002805DD80B203F07BF8084BDB689847BF
:20C7800040F2D3332380012010BD00230380032010BD00BFA424002030110040D4C301007A
:20C7A0007D2910B50C4609D801460A48A31C00F8013B22460EF005FE002010BD064A074959
:20C7C000074803F081F921467D22064803F07CF9012010BD3C2500202C1C020060C1010006
:20C7E00050C001003C1C020070B4164B1649174C0F22C3F810258A780A3A02EB8202C3F8F4
:20C8000008250879CD798A794979120642EA0522024342EA0142C3F86C2640F20226002574
:20C820000B48C3F834657F2140F20122C3F83845C3F83C55C3F81405C3F81815C3F85026EB
:20C8400070BC70470010004024020020211001000800000608B5084BD3F8FC2F1AB1FFF758
:20C86000ABFE012008BD0122C3F8FC2FFFF7BCFFFFF7A2FE012008BD0010004030B585B089
:20C88000FFF7E8FF104A11491148124C0023136015680395039D0B600D680295029D03608C
:20C8A0000368019301230198236001E00B6813B91368002BFAD0044A044B10681B68B0FA67
:20C8C00080F0400905B030BD48110040441100404C1100402C10004010B5072867D8DFE8BC
:20C8E00000F01A2A666648525A04364A3648C9B25171D0F8FC3F5BB11179D4799379527948
:20C900001B0643EA04230B4343EA0243C0F86C360024204610BD01294FD000294AD12B4A2F
:20C92000294B01211160D3F8504514F0FF04FAD1C3F8FC4FEDE7A1F10B030F2B3AD8214A8D
:20C94000214BC8B29070D3F8FC2F002AE0D01F4A01201060D3F8504514F0FF04FAD10A39B2
:20C9600001EB8101C3F8FC4FC3F80815FFF772FFCFE731F007041DD1124BC1F38001197019
:20C98000FFF78CFDC5E731F0010413D10D4BC9B2D970204610BD0B4A0B4BC9B25170D3F861
:20C9A000FC2F002AB4D0C3F80C150024B1E70124204610BD0224204610BDFFF74BFF0024F1
:20C9C000A7E700BF24020020001000401010004010B57D2884B04BD82C4CFFF73BFFE37850
:20C9E000002B3FD163782A4A2A49DBB20120C2F80C350860D2F85035DBB2022BFAD12649E6
:20CA0000264BC2F8043500230B600868019001980B66086E029002988B648B6C0393039B5D
:20CA2000D2F8003223F01003C2F80032D2F80032012143F48023C2F80032116005F07CFC26
:20CA40006FF002031C1A05F077FCE042FBD4104AD2F85035DBB20B2BFAD0FFF7ADFD0020ED
:20CA600004B010BDFFF70AFF0028BBD10220F7E70B4A0C4904460C4803F026F821460B486F
:20CA800003F022F8012004B010BD00BF24020020001000400C1000400C1100403C25002058
:20CAA0002C1C020060C1010050C00100581C020010B50C46FFF774FE2046BDE81040FFF7B3
:20CAC00087BF00BF10B51A491A481B4A1B4C00230B6003704B6023708B6082B0CB600B74F5
:20CAE0001360136800934FF080430121009819601368002BFCD00024146013680193214600
:20CB00000F48019B03F084F8214681220D480EF080FC0D4B0122C3F8FC2FFFF765FE0B4ACB
:20CB20001378DBB21370FFF7B9FC204602B010BD28250020BF3D002000010040C03D0020E3
:20CB400014020020A42400200010004024020020074A1378053B7A2B07D8064B1B6813B9E1
:20CB600092F880007047012070470020704700BFA424002030110040154B1B7803B17047BF
:20CB800000B503F0FF02134B196883B029B9124B1A6882B903B05DF804FB1A601B68009347
:20CBA0000E480F4B009A012283F8802003B05DF804EB03F0DFB819601B68019381220848E9
:20CBC000019B0EF026FC03B05DF804EBFFF7F4BC240200203011004034110040140200207A
:20CBE000A424002010B40346002253E8000F00EA020143E8001494F0000FF6D15DF8044BAA
:20CC0000704700BF10B568B90E4CA368012262703BB1D3E900230020A2609847A368002B5C
:20CC2000F7D110BD0128FCD1064C2369A070002BF7D0D3E900230120226198472369002B70
:20CC4000F7D110BDBC25002010B50B4C237882B013B1852002B010BD08486360A3602361D3
:20CC6000E36000F0B5F8019000F0BEF801980123237002B010BD00BFBC25002005CC00003D
:20CC800038B5154DAB78044673B110B14368012098470020F7F7F0FEEB680133EB6000205A
:20CCA000BDE83840F7F7F0BE03F0FF00F7F7E4FE64B12A6942B1944208D0134601E09C4298
:20CCC00004D01B68002BFAD122602C61EB68002BE2D100F09FF8DFE7BC25002038B5154D2A
:20CCE0006B78044673B110B14368002098470020F7F7C2FE6B6801336B600020BDE838409B
:20CD0000F7F7C2BE03F0FF00F7F7B6FE64B1AA6842B1944208D0134601E09C4204D01B68DA
:20CD2000002BFAD12260AC606B68002BE2D100F089F8DFE7BC25002038B50B4C0020F7F734
:20CD40009BFE6368013B6360656825B1BDE838400020F7F799BE00F087F865700020BDE842
:20CD60003840F7F791BE00BFBC25002010B5074C23784BB9064B002808BF184600F044FBBA
:20CD800008B90123237010BD852010BDC13D0020C41C020000B583B0019000F069FB00F01F
:20CDA0006FFB019800F056FB00F05AFB002003B05DF804FB10B4034653E8000F00EA01027F
:20CDC00043E8002494F0000FF6D15DF8044B7047044A137923B901211060918018467047E1
:20CDE00085207047D0250020084B1A68D20704D4C02283F8002301221A60054A4FF08041D0
:20CE00000123C1F818351370704700BF00E100E0DC4A002010B4094B094A0021196083B0B0
:20CE20001B680193019C4FF0804102200123C1F80403136003B05DF8044B70470401004072
:20CE400008000040074B00221A6082B01B68019301994FF080430122C3F804231A6002B086
:20CE6000704700BF00010040074B01221A604FF08042D2F80C3403F00113B3F1011FF8D06E
:20CE8000024B00225A71704704000040D025002010B5174B1A6882B062B10021154A196061
:20CEA0001B68507900934FF080410123009CC1F8083398B1104B1A68BAB100221A601B682F
:20CEC00001934FF0804202210A4B0198C2F808131B68012002B0BDE81040184711685371F0
:20CEE0008847054B1A68002AE7D102B010BD00BF00010040D02500200401004030B41F4C87
:20CF000094F86A3082B0002B33D104F12F03204604F15F01FF2203F8012F8B42FBD14FF084
:20CF2000FF3222600123072B88BFE11803F1010340F8042F88BF81F858200C2BF3D11049B9
:20CF4000104B0020C0228880606683F8062340221A600D4B0D4A18601B680193019D012128
:20CF60004FF0004384F86A10C2F8043302B030BC7047082002B030BC704700BFD82500209A
:20CF80003C26002000E100E07C61004000600040034B93F86A00003818BF0120704700BFA8
:20CFA000D8250020F0B4454F3B1893F93030002B5DDA91F802C0CCF3400CBCF1000F0CBF9E
:20CFC0000823002307EB8304A4F104040CBF0C26082602E001339E424CD954F8045F0135C2
:20CFE000F8D13C1847F8232084F83030BCF1000F4FD08A7854071AD4D5074ED41F284C7887
:20D0000087BF2F4D00F01F0202464FF0A04502F5E072A40045F822402A4DC40800F0070CFF
:20D020002E5D012202FA0CF232432A558A7812F0020222D09B0003F1804303F5C04309788C
:20D04000D3F8104524F44F3424F44074C3F8104502020904D3F8100501F4403102F47C521E
:20D060000A430243C3F810250020F0BC70470820F0BC70470420F0BC7047083B1F44097872
:20D0800097F8603043EA811387F860301046F0BC7047FA1882F85800ABE71F2887BF084A93
:20D0A00000F01F0404464FF0A04202EB8402D2F8004724F00204C2F80047ADE7D8250020A2
:20D0C000000300503C26002070B4324C251883B095F93030072B22DD234493F858309B092C
:20D0E000032B46D0012B0CBF4FF400324FF440321F288ABF284B4FF0A04300F01F0003EBA9
:20D100008000D0F8003723F44033C0F80037D0F800371A43C0F8002703B070BC7047DAB2BA
:20D12000072AF9D8980000F1804000F5C04003F140029200D0F8106592B202F1804202F5BA
:20D14000C04246F00106C0F810650020106012680192019A0029DFD095F9302054F82220E7
:20D16000002AD9D00D49012202FA03F3C1F80433D2E71F288ABF084A4FF0A04200F01F03B3
:20D18000D2F8102598BF0346DA4002F0010202321204ADE7D82500200003005000600040F3
:20D1A000194B034493F93030072B13DD1F288ABF164B4FF0A04300F01F0003EB8000D0F85E
:20D1C000003723F44033C0F80037D0F80037C0F800377047DAB2072A14D810B49A0002F100
:20D1E000804202F5C0420A4CD2F81005012120F0010001FA03F3C2F81005C4F808335DF800
:20D20000044B7047704700BFD825002000030050006000402DE9F04F002289B0CDE90222F8
:20D2200016461546704B714C7148012204E0043383424FEA420211D019680129F7D1D4F866
:20D2400004131142F3D01D60196800910433834246EA020600994FEA4202EDD1654B1A68D8
:20D26000012A07D016F0FF0F17D1002E32DB09B0BDE8F08F00221A601B6801934FF0A042C4
:20D28000019BD2F810255C4B0292D3F81035039316F0FF0F1ED046F00046584F01250024A3
:20D2A000A30003F180432E4203F5C0434FEA45050BD0D3F8100557F82420D3F81015C0F335
:20D2C0000520C1F3014102B190470134082CE7D1002ECCDA4FF0FF33494D0DF1100ACDE9DF
:20D2E00006330022CAF804200492A5F16408454C0027012614F9010B431C32D0C0F3C20E79
:20D3000008AB03EB0E0C00F007031CF8081C06FA03F31942C2B200F03F0022D008EB00093E
:20D32000910999F9309058F82990B9F1000F4CD003294CD01F288BBFDFF8BCE04FF0A04EAA
:20D3400002F01F0202460EEB82021CF818ECD2F800C71EEA030FCCF3014C1BD1BCF1030F7B
:20D360003CD0A542C6D1002F81D04FF0A0430299D3F81035204A9942D2F8102503D1039922
:20D3800091423FF474AFDDE90401CDE90232CDE90601ACE7BCF1020FE3D1032904D0B9F143
:20D3A000000FDED0C847DCE74FF4403CD2F8003723F44033C2F80037D2F8003701374CEA34
:20D3C0000303FFB2C2F80037E9E70329C9D11AF80EB04BEA030B0AF80EB0ABE70329DED1CF
:20D3E0004FF4003CE2E700BF0061004000600040206100407C61004000030050D825002097
:20D400003C26002038260020104A1378DBB910B403780F494FF08044C3F34003C4F880358F
:20D42000037803F00103C4F878350B68DB0704D4C02381F8003301230B60012313700020FF
:20D440005DF8044B70478520704700BFDD4A002000E100E0014B02681A6070474C260020D5
:20D460004FF080434FF46072C3F80423704700BF4FF080434FF46072C3F80823704700BFCA
:20D48000014B00221A6070474C26002010B54FF0804386B0D3F80443620705D5D3F8082115
:20D4A00003F58473002A4ED1A30603D52A4B1A68002A3FD1600603D5284B1A68002A2FD125
:20D4C000210602D5264B1A680ABBE20502D5254B1A6892B9A3050ED5234B1A685AB10022F3
:20D4E0001A601A68214B0592059A1B68022006B0BDE81040184706B010BD00221A601B4A5B
:20D500001B68049301201368049A9847E2E700201860164A1B6803931368039A9847D4E74C
:20D5200000221A60124A1B68029301201368029A9847C5E7002018600D4A1B680193136897
:20D54000019A9847B6E700221A600A4A1B6800931368009A9847A7E714010040180100407E
:20D560001C01004020010040240100404C260020482600204426002008B5FFF787FFBDE800
:20D580000840FFF785BC00BF074B0849084A0020186082B01B680193019BD1F8080513688A
:20D5A000C0B202B0184700BF00D1004000D000405026002070B443791E4C1F4E03EB430585
:20D5C00046F82320655D8DBB90F904308A78002B24DB03F1604303F561435201D2B283F852
:20D5E000002390F90430002B07DB144D03F01F0601225B09B24045F8232003680A88C3F814
:20D60000082543790879C97803EB4303E218012550709170E554002070BC7047084D03F0C6
:20D620000F0352011D44D2B22A76DAE7082070BC704700BF542600205826002000E100E07C
:20D64000FCEC00E00368044A01211960437903EB43030221D15470475426002010B40368F6
:20D660000022C3F8002183B0D3F80031026801930123019CC2F8443311B10268C2F8043370
:20D6800003B05DF8044B70472DE9F041274F284EDFF8A08084B000244FF48035D7F80433FC
:20D6A0002B4211D056F824200023E0B262B1C7F84853C7F8085346F8243056F82430039384
:20D6C000D8F80030039A98470134032C4FEA4505E4D1164BD3F80423D10702D5D3F8002144
:20D6E000C2B9124BD3F80423920710D5D3F804216AB10022C3F80421D3F804210D4B0192FA
:20D70000019A1B68052004B0BDE8F041184704B0BDE8F0810022C3F80021064AD3F80031C9
:20D72000029304201368029A9847DAE700B0004040B1004058260020084B09491B68094A3F
:20D74000A1FB03139B0C916800FB03F09368CB1A23F07F438342F9D3704700BFF0020020BB
:20D7600083DE1B4310E000E030B44C689C4208D2002545600968016093420CD0002030BC71
:20D78000704743600D6805600868E41A18449342C1E90004F2D1201E18BF012030BC70476C
:20D7A00010B4D1E900439A4228BF1A46C0E90042D1E90030801A1344C1E90030003818BFD6
:20D7C00001205DF8044B70474B689A4228BF1A4662B10B68C0E90032D1E90030801A1344BB
:20D7E000C1E90030101E18BF012070471346F1E710B5094B09491A68094C82B00023012089
:20D800008DF804008DF80730ADF8053001A823700B70904702B010BD84270020C53D0020EF
:20D82000C23D0020704700BF00B583B00D4B0E4900228DF80420D3F82025ADF80620D3F84B
:20D84000C0040A4A0968136800280CBF4FF480704FF00120034301A81360884703B05DF805
:20D8600004FB00BF007002408427002060260020F8B54B680B4F934228BF13461D460C4643
:20D8800006461A46096838460DF09BFDC6E90075D4E90030401B2B44C4E90030003818BF91
:20D8A0000120F8BD8C27002070B54B68934228BF13460D461C4606465BB933607460D5E998
:20D8C0000032121B2344C5E90032201E18BF012070BD044B0968184622460DF072FD3060BD
:20D8E000ECE700BF8C27002010B5274BD3F80044C3F8004482B0BFF36F8FBFF34F8FBFF35A
:20D900006F8FBFF34F8FE1050ED5204B20491A68022000238DF80730ADF805308DF80400F6
:20D92000012301A80B709047A2050DD5174B18491A68032000238DF804008DF80730ADF8CA
:20D94000053001A80B70904763051AD5104B1A78BAB10D4C0F48012100221A70C4F8081591
:20D960000160BFF36F8FBFF34F8F084BADF8052004211B688DF807208DF804100DEB010003
:20D98000984702B010BD00BF0070024084270020C23D00205870024070B5394A012613687A
:20D9A00006FA01F423431360030682B0054610D4344B1B681C420AD1334B8DF806000622C3
:20D9C0001B688DF807608DF8042001A8984702B070BD2E4B00F00F0133F8113003F180432C
:20D9E00003F51C331A68DAB100221A60BFF36F8FBFF34F8F264B80281B6822D0082B08BF6F
:20DA0000244B254808BF1A60244B03EB01120026927B0670032A4FEA011029D01B583BB3FF
:20DA2000184B19682140D2D1174B8DF8065006221B688DF807108DF8042001A8984702B097
:20DA400070BD082B08BF134B134908BF1A60144B93F89E200020032A087003D0D3F89030D9
:20DA6000002BDDD16FF001010648FFF7A3F9D7E7012303FA01F1C9430248FFF79BF9CFE725
:20DA8000602600205C26002084270020D41C0200300100101C7C0240C33D0020F42600200C
:20DAA00064260020064B93F900201878002AB4BF0021102100F00F031944FFF76DBF00BF00
:20DAC000C53D00202DE9F04FDFF8F4A2DFF8F882DAF80040D8F80030234089B000F0C6802D
:20DAE00013F0012400F0C58094FAA4F4002C00F0C580B4FA84F70F2F3D461BD8DFF8CCA220
:20DB00004FEA071B0AEB07165AF80B30B289716806A8984767F07F09012302974FFA89F903
:20DB200003FA07F708B94AF80B006FEA070B05F008072CE0A7F11003974A4FF0010BDDB2FB
:20DB40000BFA07FB4FFA83F913F008032C4602EB05166FEA0B0B019340F09880039500226C
:20DB6000019205F594738D4A52F82330B28971683768029306A8B847069A22B1079A029BF7
:20DB8000934200F2DB80019F029400B93060844B1B68082B02D1834B82221A60D8F80020B0
:20DBA000B368079902EA0B020B44C8F800207E4AB360B9F1000F4FF001031370069A73DB3A
:20DBC000002F00F08580754BC3F8A027C3F8A417734B1B68082B4FEA850540F08A80734B3A
:20DBE0001B68002B40F08580B9F1000FB4BF042328231D446E4A6F49029B6F4EDFF8D08151
:20DC0000EDB2B4BF9146894605F1804509EB430905F51C35002701243760BFF36F8FBFF3C1
:20DC20004F8F2C60BFF36F8FBFF34F8F0220FFF783FD3368002BEFD01E20FFF77DFDD8F89F
:20DC400000309A0606D40220FFF776FDD8F800309B06F8D50120FFF76FFDB9F8003003F1C9
:20DC6000804303F51C331B68002BD4D009B0BDE8F08F93FAA3F4002C7FF43BAF1023464EF7
:20DC8000039399464FF0FF3B254668E7434BD3F8C034D9037DD5B28971683468019F02957A
:20DCA00006A80023A04770E7002F61D105EB85039B0003F1804303F51C33AD00C3F8002655
:20DCC000C3F80416364B1B68082B5CD0042311E005EB85039B0003F1804303F51C33AD0036
:20DCE000C3F80027C3F804172D4B1B68082B3FF476AF28232B44DBB203F1804303F51C33A1
:20DD000001221A60BFF36F8FBFF34F8F284B294A2A4913EA290938BF9146029B39F81320CF
:20DD200002F1804202F51C3202E00B68002B9DD11368002BF9D009B0BDE8F08F02245946EA
:20DD4000B4731F48FFF736F81E4B03991B688DF8174006228DF816108DF8142005A8984795
:20DD6000DAF80030D8F8004023407FF4B9AE7DE70A4BC3F8A026C3F8A416094B1B68082B9B
:20DD80004FEA8505A2D1094B1B68002B3FF42CAF9CE70395EAE600BF642600200070024037
:20DDA000300100101C7C0240C33D002034010010D41C0200F41C0200047102400071024075
:20DDC0005C2600208427002060260020F42600207474024038B5214BD3F86C44C3F86C448D
:20DDE000BFF36F8FBFF34F8F1D4B1B68082B28D09CB1012594FAA4F3B3FA83F21146D3B138
:20DE00000F2AA2F1100005FA02F30DDDC0B224EA0304FFF7C1FD002CECD1124B1B787BB900
:20DE2000BDE83840FFF74EBE05FA02F224EA020441F08000EDE720211020FFF7ADFDD9E766
:20DE400038BD094B1B68002BD2D1084A136803F0011123F0011311601C43C9E700700240FD
:20DE600030010010C33D0020340100108827002010B5184B1B68082B82B002D1164B0022C7
:20DE80001A60164B164C93F87E200021032A217005D01B6F6BB1FFF715FE02B010BD1148E1
:20DEA0006FF40001FEF786FF2378002BF3D002B010BD6FF400010B48FEF77CFF0A4B0621D9
:20DEC00007221B688DF80410ADF8062001A89847EAE700BF300100101C7C02406426002055
:20DEE000C33D00205C26002084270020134B1B68082B02D1124B00221A60124B124993F872
:20DF00008E200020032A087002D0D3F8803003B1704700B56FF0807183B00C48FEF74AFF0C
:20DF20000B4B062108221B688DF80410ADF8062001A8984703B05DF804FB00BF30010010C4
:20DF40001C7C024064260020C33D00205C2600208427002000B5184B1B68082B83B002D1DC
:20DF6000164B00221A60164B164993F81E210020032A087005D0D3F8103153B103B05DF868
:20DF800004FB6FF480711048FEF714FF03B05DF804FB6FF480710C48FEF70CFF0B4B0621A2
:20DFA00088221B688DF80410ADF8062001A8984703B05DF804FB00BF300100101C7C024067
:20DFC00064260020C33D00205C260020842700200B4B1B68082B02D10A4B00221A600A4BE5
:20DFE0000A4993F89E200020032A087003D0D3F8903003B1704706486FF00101FEF7DABEBB
:20E00000300100101C7C024064260020C33D00205C2600200B4B1B68082B02D10A4B002223
:20E020001A600A4B0A4993F80E210020032A087003D0D3F8003103B1704706486FF08001D7
:20E04000FEF7B8BE300100101C7C024064260020C33D00205C2600200B4B1B68082B02D1EF
:20E060000A4B00221A600A4B0A4993F8EE200020032A087003D0D3F8E03003B17047064842
:20E080006FF02001FEF796BE300100101C7C024064260020C33D00205C2600200B4B1B6857
:20E0A000082B02D10A4B00221A600A4B0A4993F8FE200020032A087003D0D3F8F03003B1E1
:20E0C000704706486FF04001FEF774BE300100101C7C024064260020C33D00205C260020ED
:20E0E0000B4B1B68082B02D10A4B00221A600A4B0A4993F8AE200020032A087003D0D3F8EC
:20E10000A03003B1704706486FF00201FEF752BE300100101C7C024064260020C33D00202A
:20E120005C2600200B4B1B68082B02D10A4B00221A600A4B0A4993F8BE200020032A087097
:20E1400003D0D3F8B03003B1704706486FF00401FEF730BE300100101C7C0240642600207C
:20E16000C33D00205C2600200B4B1B68082B02D10A4B00221A600A4B0A4993F8CE200020CC
:20E18000032A087003D0D3F8C03003B1704706486FF00801FEF70EBE300100101C7C02404F
:20E1A00064260020C33D00205C2600200B4B1B68082B02D10A4B00221A600A4B0A4993F8F0
:20E1C000DE200020032A087003D0D3F8D03003B1704706486FF01001FEF7ECBD30010010D6
:20E1E0001C7C024064260020C33D00205C26002010B5184B1B68082B82B002D1164B002273
:20E200001A60164B164C93F82E200021032A217005D01B6A6BB1FFF755FC02B010BD114874
:20E220006FF48021FEF7C6FD2378002BF3D002B010BD6FF480210B48FEF7BCFD0A4B062199
:20E2400002221B688DF80410ADF8062001A89847EAE700BF300100101C7C024064260020D6
:20E26000C33D00205C2600208427002010B5184B1B68082B82B002D1164B00221A60164BD0
:20E28000164C93F83E200021032A217005D01B6B6BB1FFF717FC02B010BD11486FF4002178
:20E2A000FEF788FD2378002BF3D002B010BD6FF400210B48FEF77EFD0A4B062103221B6871
:20E2C0008DF80410ADF8062001A89847EAE700BF300100101C7C024064260020C33D0020DD
:20E2E0005C2600208427002010B5174B1B68082B82B002D1154B00221A60154B154C9A7FF9
:20E300000021032A217005D01B696BB1FFF7DAFB02B010BD10486FF40031FEF74BFD23789B
:20E32000002BF3D002B010BD6FF400310A48FEF741FD0A4B062101221B688DF80410ADF8F7
:20E34000062001A89847EAE7300100101C7C024064260020C33D00205C26002084270020EC
:20E3600010B5184B1B68082B82B002D1164B00221A60164B164C93F84E200021032A217022
:20E3800005D01B6C6BB1FFF79DFB02B010BD11486FF48011FEF70EFD2378002BF3D002B070
:20E3A00010BD6FF480110B48FEF704FD0A4B042206211B688DF80410ADF806200DEB0200D0
:20E3C0009847E9E7300100101C7C024064260020C33D00205C2600208427002010B5184B14
:20E3E0001B68082B82B002D1164B00221A60164B164C93F85E200021032A217005D01B6D5D
:20E400006BB1FFF75FFB02B010BD11486FF40011FEF7D0FC2378002BF3D002B010BD6FF418
:20E4200000110B48FEF7C6FC0A4B062105221B688DF80410ADF8062001A89847EAE700BF1F
:20E44000300100101C7C024064260020C33D00205C2600208427002010B5174B1B68082B8D
:20E4600082B002D1154B00221A60154B154C93F86E200021032A217005D01B6E6BB1FFF772
:20E4800021FB02B010BD10486FF48001FEF792FC2378002BF3D002B010BD6FF480010A48E4
:20E4A000FEF788FC094A062312688DF80430ADF8063001A89047EBE7300100101C7C0240EC
:20E4C00064260020C33D00205C260020842700201D490B78002B34D130B41C4C1C4A2060BA
:20E4E00001240C701046194640251C4607E011F0080F00F1100014BF4FF4007540250131DD
:20E50000C9B20929A0F89C5080F89E40C0F89040C0F89840EBD14020002107E013F0080F1E
:20E5200002F1100214BF4FF4007040200133DBB2092B9081917311609160EFD1002030BCB8
:20E5400070470820704700BFC43D002084270020642600200249034A00230B601370704770
:20E5600084270020C43D002038B5604B4FF40062C3F80024BFF36F8FBFF34F8F5C4B1B6829
:20E58000082B62D00D2B11D10020F6F775FA594B1A68002A00F08780574B03221A600020D8
:20E5A000F6F772FA524B1B68082B52D04F4A0123C2F80035BFF36F8FBFF34F8FD2F80034A3
:20E5C0001B05FBD54FF40063C2F80034BFF36F8FBFF34F8F464B1B68082B48D0434A474DF7
:20E5E000474843498024C2F81C45002340F2FF14C2F830352B6004600A68424D424C4349B0
:20E60000082A08BF424A4FF0020008BF13600023374A2B70237008701368082B10D00D2BEA
:20E6200012D10020F6F728FA324B1A68002A42D0314B00221A60BDE838400020F6F724BA6D
:20E64000344B1B68002BECD138BD324B1B68002B9AD10020F6F710FA264B1A68002A3CD005
:20E660002D4BC0221A600020F6F70EFA9EE70020F6F702FA1F4B1A6842B3274B00221A6034
:20E680000020F6F701FA1A4B1B68082BA6D12349234B40F2E370402208601A60BFF36F8F8D
:20E6A000BFF34F8F9AE7144949F2753203201A6008601A6073E7104849F27531196002601D
:20E6C0001960BDE838400020F6F7DEB9124849F27531196002601960D2E70F4949F275327E
:20E6E000C0201A6008601A60BDE700BF007002403001001000EC064014ED06405C2600206D
:20E7000060260020C33D0020C53D0020C43D00201C7C02403401001014EC064000780240D1
:20E7200004780240114B00221A7028B9104B1B68082B13D00F4900E00F49104B104AC3F83E
:20E740000413C02182F82713802151600122C3F80425BFF36F8FBFF34F8F7047094B06491A
:20E760001A68044B002A18BF1946E6E7C23D0020300100100714C0010714E00100700240B1
:20E7800000E100E034010010024B1878003818BF01207047C43D0020034B1878012894BF34
:20E7A00000200120704700BFC43D002010B50020F6F762F9144B1B7803F0FF0453B1134A0B
:20E7C000D2F82C355BB1124B1B680021082BC2F82C150AD00020F6F757F9204610BD1C4607
:20E7E0000020F6F751F9204610BD0A4B1A683AB9094949F27532C0201A6008601A60E9E785
:20E80000054BC0221A60E5E7C23D0020007002403001001000EC064014EC0640024B034A5C
:20E82000C3F80823704700BF0070024004148001024B034AC3F80423704700BF007002408D
:20E8400004148001014B00221A707047C23D0020064B10F0800FA3F1900200F00F0008BF85
:20E86000134603EB00139889704700BFF4260020064A010600F00F034CBFD2F81005D2F860
:20E880001405D84000F00100704700BF007002402DE9F0414FFA80F8B8F1000F00F00F056A
:20E8A00004464FF00000B4BF074610270E46F6F7E3F855B9324B1B78A34206D0102400208F
:20E8C000F6F7E2F82046BDE8F0812E4BDFF8DCC01C68DCF80030E4432F440122A4B202FA72
:20E8E00007F71C433C4025D1B8F1000F29DB264A2649DFF8BC80280105EB450E42F8008075
:20E9000001EB8E0E02EB051896E80700204D1F43802600238EE80700C8E901E3CCF8007002
:20E9200088F80E300020C5F80461F6F7ADF82046BDE8F08111240020F6F7A6F82046BDE8DE
:20E94000F08132681349144802F0604205EB450EB2F1005F01EB051800EB8E0E4FEA051538
:20E9600006D0B268D20754BF0C4A0D4A4A51CBE7B268D00754BF0B4A0B4A4A51C4E700BF0E
:20E98000C53D00206026002064260020743F002000E100E0F4260020083F002071D8000087
:20E9A000A9D80000A1D70000C9D700005C26002069D700002DE9F04147B2002F00F00F0569
:20E9C00004464FF00000B4BF80464FF010080E46F6F752F855B91F4B1B78A34206D0102499
:20E9E0000020F6F751F82046BDE8F0811A4B1B491C680A68E443A8440123A4B203FA08F301
:20EA000014431C401FD11648DFF858E0A0F1900C10EA270738BF674607EB051C2D01CCF8E8
:20EA200008403068785113430B607268CCF8042080238CF80E400020CEF80431F6F724F811
:20EA40002046BDE8F08111240020F6F71DF82046BDE8F081C53D0020602600205C260020FD
:20EA6000F426002000E100E0004870478C270020044B40F48070C3F81805BFF36F8FBFF31C
:20EA80004F8F704700700240010718D4020600F00F0309D40B4A9B001A445068A0F10100BC
:20EAA000B0FA80F040097047074A03F5847352F82300A0F10100B0FA80F0400970470020C3
:20EAC000704700BF4074024000700240064BC3F80C05BFF34F8F40F48070C3F80C05BFF3C9
:20EAE0006F8FBFF34F8F7047007002400F4B002202604260D3F880240270D3F88424427099
:20EB0000D3F88824D3F88C1442EA01224280D3F89024D3F8941442EA01228280D3F8982438
:20EB2000D3F89C3442EA0323C380704700700240104B1B68082B07D00F4B01221A60BFF3AB
:20EB40006F8FBFF34F8F70470C4B1B68002BF3D1EFF3108172B6084B01221A60BFF36F8F6C
:20EB6000BFF34F8F1A60BFF36F8FBFF34F8F81F310887047300100104C7002403401001004
:20EB800010B5164B1B68082B82B002D1144B00221A60144B14499A7B0020032A087015D01E
:20EBA0001C681CB1FFF7C4FF02B010BD6FF480310E48FEF7FFF80E4BADF8064006221B6887
:20EBC0008DF8042001A8984702B010BD6FF480310648FEF7EFF802B010BD00BF30010010C8
:20EBE0001C7C024064260020C33D00205C26002084270020034B01221A60BFF36F8FBFF3B7
:20EC00004F8F704750700240034B01221A60BFF36F8FBFF34F8F704754700240014B187899
:20EC2000704700BFC53D002070B5264B1B68082B044622D00020F5F71FFF14F0800F22488D
:20EC400014BF0022102204F00F050368A91801228A4023EA020314F00804036008D11B4BA8
:20EC600005F5947543F82540BFF36F8FBFF34F8FBDE870400020F5F707BF154B1D68002D78
:20EC8000D8D12846F5F7F8FE14F0800F0E48114E114904F00F0414BF002210222244012321
:20ECA00003FA02F2036823EA0203036040F2C57303EB440434600D6028460B68BDE87040AC
:20ECC000F5F7E2BE3001001060260020007002403401001000780240047802402DE9F04FFD
:20ECE0005C4C5D4EDFF87C81236896F90010D8F800205A4896F80090D0F88054DB439BB20C
:20ED0000002983B043EA020324DB09F00F0A0AF11002012797403B4248D1514F0DF1040808
:20ED200005F080056FF001114E483570FEF742F8236839680022052543F0010340468DF8C4
:20ED40000720ADF805208DF804502360884703B0BDE8F08F09F00F074FF0010A0AFA07FA62
:20ED600013EA0A0FD9D00020F5F786FE19F0080F10D1B9F1800F5ED03B493C4A07F2DA33CC
:20ED80005B000B6013681168DBB243F002030B43136013682368D8F8002062EA030111EAF2
:20EDA0000A0F24D12E4F0DF104081CE00020F5F763FED8F800302E4937EA030001EB0A1BA9
:20EDC0004FEA0A1A33D1226841F80A0023EA070322EA0707C8F8003027600323204F8BF845
:20EDE0000E300DF104080020F5F74EFE98E721498DF806904FEA071C01EB071022EA0A02F8
:20EE0000174FC8F800204FF0000E41F80CE0032206210DF1040843EA0A0382738DF8072009
:20EE20008DF804103A68236040469047DBE74846FFF7FAFED1E70C4B0C4A40F2B471196044
:20EE400013681168DBB243F004030B4313601368A0E700BF60260020C53D002000700240FB
:20EE6000842700205C260020007802400478024064260020F42600202DE9F0417C4BD3F8F0
:20EE80000453002D00F0E0800024DFF804E2A44629460127774A91FAA1F3B3FA83F08600B6
:20EEA000324483B3166807FA00F321EA030136B1C2F800C0BFF36F8FBFF34F8F1C430029FC
:20EEC000E8D16D4B1B68082B29D06C4F04F4000534F4000410D0DFF8BC81012694FAA4F3EE
:20EEE000B3FA83F206FA02F19BB124EA010458F822309847002CF1D13B780BB9FEF7E2FDE4
:20EF00004DB9BDE8F081DEF80020002AC2D07246CEE79847E2E7BDE8F041FFF7DFBE584B02
:20EF2000564F1B68002BD1D13B78002B7ED1A00240F18380534A544BDFF848E1DFF848C1BD
:20EF400040F2A971116019684E4A11F0FF0118BF1B6840F2AA7018BF19404B4B10601A687C
:20EF6000494812F0FF021CBF1B681A40454B40F2AB761E60036813F0FF031CBF00680340EE
:20EF800040F2AC70CEF80000DCF8000001403F480AD0066840F2A9780E430660CEF8008029
:20EFA000CCF80010DCF80010DFF8D8C0364E40F2AD71CCF8001031680A4009D0016840F22B
:20EFC000AA7E41EA02410160CCF800E0326032682C492D4A40F2AE760E60126813400ED00F
:20EFE000D90748BF44F400042649DA06264A40F2AB760E601360136848BF44F001040368D5
:20F0000033F001121CBF05F080710C4313F0011F3FF45CAF6B0544BF026044F4806455E71C
:20F02000174B1C68ECB9154F3B7833B104F4000534F400047FF44FAF62E704F4000534F442
:20F0400000047FF448AF59E70B4B1B68082BE7D00A4B1B78002B7FF454AFBDE8F041FEF7EB
:20F0600031BD064B1B78002B3FF448AF49E700BF007002400071024030010010C33D0020B4
:20F080003401001000780240047802408827002080710240081D020070B5044640B2002801
:20F0A00033DB254B254A04F00F05595D012303FA01F1C2F80413D2F81415E940C90723D4DE
:20F0C000D2F81415AB400B43C2F81435BFF36F8FBFF34F8FC5B1002816DB14F0080613D13C
:20F0E0003046F5F7C9FC2046FFF79EFD144910350B68012202FA05F523EA05030B603046CE
:20F10000BDE87040F5F7C0BC70BD0E4B0B4A04F00F05595D012303FA01F1C2F80413D2F8EB
:20F120001015E940CE07EFD4D2F81015AB400B43C2F81035CAE700BFE81C0200007002409A
:20F140005C260020C81C0200020610B5044609D4030707D4094A00F00F039B001A44536845
:20F16000012B07D0064BC3F81845BFF36F8FBFF34F8F10BDFFF758FDF4E700BF407402403B
:20F18000007002402DE9F04F5C4D5D4E2B6832684FEA134A4FEA0A4A5AEA020A83B01BD056
:20F1A000584FDFF870819AFAAAF4002C00F08180B4FA84FBBBF10F0F30DDABF11003DCB250
:20F1C00013F0080F4FF0010303FA0BFB2AEA0B0A08D0BAF1000FE6D140F2FF132B6003B0DB
:20F1E000BDE8F08F07EB04190020F5F745FC33683BEA03006CD12A68C9F8000023EA0B0321
:20F2000022EA0B0233602A60032389F80E300020F5F73AFCBAF1000FC5D1DDE71BF008006A
:20F220004CD14BF08009F5F727FCB9F1800F0BF00F0351D0344803F2DA3149000160D8F881
:20F240000010D8F80000C9B241F002010143C8F80010D8F80010D5F800C03068012460EA97
:20F260000C0E04FA03F11EEA010F1DD0274A8DF8069020EA01004FEA031E306002EB0313F9
:20F28000224800224CEA01014FF0030C40F80E2083F80EC01E4B8DF807C006221B688DF8C8
:20F2A000042001A82960984704FA0BFB2AEA0B0AADE7B9464FF4803B102495E7012303FA8A
:20F2C0000BFB2AEA0B0ABAF1000F7FF46CAF83E72046FFF7A9FC97E70B4940F2B4700860BC
:20F2E000D8F80010D8F80000C9B241F004010143C8F80010D8F80010ADE700BF60260020C0
:20F300005C2600206426002000780240F4260020842700200478024008B5FFF733FF0A4BEA
:20F320000022C3F80425BFF36F8FBFF34F8F074A8021C2F88410BFF34F8FBFF36F8F4FF0C8
:20F34000FF32C3F8082308BD0070024000E100E0044B8022C3F884215B681B0600D470479E
:20F36000FFF7DABF00E100E008B5114B8022C3F884215B681B0618D40E4B0022D3F80413F5
:20F38000C3F80813C3F80025BFF36F8FBFF34F8F094B0A491B68082B04BF094B1A60094B35
:20F3A0000020012208701A7008BDFFF7B5FFE3E700E100E00070024030010010C33D0020FB
:20F3C0001C7C0240C43D002010B50020F5F754FB104B1B782BB900240020F5F755FB20465A
:20F3E00010BD03F0FF04FFF7CDFE0B4AD2F8003413F40073EFD10121C2F82C15D2F8001401
:20F40000890544BF1C46C2F82C350020F5F73CFB204610BDC23D002000700240F0B50446A8
:20F4200083B00020F5F728FB22061ED4364E3748326804F00F0101F110050123AB400F0189
:20F4400000EB011533EA02014CD1314CC151216822EA030221EA0303326023600323AB73DB
:20F460000020F5F711FB03B0F0BD230704F00F020FD4802C3AD02748274902F2DA335B0011
:20F4800003600B680868DBB243F0020303430B600B681F4D1C4E29683068012360EA0107C8
:20F4A00093401F42DCD01D4F8DF806404FEA021C20EA030007EB02123060194C002047F877
:20F4C0000C000B430620032191738DF8071022688DF8040001A82B6090470020F5F7D4FAF0
:20F4E00003B0F0BD2046FFF79FFBB7E7094B0A4940F2B47018600B680868DBB243F00403F9
:20F5000003430B600B68C4E75C26002064260020602600200078024004780240F426002078
:20F52000842700202DE9F04146B282B004460020F5F7A2FA002E3CDB4C484D49026804F0D0
:20F540000F0707F110050123AB4033EA020C3D464FEA071E01EB071876D1464C41F80EC082
:20F56000216822EA030221EA030302602360032388F80E300020F5F787FA3F490122D1F816
:20F580001435BA4023EA0203C1F81435BFF36F8FBFF34F8F394B3A4A374912EA260238BF31
:20F5A0001A460123525D9340C1F8083302B0BDE8F08104F00F0C230765460FD4802C47D0FF
:20F5C0003049314A0CF2DA335B000B6013681168DBB243F002030B4313601368DFF894E026
:20F5E0002248DEF800200168012361EA020703FA0CF31F4226D0254F8DF806404FEA0C18DB
:20F6000021EA0301224C016007EB0C1C002147F80810062003211A438CF80E108DF8071095
:20F620008DF804002168CEF8002001A8DC4388470020F5F729FA104AD2F810352340C2F886
:20F640001035A3E7DC43F3E72046FFF7EDFA8EE70C4B0D4A40F2B471196013681168DBB22B
:20F6600043F004030B4313601368B7E75C260020642600206026002000700240E81C0200CC
:20F68000C81C02000078024004780240F42600208427002010B5074C236882B03BB1064BF5
:20F6A0001B6898470023236023680193019B02B010BD00BF00010140CC27002070B5114B73
:20F6C000114A1D781160DDB9104E027801211970C6F80C25416804464FF47A720023C803B1
:20F6E000490C0BF0ABFCC6F80405237A084A5B01DBB282F810334FF480331360284670BDB3
:20F70000082070BDC73D0020CC2700200000014000E100E0044B054901220220C3F8042397
:20F720001A600870704700BF00000140C73D002010B504460020F5F79FF90E4A1378072B34
:20F7400011D80D492370581C1070D1F80805012202FA03F30343C1F8083500240020F5F78C
:20F7600093F9204610BD04240020F5F78DF9204610BD00BFC63D002000000140034B044A1E
:20F7800000F5C07043F82020704700BF000001403546526E2DE9F0410E4A0F4B16781F88A9
:20F7A000F419802C03DD00242046BDE8F081DFF830803246414605460BF003FE074B1B785E
:20F7C00033443A46A81958FA83F10BF0FAFD2046BDE8F081C83D00208A3D00208C3D002048
:20F7E000D027002070B4134B134D144A2C781B781288234452FA83F39BB21A18802A15DC9E
:20F80000013B1BB2002B0CDB0D4A591C1E1811443244013B11F8016D02F801691BB25E1CA2
:20F82000F7D120442870012070BC7047002070BC704700BF8C3D0020C83D00208A3D002049
:20F84000D0270020084A138883420BDB10B407490C8880B21B1A20440880138001205DF8F5
:20F86000044B7047002070478A3D00208C3D0020014B1880704700BF8A3D0020044A054BFC
:20F8800012781B780448134450FA83F0704700BF8C3D0020C83D0020D02700200048704751
:20F8A000D0270020014B1888704700BF8A3D00200549064A064B127808781B88104453FAAB
:20F8C00080F080B2704700BFC83D00208C3D00208A3D002010B50A4B0A4C0B4900222046CF
:20F8E0001A605A609A60DA601A615A61FAF784F904F108000449BDE81040FAF77DB900BFD7
:20F90000F03F0020E03F0020981B020004480549054A002303800B801370FFF7DBBF00BFB8
:20F920008C3D00208A3D0020C83D002070B5802982B00B4A0B4D0C4E01900C464FF00003A6
:20F9400028BF8024137033802B80FFF7C3FF0199064822460BF035FD20462C8002B070BD15
:20F96000C83D00208A3D00208C3D0020D0270020F0B40C4B0C4A1C685D689F68DE68C6606E
:20F980000460456087601C695D694561046154689068D36812680A604C608860F0BCCB60E3
:20F9A000704700BFF03F0020E03F002070B40C4B026844688568C668DE601A605C609D6026
:20F9C000026944695C611A61064B0C6848688A68C968D9601C6058609A6070BC704700BF36
:20F9E000F03F0020E03F0020014B23F810107047F03F0020014B33F810007047F03F00205F
:20FA0000024B0C3803EBC000FAF7F6B8E03F0020024B0C3803EBC000704700BFE03F0020D5
:20FA200001490248FAF7EEB8981B0200E83F002008B5F9F723FFBDE80840F9F7A3BF00BFD2
:20FA400008B5F5F72FF9002000F022FA05F09CFC02F096FD08F07EFA02F092FD08F0E4F9D1
:20FA60004FF08052064BD2F8A800D2F8A4205A604CF6F4613622D87019809A7008BD00BF0C
:20FA8000FC3E00200148002100F0C2B8BC02002010B5F9F7FBFE0446BFF35F8F00F032F9A7
:20FAA00000B930BFBFF35F8F2046BDE81040F9F7F1BE00BF0AB90020704708B50846114649
:20FAC000F7F70AFF002008BD0FB400B583B004AA054852F8041B019204F068F903B05DF84B
:20FAE00004EB04B0704700BF34020020F8B5254D2A688242044642D0002A33D0134601E05F
:20FB0000002B2FD01B689C42FAD15BB31E4EA37B376853B1A36843B18C4206D000223460FB
:20FB2000832104F10C0098472A6894421BD02AB11368A3421DD01A46002AF9D1A37B83B120
:20FB40002D680023A37365B1AB7B13F0010F284622464FF0870101D000F018F82D68002D58
:20FB6000F2D13760F8BD23682B60A37B002BE7D1F7E723681360A37B002BE1D1F1E7134657
:20FB8000C3E700BF084000200C4000208368BBB170B504460B4E0220A073346004F10C003F
:20FBA0000D4698470238012804D9832D02D00123A37370BD21462046BDE87040FFF796BF7D
:20FBC000704700BF0C40002038B50B4A0B4B146800221A707CB1012501E024685CB1E37B58
:20FBE000002BFAD0E581204600228221FFF7CEFF2468002CF3D138BD08400020CC3D0020BA
:20FC0000024B1878421C1A70704700BFCA3D002070B50E4D2C68844207D00A4634B1234633
:20FC200000E01BB11B689842FBD170BD0028FCD0074E04600121002334688173838181219A
:20FC40002860FFF7A3FF346070BD00BF084000200C400020014B8A221A707047CA3D0020D0
:20FC60002DE9F041224D2B78F3B9224E3378BBB12148224C027802EB420704EB87010132C7
:20FC800002F01F02013B0270486854F827800F7ADBB2337058B1812F1ED0827BD2071DD4D9
:20FCA00028781844BDE8F081FFF78EFFDDE7144A14685CB9F4E7A37B13F0010F2046424602
:20FCC000394601D0FFF762FF24685CB12B78002BF1D0FFF779FFEEE70123837342463946F1
:20FCE000FFF754FF337828781844BDE8F08100BFCC3D0020CB3D0020C93D00205028002030
:20FD000008400020024A034B10781B7818447047CB3D0020CC3D002070B40D4D2C78202CF4
:20FD200012D00C4B0C4E1B78234403F01F0303EB430301342C7006EB830446F82320606063
:20FD40002172002070BC7047012070BC704700BFCB3D0020C93D00205028002038B5837B79
:20FD6000034CDB07256801D5FFF710FF256038BD0C40002018B1837B013B012B00D9704745
:20FD8000024A01231370C373704700BFCC3D0020F7F794BD10B504460BF055FB0146204655
:20FDA000F7F79AFDBDE810400A20F7F787BD00BF08B50448FAF776F8BDE808400248FAF71E
:20FDC00071B800BF480200203C0200200148FAF7C1B800BF3C02002038B50E48FAF774F803
:20FDE000044678B10C48FAF76FF80546206058B1FFF7D0FC05F19A01A5F8800005F1820028
:20FE0000FFF7B6FD204638BD214602482C46FAF777F8F7E73C02002048020020006800F15C
:20FE20009A018230FFF7A4BD10B5014604460748FAF782F800B910BD21680548FAF760F869
:20FE400021460248BDE81040FAF75AB83C0200204802002010B5014604460948FAF76CF835
:20FE600000B910BD2468B4F880102046FFF75EFD04F19A0104F18200BDE81040FFF796BD38
:20FE80003C02002008B508F0D1FE80B208BD00BF0F4B0121002219601946C3F80021D1F8AF
:20FEA0000031002BFBD0D1F80805094A0023C0B2C1F80031D2F80031002BFBD0D2F808159B
:20FEC000012340EA012080B2536008F081BE00BF00D0004010B4427983790479D31A34EAC5
:20FEE00003030AD003689954437902790133134043715DF8044B0120704700205DF8044B18
:20FF0000704700BF10B4817942790479521A224208D003464A1C00682240405C9A715DF858
:20FF2000044B70474FF0FF30F9E700BF38B505460C4605F0F7FB8DB10F4B2868696803C37E
:20FF4000ACB121460D4B51F8080F496803C3BDE8384009480122002105F0D6BC0346064DD9
:20FF600059689A680068DB680FC5002CE9D10449014805F00BFEEAE7502F0020582F0020AE
:20FF80000443002010B5044C237803B110BDFFF7CDFF0123237010BDCD3D002010B51D4C2B
:20FFA000217882B031B31C4B002403F1540193F820201AB193F82120012A15D01C338B4230
:20FFC000F5D1204605F008FC04B9F8B102F0F6F84023024621460020009300F081FB00F095
:20FFE00029FA002002B010BD1A7CFE2A08D003F11004E3E70846FFF799FF01232370D2E78B
:020000040001F9
:200000005A7C802ADAD003F11004D7E74FF0FF30E8E700BFCD3D002088410020054B187BFE
:2000200030B1B3F84E00DB8AC01AB0FA80F04009704700BF104000202DE9F0471A4CDFF8D4
:200040006C809DF82490164607460D4620464FF4B07200219A460BF0DCF9B8F82030B342DE
:2000600005D108994A46504602F0F8F810B90020BDE8F08701264FF0FF33F0214FF2F00220
:200080006773E1732673E364A4F85030A4F85820C4F8088028686968AA68EB681C340FC4F5
:2000A0003046BDE8F08700BF1040002084020020437D012B01D900207047F0B590F851209E
:2000C00090F8503083B0CDE900320446028A00F13C032146007EFFF7AFFF48B3164B226A86
:2000E000607D617FE58B5A610022666D1976618B5D83257F83F85C20A77D83F854709873BF
:20010000207D83F85300E07D1982996883F855201E609D7483F852000B689847074801F09D
:20012000CBFD01F0FBFE01F031FF012003B0F0BD002003B0F0BD00BF104000206C1D020031
:2001400008B5FFF76BFF084B08B983F85C009B681B68984701F0D6FB044801F0ADFDBDE8E4
:20016000084001F06DBF00BF10400020741D02000A4B93F9521093F85220002902F10102F9
:20018000B4BFD2B202F07F02197B83F85220F022DA7301B97047FFF7D3BF00BF10400020ED
:2001A0002DE9F0414C4D05F16400B5F84E40F7F753FB95F85C30032B5BD0FFF72FFF804632
:2001C00020B1AB68BDE8F041DB6918476F6C434E01F0C0FB01F072FB686C01F0EDFA034657
:2001E0003068A5F84E30FBF71FFF0446002836D1002F55D0B5F84E30B5F84C209A4201D975
:20020000A5F84C30B5F850304FF6FF7293420AD0B5F84E10914206D0CB1A002BB8BF5B425B
:20022000B3F5007F3FDC95F85B30002BC9D06B6C002B3ED0002F46D001F074FD002385F849
:200240005B30AB68BDE8F041DB69184723681BB321463068FBF7B4FE04460028C8D020461B
:2002600001F0AAFAB5F84E308342EFD8C4F80080EEE7002001F022FB4FF6FF739C42A5F8C1
:200280004E309ED0164801F017FD01F07FFEAB68BDE8F041DB691847F4F7B0FD2060D7E73F
:2002A000B5F84E30ACE70F48A5F8501001F004FDB9E70B4885F85C3001F0FEFC01F08EFCD8
:2002C00001F064FEBAE70123074885F85C3001F0F3FC01F047FEAFE710400020A8020020C8
:2002E000841D0200941D0200AC1D020030B4084D2B7B53B1044630B11C350FCD2060616061
:20030000A260E360012030BC7047184630BC70471040002010B5FFF781FE134C78B994F90C
:20032000582094F85830002A03F10103B4BFDBB203F07F03002084F8583001F08DF8F9F710
:2003400029FC01F0DFFA06F0C5F801F057FE94F841305B0602D40023237310BD034801F0BF
:2003600067FF0023237310BD104000203C400020024B032283F85C2001F062BE104000209B
:2003800008B50F4B1A7B8AB19A6C511C0ED082420DD9101AB0F5967F986407D2586C28B125
:2003A00001F016FABDE8084000F0F2BE08BD00210322996483F85C20BDE8084001F040BED4
:2003C0001040002010B5084C237B5BB194F840200146D20804F11C000AF0E5FFB0FA80F0D4
:2003E000400910BD184610BD1040002008B5FFF715FE18B1BDE80840FFF7BABE08BD00BFDE
:20040000024B1B7B03B97047FFF79ABE10400020074B9A7B187B1AB9003818BF0120704714
:2004200028B193F85C00012894BF00200120704710400020024B1B7B03B97047FFF7B0BE5E
:20044000104000202DE9F041614D2A7B06460C462AB16A7B237E9A4209D0BDE8F081FFF7D2
:20046000DDFD98B12B7B002BF3D1BDE8F0815948102221460AF097FF0028EED1628AEB8A9C
:200480009A4209D2BDE8F041FFF78ABE2046FFF70FFE0028E6D1E0E7E17D95F8520001F054
:2004A0006FFE628A002840D14FF6FF739A4204D095F85730013385F8573095F85210E07DAB
:2004C00001F05EFE48B1B5F84E20EB8A9A4257D0FFF7A4FD074600286BD0224601213046FC
:2004E00000F03AFEE8B1304601F026FA0746002843D090F80680304601F01EFA002849D05E
:20050000638A8380637E8371AB6CABB96B8BAA7BC3EB03135B01AB641AB117B16B6C9F4206
:2005200017D02B7B002B98D0ACE7EB8A9A42F8D1294801F0C1FBF4E7002FF2D06B6C9F424C
:20054000EFD16B8BAA7BC3EB03135B01AB64002AE7D0607E414601F013FE0028E1D095F9E2
:200560000F20EB7B002A03F10103B4BFDBB203F07F03EB7301F0D6FBD3E74FF0F008BAE79D
:20058000E37D85F85230FFF749FD0028A5D0FFF7EFFDA2E7304604F0E7FF0028C1D00F4B55
:2005A0000146012218682346FBF7CCFD0028A7D1B7E701F023FD384601F080F92046FFF79A
:2005C00077FD2B7B002B88D0FFF7BAFD85E700BF104000202C400020B81D0200A802002009
:2005E00011B1084801F068BB10B50A460321044600F0B2FD20B12046BDE8104000F0E4BDF6
:2006000010BD00BFD41D020038B591F823300C460546BBB1FF2B1BBF0D4A508B4FF0FF33E2
:2006200043430A460020294605F0B8FE18B194F92530002B00DB38BD218C2846BDE83840CC
:2006400001F090BB0A461846294605F08DFEEEE71040002070B5154D0E4695F85910044661
:2006600001F08EFD08B185F8594095F85830A34200D070BD95F85C30012B76B207D001F003
:2006800095FB002EF5DA032385F85C3070BD002E02DA01F08BFBF6E70223054885F85C3098
:2006A00001F00AFBBDE8704001F080BB10400020E41D020070B50E461C4605463AB924B162
:2006C0001DB1064BAE801B7B23B9012070BD01F00DFBF4E7FFF764FD012070BD1040002024
:2006E0002DE9F047284C82B094F80CC09DF828A00546174699460E46BCF1000F0AD01022AF
:2007000004F11C000AF04FFE80B34FF0F008FFF701FE01E04FF0F0083B463146CDE9009AC2
:2007200028460122FFF788FC184F194884F852800023012140F608421E263C25A173228276
:2007400080214FF0FF32A37484F85330A4F854300223676126766583A4F84E10A26484F865
:200760005C3002B0BDE8F04701F0A6BA94F9523094F85280002B08F10108B4BF5FFA88F828
:2007800008F07F08C3E700BF1040002000048000F01D020002484FF4B07200210AF039BEAD
:2007A00010400020144A907918B992F82A10632901D00120704792F82910C1B992F82B3076
:2007C000042B15D10D4B187B88B110B45C7B92F82D00A0420ED1B3F84E1082F82D000B0A08
:2007E00043EA0123D38501205DF8044B70477047084670470846F7E70C430020104000200D
:2008000070B5174A0546118816482B2207F0B4F904461548FFF7D6FD08B9002070BD134945
:20082000002005F061FD10490646002005F05CFD14B1A278032A06D00028EED0002EECD080
:200840004369B342E9D1084C0FCC002148F2FE002880AA60EB606980A980E980012070BDEF
:20086000F84200200C430020244300202C4000202DE9F0432C4B2D48198885B02B2207F04D
:200880007BF9044610B18378032B03D0002005B0BDE8F083C278002A41D043784179067987
:2008A0000133DB00DBB2A3EB111306F00F052B443609183BC6F1100193FBF1F30133DBB2E4
:2008C0009A42E3D8194F9B1ADBB201FB03F1C31B01F1080C1033012A18BF354663445B1B26
:2008E000B3F5A06FD2D807F118030FCBE84688E80F0004EB0C06C5F1100905F118003146A8
:200900004A4638440AF05DFD4A4608EB050130460AF057FDE378013BE3700120B7E7012060
:2009200005B0BDE8F08300BFF84200200C4300204378002B3AD12DE9F041425A40F26343B6
:200940009A4200EB01042ED1194D2B7B5BB36A7BE3789A4227D1A3789A0624D4A288154963
:20096000170A0C20DE09D1F8008047EA0227FFF74FF801464046FBF785FBB5F84E10A578FC
:20098000BFB2B94294BF002101218E42C5F380131CBF45F04005A57086EA01023946BDE839
:2009A000F041FFF787BE0020BDE8F0810020704710400020A80200202DE9F0432B4E2C4F47
:2009C000318883B038460DF10702012307F07AF8002842D09DF80730062B3ED0044607F192
:2009E0000609B84614E013B9A378632B16D03188E31BC91A204689B200230DF1070207F03F
:200A000061F8044648B39DF80730062B814624D0112B22D03A2B20D02B2BE4D1237889F8D6
:200A2000003065780135ED00684207F017F8C0B13188283989B2404607F03AF83288E31BA9
:200A40009A420EDDD21A611920460AF0C8FC99F800308DF80730062BDAD1012003B0BDE873
:200A6000F083002003B0BDE8F08300BFF84200200C4300202DE9F04FA34E337B89B063B34D
:200A8000A24C228B48F2FE039A4226D0237EFF2B23D0FFF7C3FA054688B904F1080004F0C0
:200AA0009BFE28B19A4BE27993F806319A4219D0FFF778FE0546284609B0BDE8F08F04F106
:200AC0001809FFF779FF4846FFF77CFC28B14946002005F009FC804688BB0125284609B0B3
:200AE000BDE8F08F8B4F3A88B2F59F6FF6D8283A04F1280104F130000AF071FCB6F84E208B
:200B0000A179767B84F82950130A43EA022340F26342E385628584F82C5084F82810A5717E
:200B2000082084F82D6006F099FF3988283989B2204606F0BDFFFFF735FE0546CEE706F161
:200B40001C01002005F0D0FB0190002848D04946002005F0E3FB002842D0D8F814100029EE
:200B600000F0C480019B8B4200F0C7806A4BCDF80C809B6902934FF0000B0F270DF1100A6A
:200B80008846029B414650469847DFF898C139466046D6465246002312F8015B10F8016FE4
:200BA000AE4202D10133102BF6D19F420CDAD8F814800BF10103DBB2B8F1000F15D0019A4C
:200BC000424512D09B46DCE700271EF8013B1CF8012F9A4206D10137102FF6D13946E6E70E
:200BE00000257BE73946FFB2E1E7C1F11006C7F1180A16FB0BAA5FFA8AFB1AF0070A1FBF37
:200C0000CAF1080A5FFA8AFAD3445FFA8BFBDDF80C801D465B463F4A02931288D118B1F588
:200C2000A06FDDDC3D490888283021185844283A204403910AF0D3FB03995A4608460021DC
:200C40000AF0E7FBA279029B84F828202B22A271B3F1080248BF03F1FF32D210304B2E492E
:200C600084F82920ABEB0A024FEA0A1A84F82B5084F82DA0D5180DF1100A8B69029307EBF0
:200C800007120320574484F82A0084F82C204446DDF80480CDF804B0D346BA461F4662696A
:200CA000904521465846A5EB060508D0B8473246514628460AF085FB6469002CEFD1DA4618
:200CC000029BDDF804B02146504698479AE80F0089E80F00584606F0C1FE0E4B0B48198861
:200CE000283989B206F0E4FE0125F7E608230D468A469B460F2701268DE7082300259B464C
:200D0000AA460F27012686E7104000200C43002088410020F8420020141E0200943D0020D2
:200D2000344300202343002008B50C4A137B43B10B4B0C491B88527B2C3358185B5C9A4284
:200D400003D0BDE8084006F06FBEC1788078FFF781FCBDE8084006F067BE00BF10400020D5
:200D6000943D00200C4300202DE9F0418EB02622002104A80AF04DFB434B444C1F88444BE3
:200D8000217B07F12C02D618D25C8DF8322011B1617B914204D006F047FE0EB0BDE8F0814A
:200DA0003C4A083315880FCB2C3DED1BADB20027E846032D88E80F00CDE90477CDE90677C3
:200DC000E9D97378217EF2788DF835305B068DF83310ADF8302046D40424AC424FDA0027D5
:200DE00020E0621CAA42D6DA3219507802300444AC42D0DC052B21D10328CCDD7318DA78DF
:200E00008DF834200732D210131D8342C3D10431314408A8CDE90877CDE90A770AF0D1FACA
:200E2000AC422CDA335D2146002BDAD10134A542F6DA06F0F9FD0EB0BDE8F081062BEFD154
:200E40000528A8DD731813285B798DF83330E7DD0631731870589A685968DB680DF1100CF0
:200E6000ACE80F00DCE7132D95D904F11C001022311D0AF098FA00288DD11424ADE704A942
:200E80004046FFF7C1FB86E7943D0020104000200C430020F84200202DE9F0439DB05C226F
:200EA000002105A80AF0B5FA9B4B9C4F9C4A1D889C4B0C9307F1080314880FCB2C3C641B79
:200EC000A4B201AE86E80F004FF0010C964BADF824C040F60842172CADF82E200D9304D8A8
:200EE00006F0A2FD1DB0BDE8F08305F12C03DD19AE4695F8038095F802905EF8080F95F840
:200F000004C0DB5DDEF80410DEF808208DF82C3048EA0927DEF80C30ADF826702CF07F0EB4
:200F2000CCF3C2078DF828E08DF8297095F8018095F805E08DF82B800CF0070C05AF182CC7
:200F40008DF82AC08DF82DE00FC700F0E08018216B5C002BC4D04A1CA242C1DA6A1850787C
:200F600002304718A742BBDC023B062BB8D80FF2080C5CF823F000BF9F1001004510010021
:200F8000E90F0100E10E0100E10E0100E10E0100950F01002028A3D193788DF86430802B58
:200FA0009ED892F809C0D37892F80880D07A8DF8653010316B184FEA0C4C92F80AE09A68DC
:200FC0004CEA086C4CEA000C68585968DB684CEA0E2C0DF1500ECDF860C0AEE80F00A74222
:200FE00080F295803946B3E710287FF479AF294492F807C08B7A91F8069091F8088091F802
:201000000EE0D17A507A41EA0321D37BADF824104CEA092C40EA08205179ADF834C0ADF892
:20102000360092F803C01079527B8DF82EC043EA0E23ADF832308DF82F008DF830108DF801
:201040003120CCE707287FF74BAF05EB010C53799CF804E092F802C092F807808DF84CC0BE
:201060001B0443EA0E6392F806E0D2788DF84D200CF1070243EA0803D21043EA0E2302F196
:20108000070E86451293BFF62BAFBCF1800F3FF627AF083129440EA80AF093F99FE7052860
:2010A0007FF71EAF137992F803E092F802C08DF868C0D90941EA4E018DF86910C3F3011ECC
:2010C00051798DF86AE003F00F038DF86B308DF86C10BCF1000F82D0BCF1070F0DD0BCF1F6
:2010E000020F7FF4FDAE07287FF7FAAE9179D3798DF86E108DF86F3071E707287FF7F0AE5C
:201100009179D37943EA0123ADF86E3067E705A93046FFF797F9E3E6943D00200C430020C4
:20112000F8420020001E3C000004800008B5084B1B7B4BB10748017EA1F1FF01B1FA81F158
:2011400008304909FFF74CFABDE8084006F06CBC104000200C430020F0B583B00E46174656
:20116000054604F0DBF9044610B1204603B0F0BD0C20FEF74DFC22460146CDE900672846E7
:20118000012304F069F90446204603B0F0BD00BF70B50446FFF74EF9084B094D19880948BF
:2011A0002C314B1900225A70944218BF20464A550223BDE870409B2104F0D8BE943D00201F
:2011C0000C430020704100202DE9F04F8BB00646FFF730F900F068FF10B1002E00F02C81F1
:2011E000974B984A1B88984D2C339C18697B995495F85230637000F057FF002867D0FF2316
:20120000194695F85320914F95F854C0A170002AE3700FCF95F80E80A0600CF0070C14BF85
:201220006FF07F0E4FF0000E4CEAC8074EEA070700202771EF7BE160226163616771A07197
:20124000E07100F031FF002846D12B78002B43D06978A878A376CA0142EA0012E878490829
:201260000243E17602200621072B22772076617600F0DB80022B40F0DF80A879EA796377EC
:201280002021A077E27727234FF0290809932823CDE907384FF02B092A23CDE905394FF014
:2012A0002F0A2E23CDE9033A2D222C23CDE9013222238B464FF0260C4FF030084FF0250EBA
:2012C0004FF024094FF0230A0093212726E0B5F84E30190ADBB294E71F230993212220239B
:2012E000CDE90732232022232727CDE905302623CDE903374FF0250E2423CDE9013E18211E
:201300001A238B464FF01E0C4FF028084FF01D0E4FF01C094FF01B0A00931927042060540A
:201320000098AA8AEB8A0E21E1554FF000072754297C099F04F80A10687CA97C04F80900D5
:201340004FEA122A04F80E1004F80CA0E255079AA968059F95F840C0180AA054089A287EDE
:20136000A3540A8C6B8B4FEA122E04F807E0069FE255019A4FF00007A754029AA054039AA9
:20138000190AA154049AA354BCF1000F0FD100F08BFE18B92E4B002E08BF1E4643463046E9
:2013A00001229B210BB0BDE8F04F04F0DFBDD5F83CE095F841A0DFF89C90082504F8085044
:2013C00004EB0B05B9E80F0085F812C04FF01E0C85F811C04FEA1E6C85F814C085F818C0EF
:2013E000CEF3074C85F815C085F819C00BF12009CEF3072C5FFA8EFE85F816C085F81AC089
:2014000085F813A085F817E085F81BE00BF11C0C04EB0905002744F80C700BF1300844F840
:2014200009006960AA60EB60B1E7EB8860771A0A2021E377A27726E70BB0BDE8F08F00BF20
:20144000943D00200C430020104000202C400020704100203C4000202DE9F041074600F03F
:20146000ADFE304C8046606C00F0B2F90646FEF7E1FF237B002B52D0636C002B4FD0B8F14A
:20148000000F4CD0002E4AD0A37B002B47D0264B264A1B88617B94F858C02C339D18002F32
:2014A00099540CBF002380236B7005200023122180221C342871697185F803C0EA71AB703D
:2014C000AB7103CCD8F800C0D8F80420D8F808E0D8F80C80C5F808C0EA604FF0060C142233
:2014E0006A76C5F81E00C5F82210C5F81480C5F810E0AB76EB762B776F7785F818C056F897
:20150000083FA4F108007468C5F826300222C5F82A402E23BDE8F0419B2104F027BDBDE84D
:20152000F08100BF10400020943D00200C430020F0B583B00E4615460190FEF77BFF0A4BCF
:201540000A4A1B880A490198497B2C339C1899540027042303229B21A670E570677003B0C0
:20156000BDE8F04004F002BD943D00200C4300201040002008B5074804F04AFC064804F08B
:2015800047FC064804F044FCBDE80840044804F03FBC00BF780200206C02002060020020F5
:2015A00054020020704700BF014B00221A7070471040002008B500F017F908B1808808BDDD
:2015C0004FF6FF7008BD00BFB0B138B50446858800F00AF968B183884FF6FE722B4493421E
:2015E00007D8204600F000F948B18088284480B238BD4FF6FF7038BD4FF6FF7070474FF6D0
:20160000FF70F3E770B50646FFF7DEFF0B4B0446586CFFF7D9FF336804F1BF05044623B991
:20162000A542B4BF0020012070BDF3F7E7FB3368C01AB0F5963FF3D9002070BD104000209E
:2016400088B138B5094B0446DD8AFFF7BDFFA2884FF6FF7153198B4228BF0B46984238BF8C
:20166000184680B238BD4FF6FF7070471040002008B500F0B9F828B18088B0F5007F8CBF5C
:201680000020012008BD00BF10B50446FFF79CFF034620461C4600F0A7F840B18388B3F5A1
:2016A000007F05D8B4F5004F8CBF0020012010BD002010BD70B50E46F0B10446FFF7E4FF53
:2016C0000546AEB13046FFF7DFFF88B1DDB1164D6B6CA34220D09E4217D02046FFF774FFAA
:2016E00005463046FFF770FF85420CD2204670BD002DFBD1002070BD0029FBD00846FFF70E
:20170000C3FF0028F6D0304670BD2046FFF77AFF0028E2D03046F7E73046FFF773FF00286D
:20172000E4D16B6CD7E700BF1040002010B500F03BF828B1044B9B68BDE810405B69184705
:201740004FF6FF7010BD00BF1040002070B5044608460D46FFF7EAFF06462046FFF7E6FF5D
:2017600086428CBF2846204670BD00BF08B50C4BD3F82821824204BF0022C3F82821D3F8F6
:201780000421824204BF0022C3F80421054B01461868FAF745FDBDE8084000F051BC00BFA8
:2017A00010400020A8020020024B01461868FAF769BC00BFA802002020B1044B9B685B6955
:2017C00003B118474FF6FF70704700BF1040002008B5044B01461868FAF786FDBDE8084028
:2017E00003F0BCBEA802002008B5044B01461868FAF77AFDBDE80840F8F7FEB8A80200201B
:201800002DE9F041274C237B82B000274BB3264D80462868FAF708FC014610B34FF6FF7697
:20182000A3685B690846B3B101919847B0420199034610D0E28A82420DD8B4F814C008461E
:20184000BCF1000F11D0B4F84C206244B24228BF3246934209DD2868FAF7B2FB0146002882
:20186000DED1384602B0BDE8F081A3680191DB68984701990028EED0B8F1000F07D1A36899
:20188000019138469B69984701990746E3E708460191FFF7A9FFF8F7B5F801990028EED109
:2018A000D9E700BF10400020A802002008B5FFF79BFFBDE80840F8F7A5B800BF70B50F4DA9
:2018C000696C814219D00E4E04463068FAF7F0FC21463068FAF7D2FC686CFFF779FF03F079
:2018E00083FE03F063FE2046FFF772FF002103F091FE01236C6485F85B3070BD104000200A
:20190000A802002038B50B4D0020FFF7D7FF2868FAF78AFB50B104462046FFF727FF214692
:201920002868FAF74DFB04460028F5D1BDE83840FEF780BDA802002008B503F0EFFD03F0FE
:20194000E7FD034B01461868BDE80840FAF79ABBA802002038B5FEF761FBF8B90546FFF761
:201960004FFF0446D0B1FFF73FFFF8F74BF868B90E4DD5F82831A3B16B6CA34209D001203C
:20198000FFF73EFF38B10446204638BD074BC3F82851204638BD6B6C002BFAD1002420464E
:2019A00038BDC5F8284100F0C1FAE5E710400020024B03491868FAF7E1BA00BFA8020020F7
:2019C0006D17010030B5134D134995F8553080249C40A1FB043483B0A3092B66FEF752FACA
:2019E0000E4A0F4912682B6E0092E40904FB00F0A1FB002104EBD1315A1A2A660124094A8C
:201A0000A5F8564005F1A4000023F5F7BBFE03B030BD00BF10400020D34D62100C40002064
:201A2000018000801D1B010000B583B0FEF72AFA0A4B0B491B680093A1FB0031490A01EBA0
:201A40008101A0EBC11081B2064A074801F5A0710023F5F797FE03B05DF804FB0C400020B8
:201A6000CDCCCCCCBD1A0100F440002008B5054BD3F80401FFF7ACFE18B1BDE80840FFF7E0
:201A8000A3BB08BD1040002010B50B4C012384F85A30FFF7C9FF94F9582094F85830207EF8
:201AA0000133002AB4BFDBB203F07F0384F85830BDE81040FFF7D0BC1040002010B50B4C4C
:201AC00094F85A30207E013384F85A30FFF7C4FC94F85A30042B03D8BDE81040FFF7A4BFF4
:201AE000BDE810400248FEF78BBC00BF10400020FC1D02000348002290F85C1100F59670C4
:201B0000FFF716BD10400020024B1B7B03B97047FEF700BC10400020FEF78CBC10B582B0E1
:201B2000FEF776FC68B3184C94F8563073B9637C217C94F855200B449A42BCBF013284F8AF
:201B4000552002B0BDE81040FFF73CBFFEF766FA28B9A37C1BB194F857209A4206D2B4F8F4
:201B60004E30A4F850300020FFF72EFB074B216E1B680093064A0748002384F85630F5F7E5
:201B800001FE02B010BD00BF104000200C4000201D1B0100B440002000B583B0FEF772F997
:201BA0000A4B0B491B680093030AA1FB03134FF4345101FB130081B2064A074801F5B45103
:201BC0000023F5F7DFFD03B05DF804FB0C4000200B5BB005ED1E01001841002000B51048FA
:201BE00083B0F5F753FE10B903B05DF804FBFEF749F90C4B0C491B680093A1FB0031C90A0C
:201C0000C1EB0111A0EB012081B2084A044801F5F0610023F5F7B6FD03B05DF804FB00BFBA
:201C2000E02F00200C40002089888888311C010008B5FEF7F3F950B9094B1A7B42B15A6C51
:201C400032B1B3F84E204FF6FF739A4200D008BD0020FFF79DFABDE80840FFF7BFBF00BF93
:201C60001040002010B5124C237B43B9FFF7B6FFFEF7E0FBBDE810400E48F5F7A9BD3C20C3
:201C8000FEF77EFB3C2004F0EBFB237B002BEDD0636C002BEAD0B4F84E204FF6FF739A42B9
:201CA000E4D0FEF7C7FBBDE810400248F5F790BD104000200030002010B5FEF7A9FB48B12A
:201CC000094C94F8553013B1627C9A4202D200F0EBF900B110BD637C84F8570084F8553047
:201CE000BDE81040FFF76EBE1040002030B50A4D2B7B83B00BB903B030BD084B084A1B68BC
:201D0000009300230446194605F1C400C5F80441F5F738FD03B030BD104000200C4000200B
:201D20006D1A010010B50C4C237B82B00BB1A37B0BB902B010BDFEF7A5F8084B084A1B6857
:201D40000093C0F3080000F58071002304F1E400F5F718FD02B010BD104000200C400020F7
:201D6000891A010070B50E4C227B82B00AB902B070BD03460D469A6859680068DB68A4F829
:201D80005C5104F596740FC4064E074A33680093002320461946F5F7F5FC02B070BD00BF8A
:201DA000104000200C400020F51A0100134B1A7B12B1197EFF2900D1704710B55C8B82B05C
:201DC00001FB04F1CC01FEF75DF80D4BA3FB00231B0BC3EB0313A0EB432080B200F5F050A3
:201DE000084B094A1B680093844288BF241A214606480023F5F7C6FC02B010BD1040002067
:201E0000898888880C400020891A0100F44000202DE9F041334CF2F7F1FF237B002B39D0CC
:201E2000D4F8285115B12846BDE8F0810746606C18B1FFF73BFD002852D0FEF723F800EBBE
:201E4000800303EB031303EB032300EB430080B2254E45F25553984230681FD9FAF7E4F8FE
:201E60000446B8B14FF6FF7706E021463068FAF7A7F804460028D6D02046FFF717FD0028CF
:201E8000F3D12046FFF798FC0DB1B842EDD207462546EAE700252846BDE8F081FAF7C4F838
:201EA00004460028F6D04FF0000806E021463068FAF786F804460028B5D02046FFF7F6FC0A
:201EC0000028F3D12046FFF78FFC0028EED0036815B1FA1A4245E9D9A7EB03082546E5E7E7
:201EE000656CA0E710400020A802002038B5FFF78FFF0546FFF76CFC30B104462846FFF7A7
:201F000073FC2046FFF760F9034B1B7B03B938BDBDE83840FFF740BE10400020024B1B7BA4
:201F200003B97047FFF738BE1040002010B50A4C237B82B00BB902B010BDFDF7A3FF074BBC
:201F4000074A1B680093C0F30801002304F58470F5F718FC02B010BD104000200C400020F3
:201F6000ED1E010010B5084C237B03B910BD04F18400F5F78BFC0028F8D104F18400BDE81A
:201F80001040F5F769BC00BF1040002010B50C4C237B82B00BB902B010BD04F18400F5F71C
:201FA00075FC0028F7D0074B074A1B68009304F1840000234FF41641F5F7E4FB02B010BD88
:201FC000104000200C400020091B010000B5084B084A1B68084883B04FF4F0510093002366
:201FE000F5F7D0FB03B05DF804EBFFF7F7BD00BF0C400020651C01000030002010B50F4C6C
:202000002046F5F729FC04F12000F5F725FC04F14000F5F721FC04F16000F5F71DFC04F19A
:202020008000F5F719FC04F1A400F5F715FC04F1D800BDE81040F5F70FBC00BF744000207D
:202040000848037B03B9704700B5074B074A1B6883B06430009300231946F5F793FB03B05B
:202060005DF804FB104000200C400020191B0100044B187B20B193F85C00003818BF012031
:20208000704700BF10400020054B187B30B193F85C00A0F10200B0FA80F04009704700BF43
:2020A00010400020704700BF014B1878704700BFCE3D002010B50023C0E90033C0E902331B
:2020C0000A7D07320446D20809F07BF920460249BDE8104003F05ABD0443002008B50E4885
:2020E000002340F2FF214FF4D05243808380C3800381438183810180C28103F0DDFBFEF72D
:2021000049FBFFF755FCFFF761FFFFF733FABDE8084004F095B900BF7041002010B50A4CE1
:20212000237B012B00D010BDFFF73EFB0028FAD0D4F82831984204BF0023C4F82831BDE878
:202140001040FFF77DBF00BF10400020024688B10B4669B110B4084C03CC1060516053F88F
:202160000C1F5B68D360916001205DF8044B704708467047704700BF2C400020704700BF54
:202180007F2801DD7F290EDD884206DC13DA081A7028D4BF002001207047401A0F28CCBF2D
:2021A00000200120704701F58071081A1028D4BF0020012070470020704700BF2DE9F84374
:2021C000194E377B17B196F840700FBB3E46174C4FF0000804F1540594F820301BB194F866
:2021E0002130012B05D01C34A542F5D14046BDE8F883237C04F11009FE2B3A46494630468F
:2022000009D06EB109F0CFF80028ECD1C846EAE7FF082C36DBE7637C802BE4D0002EF1D1E9
:2022200004F11009C846DEE7104000208841002000B585B001466846FFF73CFF684603F0B3
:20224000CBFA08B103F0EEFB034B002283F8402005B05DF804FB00BF1040002078B370B551
:202260004B1E7F2B84B00C4606D812F04001154605D1084604B070BD002004B070BD134BE5
:202280000026E21DD2080146C3E90066C3E90266184609F096F84FF0FF33A0F12C02014676
:2022A000684682F8404082F84150D363FFF702FF684603F091FA18B1012004B070BD704790
:2022C00001460122684603F01FFBF5E73C40002010B4164A164B17490020106083B012683F
:2022E0000192019AD3F8102522F00F0242F00802C3F81025D3F8082542F00302C3F808254A
:20230000D3F804254FF4803422F003024FF48070C3F80425C3F80443C1F8800108600122DD
:202320001A6003B05DF8044B704700BF408100400080004000E100E0034A044B01211160A5
:20234000D3F84405704700BF4480004000800040064B1A6802B97047002282B01A601B6899
:202360000193019B02B000F003B800BF40810040054B186838B110B400241C60D0E9012118
:202380005DF8044B10477047203000202DE9F0410488752C064607D07C2C37D0A4B100235D
:2023A00003800320BDE8F081DFF8D0802E4D98F800202E4F00233B602B6012B32C4CE256D4
:2023C000002A41DB2B6832E02A4F274DFDF718FC294B3A6818702C60002A43D02346244CDD
:2023E000984604F8038000219368802098472B6801332B6057F82320002AF2D1DBB21F4A1E
:202400001370752333800120BDE8F0811A4B1B788B4216D1144D164CDFF86080134F2B689C
:202420003A68E15C01F07F010132E1543A6098F80020013393422B60C1DB3B68002BB9D112
:20244000DFE70120BDE8F0810A4A0B4952F8232009780020FDF760FC0028E0D17C2333802E
:2024600001209FE71346CAE72830002024300020043F00202C020020DE4A0020CF3D00209A
:2024800070B50488672C06461BD0792C33D05CB300230380032070BD1E4C1F4923681F4A4E
:2024A0000978581C002520602846D554FDF734FC1B4B2A4618688521FDF72EFC30B30023A7
:2024C0002360184C134D06E00A28E5D00D28E3D02B687E2B15DD2046FDF714FD431CF3D144
:2024E00067233380012070BDFDF78AFB0A4A094B10701C60E5E7852901D0012070BD054C4A
:20250000DDE706495A1CC8542A60E4E779233380012070BDAC300020DF4A00202C30002063
:202520000C400020B030002010B5124C23780146A3B10A2806D00D2804D00F48FDF71AFC64
:20254000012010BD0D48FDF7C5FC0028F5D0002309482370FDF70EFC012010BD0748FDF760
:20256000B9FC0028E9D1012303482370FDF702FC012010BDD03D0020CC020020B0300020C7
:20258000044B054A1A607F22002104489A809971FDF73EBBB0300020B8300020CC0200200E
:2025A000014B024A1A607047383100200100FD0010B51A4C0220A179FDF716FAA379112B08
:2025C00017D0062B07D03A2B1DD0BDE8104000210120FDF709BA124B1B8828331A191B5BC8
:2025E00051889942BDE8104028BF19460120FDF7FBB9618D238D9942BDE8104028BF19466F
:202600000120FDF7F1B9064B28341B88195B49BABDE8104089B20120FDF7E6B90C430020E1
:20262000943D002070B414780D7A84F00204A542064624D00B891BB94B89B3F57F4F0FD040
:202640001F4A146801F1080303CB04F108031360012202FA06F320606160D8B270BC704791
:202660008B89FE2BECD1164CC989236823F8021B022202FA06F02360C0B270BC7047487A39
:2026800053789842D6D1887A93789842D2D1C87AD3789842CED1087B13799842CAD1487B17
:2026A00053799842C6D1887B93799842C2D1D379CA7B9A42BED1032202FA06F0C0B2CDE728
:2026C000F43700200F4B1A78012A19D110B459880288914203D000205DF8044B7047428894
:2026E0009988914200F10200F5D1D98830F8022F9142F0D1428819899142ECD11846EBE7B3
:20270000002070473831002038B5154A154C164B24781B68156815492A460144181908F073
:2027200050FE601980B2FDF7A3F8FDF755FBA8B10F4B00219B6804460E48984705F0C4FCC2
:202740002046FDF787FB2046FDF76EFB0A4B1B68012B03D0032B01DC012038BD002038BDCD
:2027600000380020D23D0020043800200C430020D4C301007D270100F837002070B5124BF9
:202780001B680C46154613B19B68084698470F4B0D201C60FDF73CF90D490646F7F732FA2D
:2027A00000B170BD2A4621463046F7F73FF9094B304621462A465B6C984729462046BDE807
:2027C000704002F0DFBE00BF44310020F8370020981B0200141E02002DE9F0410F468046CC
:2027E000FDF760F8134B1978461A731E6D2B08D8114800230446A57871343DB101330C2B54
:20280000F9D14FF0FF363046BDE8F081C3EBC3040A4A03EB0413C418126800F80380033319
:202820001144184432466770A67008F0CAFD3046BDE8F081D23D0020483100200438002013
:202840002DE9F04707461446002A3BD1644EB1468846B9F80A3092464FF0FF3523BB6B1C3C
:202860002ED009F1B009D4B16A1C15D0B02404FB05F406EB04090C20A9F80A80A9F808707D
:20288000FDF7C6F801464846F7F7B6F904F110003044402102F04EFD2846BDE8F087B9F8C2
:2028A0000A300124002BDAD009F1100002F05EFD002861D1691CD4D1B9F80A30002BD0D152
:2028C00065B2CEE7464E3389834208D0B6F8B830BB4224D04FF0FF352846BDE8F0877389BF
:2028E000002BF3D00C20FDF793F801463046F7F789F90028EAD00025EFB238462146FFF78F
:202900006BFF00281ADB0028E4DDB02303FB05666DB2B3891844B0812846BDE8F087B6F8EB
:20292000BA30002BD6D00C20FDF772F801462D48F7F768F901250028CCD0DDE7738963B387
:20294000002D48D0284802F011FD0028C2D0274B002103F24C5071819A781AB11A780AB9C0
:202960009A70013171338342F6D10029B2D021463846FFF731FFC6E71C4BA9F80AA003F2E1
:202980004C51E0B29A7822B11A78824208BF83F802A071338B42F5D161E7B6F8BA30002BA7
:2029A00098D0002D96D1124802F0E0FC002891D00E4B0021A6F8BA108C4603F24C509A7813
:2029C0002AB11A78012A04BF83F802C0013171338342F4D1C9E7B6F8BA30002BE3D179E778
:2029E0009436002044370020A436002048310020543700202DE9F84315090F2D02F00F0464
:202A000008BF10250F2C06461F462DD0A04619B12A46304608F0D5FC05EB08020F2A04DD5E
:202A20005CB9D5B90120BDE8F883C2F110020021701908F0EEFC002CF3D01A4ADFF868903F
:202A40001768D9F80030DB1B03EB0807FCF72AFF87420EDD0020BDE8F8833046394603F00B
:202A600095F80120BDE8F8831024A0460029CFD1E3E7D9F80070C8F1100030443946224676
:202A800008F09FFC022C05D03C44C9F800400120BDE8F8830A2DF7D8FF22FE23F27233738C
:202AA000F2E700BF04380020F43700202DE9F04F394A00231370394A87B013700446FCF7DF
:202AC00025FFFCF7DBFE364B364A1B6810600BB1FFF76EFD042005F081F801460520FCF704
:202AE00083FF3149314E002C18BF21460D20FCF787FF2F4B9B69984700280446306011DDFE
:202B0000264B284A1B78D2F800B0DFF8B0A002330BEB030505F126010BEB00029142CAF8C1
:202B2000005003D3002007B0BDE8F08F00220BF803202048FFF7C6FD03461F481F46FFF700
:202B4000C1FD8046002F00F001826B1CCAF8003080230193DFF8689099F8011099F800207D
:202B60000B0943EA0213D8B2C3F3850343EA801311F00F0F58B202F00F02DBB222D1B9F81A
:202B800002C0BCF1000F1DD121F00F010A4340F0E2817823049326E0D33D0020D23D002031
:202BA0004431002004380020981B0200FC370020D4C301001443002024430020F43700203B
:202BC0000C43002021F00F0C52EA0C0200F0AE81DAF80020D9F80010116002F8043B6021F3
:202BE0000491CAF8002099F80630112B00F0BC81002B00F0B9813C2B00F0B681A3F12B028A
:202C0000012A40F2B181DAF8002002F8013BCAF8002099F80730402B00F0D082FF2B00F08C
:202C2000C882012B00F0C082DAF8002002F8013BCAF80020B9F80830002B40F00582B9F866
:202C40000C10B9F80A30B9F80E200B43B9F810101343B9F812200B43B9F814101343B9F80C
:202C600016200B4313439BB2002B40F00F82019B43F04003019399F81830FF2B00F02D82F9
:202C8000B8F1000F00F06B8298F801202B7813432B700D20FCF7BCFEBC4902460020FFF71D
:202CA000C1FC019F0743FFB247F004030593B84B3468DAF80050D3F800B0B64A28231370DC
:202CC000B54B0193019B1E78112EA8464FF000075CD04EB13C2E00F04C812B2E00F054814B
:202CE0002C2E40F09180022607F1280149444A780B780191D200112B02F1080200F04081D0
:202D0000002B00F03D813C2B00F03A812B3B012B40F236816B1C0BEB04008342BFF402AFA3
:202D2000CAF800309D188542BFF4FCAE1846CDE9021208F046FB039A0299CAF800500346D4
:202D4000D0B2A0F1020C83F801C0924B93F800C00B7817448F4A6044112B107000F00E8158
:202D6000002B00F00B813C2B00F008812B3B012B8CBF0023012343EA460363F01F0388F83D
:202D80000030019B1E78112EA846A2D128376A1C39F80710CAF800200B0A43EA01239BB26F
:202DA00023F00F024FF2B00609EB0701B24290B24A8800F0FD80120292B2B2F5704F00F0D9
:202DC000168103F47F43B3F5704F00F0FE802B46F02203F8052B0BEB04029342BFF4A2AE4C
:202DE00059F80700C5F80100CAF8003003F102089045BFF497AE6748C9880278198002F1FA
:202E00000803CAF800800370644D049A2B78644E0BF803205F4A5B441178059A5A70338833
:202E2000A8EB0B085FFA88F85A1A02EB0800844285F8008080F2EE80A4EB0805043D25F015
:202E40000705053C521B121B002ACCBF02F1FF37032724F00708C4BF97FBF8F70437FCF72E
:202E6000B5FFB842FFF45EAE002DFFF65BAE484A4C4BD2F80090494AB3F800A092F800B0DF
:202E8000DFF828C1484F0AF101021A8049465A46002309F10400CCF8003008F0A0FA3388B2
:202EA0003E4A89F803A01B0A63F03F0389F80030338889F80130374B3D604FEA1A2A0BF1F6
:202EC000040B187889F802A082F800B0FFF71CFC00283FF427AE33882D492E4D09683A6809
:202EE0002D782E481B0A63F01F030B7033884B7015443388ADB205229D42027009D39FE0E6
:202F00003A6833881544ADB2AB4240F29980204A11685B1BEA089C42B8BF43460A71284652
:202F20003B60FFF7F1FB0028EAD1FBE5DAF8003020F03F0001431970B9F80220A3F80120A4
:202F40000333CAF80030682304934CE600287FF4FCAD0190FEE5DAF8002002F8013B702382
:202F60000493CAF800203EE6049B43F0040304934FE607F1280149440326B8E60123FAE696
:202F80002B460BEB0400CDE60126ADE62443002004380020D33D002012430020D23D0020A2
:202FA000F84200208E3D002000380020F8370020130A43EA02239BB223F00F02824276D03B
:202FC00003F47F43B3F5704F11D02B46F22203F8042B0BEB04029342BFF4A4AD39F8070034
:202FE000CAF80030000A687048886880FEE62B46F12203F8042B0BEB04029342BFF492ADF0
:2030000039F80700A5F801004888CAF80030000AE870EBE68B428CB2FFF484AD49440BEB33
:20302000080008F0CEF93088001B404480B2FCF71FFC864B86489B680021984705F044F85F
:20304000012007B0BDE8F08F17BB48F2FE0293420BD1B9F81A30B9F81C10B9F81E200B43A2
:2030600013439BB2002B00F0AE807A4FDAF800E00FCF0EF11007CEF80000CEF80410CEF88F
:203080000820CEF80C30CAF80070F4E5002FECD078782B78704A6F4943EA00132B7004200C
:2030A000FFF7C0FA60F03F00C3B20193E3E52B46F32203F8022B0BEB04029342BFF432ADEF
:2030C00039F807604888CAF80030360A000A00EB061000F5AA60687088E699F81930019A91
:2030E000022B42F008020592B9F81A2075D04ABBB9F81C1031BBB9F81E20B9F82000B9F861
:203100002210024392B211431AD199F82420002A00F0898099F82220A2B9DAF800504F49D5
:2031200001982A4640F0090002F8013B0B68C5F801300B79059006351371CAF80050BCE52B
:20314000002AE7D0464DDAF800600FCD06F1100530607160B260F360CAF80050ADE5B9F8C6
:20316000182048F2FE039A4215D1B9F81A30B9F81C10B9F81E200B4313439BB25BB90D2021
:20318000FCF746FC364902464046FFF74BFA019B0343DBB28AE5324DDAF80060019F0597A7
:2031A0000FCD06F11005D3E7049B43F00103049340E5049B43F0030304933BE5049B43F07A
:2031C0000203049336E5244A22490420FFF72AFA019F0743FBB201934DE5002AB2D1B9F866
:2031E0001C10B9F81E20B9F82050B9F822000A432A43B9F8245002432A4392B2002A7FF44E
:2032000079AF99F82620002A7FF475AFDAF8005099F8273005F8013B019BCAF8005043F0CA
:203220000B03059349E5DAF8005001980D492A4640F00A0002F8013B059008888B78A5F804
:20324000010004359370CAF8005036E5D4C301007D27010014430020044300202F43002057
:2032600024430020314300202DE9F04F0C2091B0814F824CDFF81C82FCF7CAFB4FF0000B5C
:20328000F6F738FC87F800B084F800B0FCF7F6FAC8F80000FCF706FB10B911B0BDE8F08F6D
:2032A00004F0C2FB0420FCF7A5FB0146062004F09FFC0320FCF79EFB0146072004F098FC05
:2032C000D8F800301A8852BAC2F3072101F0F801C02992B200F0A680E02967D158881D797F
:2032E0002378C2F30A0940BA053380B22A4649462370FFF7A5FAB0F1FF3F8246CDD0604AF2
:20330000CDF808B0B02303FB00234FF4A06C9E890123CDE9003C4E4534BF00260126FCF7EA
:20332000C1FA23788342B8D8FCF7BCFA23783F78544AC41A07EBC5052544B5F5A06F146019
:2033400000F2F981BBF1000F0BD00199E2198A42A3DCD8F800100BEB07001944224608F0F1
:2033600030F8B9F1000F00F0FB81029B3BB1444AB02303FB0A233A1992B29A811A83002E6E
:2033800040F06482009B002B87D13C441FFA84F93D4C3E4A2368A2F8009023B1FFF708F952
:2033A00023685B68984701F0BBFD76E7DA46D946CDF800B04FF4A062DFF8DCB00192227851
:2033C0003348995C01F0F0050026F02D067047D001F0E000602861D041297FF45EAF511CE6
:2033E00053FA81F303F1200C59461E685D689868D3F80CE0C1F80CE0103363450E604D60A0
:20340000886001F11001F0D118685B684B6008603B782833293200263B70009B22703546C8
:2034200002937CE758882378C2F30A0940BA043380B25A4649462370FFF702FAB0F1FF3F5B
:2034400082463FF42AAF0E49D8F80030B02202FB001202F11A0B94210122CDE90021AEE704
:203460000132D2B201F00F0511F00E0F227005707FF413AF995CABE7D33D0020D23D002050
:20348000943600200038002044310020F8420020D13D0020043800200C430020FCF702FA13
:2034A00022780290531C8342BFF6F7AED8F8001088188B5C90F901504678039502F1020EB8
:2034C000BC4A01EB0E00002D1060BCBF01301060D80600F14D81B74A10681A07A0EB01056B
:2034E00000F19081029A0335AA427FF7D6AE054630F801CFAF4A80788BF80300ABF801C0F2
:2035000015F8040B9BF801C01560850805F0300545EA80150CF00F0CC0F3830040F060006E
:2035200045EA0C0C8BF800008BF801C013F0040205920CD19F4A1068029A451AAA427FF742
:20354000ACAE9C4A10F8015B8BF80650106013F0030300F04A819848C35C8BF80730750686
:20356000C6F3011340F1B281039A002AB6BF11F80E2000221209002B40F02A810BF108055B
:2035800019468E4A0691D25C04920C20FCF740FA049A069903462846FFF72CFA00283FF4D5
:2035A0007CAE16F0080306F0030200F0A08170071FD4531E40F2FF21012BADF83C100DD895
:2035C0007C48D8F800100368029D591A8D427FF764AE13F8011B8DF83D1003607849002333
:2035E0008A5C0BF118000FA9FFF704FA00283FF454AE3B786F4A2833D2F800C0D8F8002087
:203600003B70029B0492ACEB020293427FF745AE059B002B00F014820BF1060305930022E3
:203620000BF12803CDF82CB0CDE90C9A089266469B465AE05F49049BB51C0D600299EA1AE1
:203640009142737809937FF728AE2A46594B12F8016B1A60049B0A921146A1EB030A06F19E
:20366000020C069B06F1010E19F0040F4FEADC093344D64409F1FF3A324606935FFA8AFAA9
:203680007FF40BAE079D4F4B5B5D059DCDF814B02B70019B069D9D423FF7FFAD5FEAEC0C01
:2036A00000F01282099B8BF80030029B8BF801A07345FFF6F2AD07F084FE4FEAC909089BFB
:2036C0000A993A785FFA89F94B44DBB20893394B0E441E60039B0AF1010A91440BEBCA0B6B
:2036E00087F80090002B00F0F3810B9B32780499ABEB03030233069302F0F00C02F00103F1
:20370000751C0393BCF1E00FC2F342030BF10200A5EB01014FEA5209079340F0A681254A68
:203720001560029A8A427FF7B8AD039B002B81D00023099389E72449244B5FFA8AF0B02207
:2037400002FB00120024548103F24C519A781AB11A78824208BF9C7071338B42F6D19CE510
:20376000009B002B3FF411AE002E7FF411AE94E513F0080563D10F4A1068029AA0EB010C6F
:2037800062457FF78AAD90F800C00A4ACCF3830C4CF0600C8BF800C010F801CB10604FEA83
:2037A0009C0000F0300040EA8C10ABF802508BF80100BBE6F4370020A41E0200A81E020096
:2037C000B01E02008C1E02009436002048310020C549087801287FF460AD487890427FF4AE
:2037E0005CAD02310BF10805CBE6C04A029D1368581A85427FF751AD13F8010B8BF8070061
:203800001360ACE6029A02354FF0600CAA428BF800C07FF742AD90F800C0B44A4FEA9C0571
:2038200005F030050CF00F0C45EA0C0C8BF801C0B0F80150ABF802500330106076E660254A
:203840000020ABF80050ABF802006FE6DFF8BC82B02303FB0AF308EB03025589B2F818B030
:20386000A2F80C905D4568D3B5F5A06F65D81A3308EB03015A469E489E4E07F0A2FD9C4B0C
:20388000A5EB0B0203EB0B00002107F0C2FDF51E06F24C5B02E07136B34574D016F8012C09
:2038A000002AF8D016F8033C9A45F4D116F8023C8F4802EBC301B1F5A06F4FEAC303314626
:2038C000184400F2258107F07CFDE4E78A4A0C20D25C0492FCF79CF8049A884903460BF1BA
:2038E0000800FFF787F800287FF45BAED5E4710738D50399002906DA2178D8F800300B44DC
:203900009B7803F00F03784D297801297FF4C5AC697899427FF4C1AC794B0D209A5C039203
:20392000FCF776F8039A0346A91C0BF11800FFF761F800287FF45DAEAFE4B0235FFA8AF039
:2039400003FB008A6F4B0024AAF80A4003F24C519A781AB11A78824208BF9C7071339942FE
:20396000F6D19AE4644B0D209A5C0392FCF750F8039A624903460BF11800FFF73BF800286A
:203980007FF437AE89E45FFA8AF1B02303FB018A00205D4AAAF80A00AB781BB12B788B4260
:2039A00008BFA8707135AA42F6D1009B002B3FF4ECACEDE40299013399427FF76EAC9CF89F
:2039C00001301B09A3F575639BB21B0243F0F00333809CF8013003F00F03A3F575639BB258
:2039E0001B0243F0F0037380404B0CF102051D6053070CD43D49049A0B6802989A1A013233
:203A000090427FF74AAC33F8022BF2800B60FBF749FF364AD8F8001012680346B9F1000F1D
:203A200000F0AF80089AA9F128039B1A9BB21A0212B21B0A3978134301F10802B3803A7019
:203A40002A4BD8F800201B689B1A2370B9F1000F71D0A9F128031A1200268BF80530009BD2
:203A60008BF804203546029359E4049B0299B446ACEB030399425E46DDE90C9ADDF82CB0E5
:203A80007FF70BAC02F0F802F02AD9D10199A6EB0B0207328A42BFF600AC059911220A7060
:203AA0009CF8002002F0F301F03903293FF6F5AB01A050F821F000BFC13B0100953B0100BB
:203AC000573B0100B53901008BF801C0FFF7E5BB049B029ADDF82CB0F31A9A42DDE90C9A49
:203AE000AEDCFFF7DABB00BF38310020F43700200C4300204B310020AC1E0200901E020097
:203B0000A81E0200483100209436002094360020B02303FB0A823249002353815FFA8AF0CE
:203B2000AA781AB12A78824208BFAB707135A942F6D1FFF7B2BBFBF7B5FE21783A78431A48
:203B40001344283B5BBAABF80430009B02934E464D46FFF7E4BB0299033399427FF79DAB69
:203B60009CF80130A3F580539BB21B0243F0F0033380BCF8023073801A4B0CF104051D6011
:203B800036E7521AC2F1080213449BB21A0212B21B0A4FE70299033399427FF77EABBCF801
:203BA000013033809CF80330A3F580539BB21B0243F0F00373800B4B0CF104051D6017E795
:203BC0000299043399427FF768ABBCF801303380BCF803307380034B0CF105051D6007E77D
:203BE00094360020F437002038B54368934294BF03F1FF35154604462A46006807F0E1FB58
:203C0000D4E900322B44521BC4E90032002038BD0CB410B586B008AA029052F8043B094C08
:203C2000019208460390194604A802ABCDE9044300F0BCF8029B00221A7006B0BDE81040C3
:203C400002B07047E93B0100074B82B001AA9A42019304D9CD2103F8011B9342FBD1034869
:203C6000002102B0FBF7D4BFF04A0020DC02002038B5124C124D04F027FA2378CD2B08D06A
:203C8000AC4202D30EE0AC4212D014F8013FCD2BF9D1AC4202D30BE0AC4209D014F8013FD4
:203CA000CD2BF9D004F010FAAC4203D2281B38BD04F00AFA4FF0FF3038BD00BFF04A0020D6
:203CC0000000042070B50388044633B1972B0DD1154BDB6873B1012070BD13484FF4A0618E
:203CE000F5F7CEF997232380012070BD00230380032070BDFFF7BCFF0C4E0D4BF61AB0420B
:203D000005460DD90B4B1B68002B09DD0A4A0B490B48FBF7D9FE0B4832462946FBF7D4FEC6
:203D20000148F5F7B7F9DDE70838002000000420F04A0020F4010020B41E020060C10100F1
:203D400050C00100BC1E020010B50446F1F772F8D4E900321344C01A6FF0004398422CBF8E
:203D60000020012010BD00BF102A2DE9F041144606460D460DD90C4F01E0102C0CD933681E
:203D8000286810223946103C98470028F5D0BDE8F0811046002AFAD033682868024922468C
:203DA000BDE8F041184700BF2C1F02000B78002B00F0DF842DE9F04F91B0904600228A4663
:203DC0008146009204E01AF8013F002B00F0D680252BF8D1514500F00381AAEB0104D9E964
:203DE000003022469847002840F05881009A9AF8003022440092002B00F0C3809AF80130A6
:203E00000AF10104002B00F0BC800021A3F12002102A0AD8DFE802F0AF0909AC090909090E
:203E2000090909A909A60909A100A3F13102082A40F2BD802A2B00F0C88000262E2B00F0F8
:203E4000AB804FF0FF3B6C2B00F09F80682B00F0CA807A2B03D1637841F060010134782B8D
:203E600000F2EA80DFE813F08D00E800E800E800E800E800E800E800E800E800E800E80097
:203E8000E800E800E800E800E800E800E800E800E800E800E800E800E800E800E800E800A2
:203EA000E800E800E800E800E800E800E800E800E800C401E800E800E800E800E800E800A5
:203EC000E800E800E800E800E800E800E800E800E800E800E800E800E800E800E800E80062
:203EE000E800E800E800E800E800BD01E800E800E800B601AF01A801E800E800E800E80014
:203F0000E800E800E800E800E800E800E800E800E800E800E800E800A101E800E800E80067
:203F2000E800E800E800E800E8009A01E80093011F015B0169016201E8001F01E800E800C1
:203F4000E800E80085017E017701E800E8007001E8005401E800E8004D0141F0100114F82A
:203F6000013F53E741F00101F9E741F00601F6E741F00801F3E741F00201F0E78A457FF43E
:203F80002CAF009811B0BDE8F08F63786C2B31D0013441F0600162E76378A3F13000092876
:203FA00004F101022BD92A2B3AD0144649E7002606EB860603EB460614F8013FA3F130022D
:203FC000092AA6F13006F3D938E7D8F800606378002E08F10408B8BF41F0010101342DE7C5
:203FE0009AF8003007E76378682B20D0013441F0400134E7A37841F0800102342FE74FF099
:20400000000B0BEB8B0B03EB4B0B12F8013F2F2BABF1300B40F29282392BF2D9144612E782
:20402000A378D8F800B0023408F104080BE7A37841F02001023412E701F4E0630F46B3F5E7
:20404000A06F04F1010A39D000F29181B3F5407F00F09C81B3F5806F40F0D180D8F8005098
:20406000019508F10408002D40F02082C44B01930625BBF1000F02DB5D4528BF5D46AE4224
:204080008CBF761B0026F80740F12382D9E9003001992A469847002800F0B9814FF0FF30AE
:2040A00011B0BDE8F08F01F4E06343F48073B3F5A06F41F4245704F1010AC5D1012ED8F8BD
:2040C00000308DF82830354638BF0125FA0705F1FF3508F1040840F11C82D9E90030012227
:2040E0000AA998470028D9D12A4609F104014846FFF73AFE009B01330028CFD1EB18009304
:204100003FE001F4E06343F4807341F4C85796E701F4E06343F4807341F410678FE701F4D4
:20412000E06343F4007341F4024788E701F4E06343F4007341F4813781E701F4E06343F4FF
:20414000007341F400777AE701F4E06343F4806341F4806773E701F4E06343F4407341F4C0
:2041600040776CE701F4E06343F4807341F4885765E704F1010AD8F80030009A1A6008F166
:2041800004086378002B3FF4FCAE514620E601F4E06343F4A06341F4A06750E701F4E06376
:2041A00043F4007341F4C13749E701F4E06343F4807341F4B24742E701F4E06343F400735D
:2041C00041F4A1373BE701F4E06343F4007341F4844734E701F4E06343F4007341F4424713
:2041E0002DE701F4E06343F4007341F4E13726E701F4E06343F4C06341F4C0671FE7B3F5D3
:20420000807FBED1BBF1000FABBF27F010070123CDF804B0019317F40053069307F0E003BB
:2042200000F01D81402B00F07C8200F20B81002B00F05A82202B40F09E8298F9002008F1DD
:204240000408D317002A73F10001C0F21D82CDE9022307F4C053B3F5805F00F08C81B3F573
:20426000C05F00F0E781B3F5006F00F0AD81002305939B460DF13E030493019B9B4534BFB1
:20428000A3EB0B03002341F60802019307EA020141F208039942019B00F0138191425B44EB
:2042A00004D1DDE902120A4340F0588100250795069A7AB1059A002A40F04C8107F00602A8
:2042C000022A00F054812F49062A079A04BF0A46012507922B449E428CBFF31A0023029373
:2042E00017F00103059307D1FE0640F1F381DDE901210A44CDE901233DB1D9E9003007990A
:204300002A46984700287FF4C9AE009B019F5B44102F009340F2B2811B4ED9E9003010229E
:204320003146103F984700287FF4B8AE102FF4D8D9F800301449D9F804003A469847002812
:204340007FF4ACAED9E9003004995A469847009B1D4400287FF4A2AE019B2B449B46059B0F
:20436000002B40F0ED80029B5B44009309E7B3F5C06F5BD0B3F5E06F3FF4FDAE01E700BF38
:20438000201F0200181F02003C1F0200D8F80010C948CA4D17F4804F08F104080A464FF0D0
:2043A000000314BF8346AB4600296AD00DF13B0E7146100902F00F0C40EA03701D090246DB
:2043C0002B461BF80C0001F8010D52EA0300F0D1BEEB010557D003357823AE4201F8013C77
:2043E0004FF030024FF0230301F8022C01F8033CA1F1030B8CBF761B0026F9077ED5D9E9D1
:20440000003059462A46984700287FF447AE324609F104014846FFF7A7FC009B2B441D46E3
:2044200000287FF43BAE73190093AAE6D9E90030A3490122984700287FF430AE009B013321
:2044400000939EE6602B00F04F81802B40F0938108F1070828F00708F8E80223F2E6402B94
:2044600000F0578115D8002B00F04481202B40F0998198F800200023CDE9022308F104085F
:20448000E7E60DF13B01302301F8013C04250139A2E7602B00F02E81802B40F0838108F19E
:2044A000070828F00708F8E80223D0E62B78002B00F0488115F8013F002BFBD1019BED1A9D
:2044C000D7E5012B38BF01230025019307955B44EEE6324609F104014846FFF745FC0028AD
:2044E0007FF4DCAD0199D9E900302A46984700287FF4D4AD009B2B441D4694E7324609F16F
:2045000004014846FFF730FC00287FF4C7AD5946E9E72A4609F104014846FFF725FC00282C
:204520007FF4BCADD9E9003001220AA99847009B013300287FF4B2AD2B44DFE514468EE430
:20454000029A09F104014846FFF70EFC00283FF40AAFA3E55B4A07920125BBE65A495B4A49
:2045600017F4804F18BF0A4607920225A0E6584A07920125AEE6DDE9022313433FF477AE66
:20458000DDE902231846002315460593DDE902230DF13E0107918C464FEAD20B4BEA437B21
:2045A00002F007014FEAD30E30315A4673460CF8011D52EA0301EFD1079BCDF810C0CDE91E
:2045C0000250A3EB0C0B58E6DDE90223134300F0C88000230593DDE902120DF13E03CDE9A3
:2045E000086407938B46154604971C46584629460A22002306F022FD303204F8012D5846F1
:2046000029460A22002306F019FD2F465E46002F08BF0A2E83460D46E8D2079B049F089EC8
:2046200004942246A3EB020B099C26E600220023CDE9022317F4804365D10593DDE9022387
:204640001E4DDDE90201014300F085800DF13E000790110902F00F0E41EA03714FEA131CEA
:204660000A46634615F80E1000F8011D52EA0301EFD1079B0490A3EB000BFEE5019B002B87
:204680003FF460AE1F4653E6524207F4C05163EB4303B1F5805FCDE9022355D0B1F5C05FBD
:2046A00045D00123B1F5006F059394D00DF13E0304934FF0000BE0E5F81E0200E41E0200AF
:2046C000281F0200141F02000C1F0200101F02001C1F0200029A09F104014846FFF744FB63
:2046E00000283FF409AED9E4D8F8002008F10408D317A7E5D8F8003000221946CDE9021235
:2047000008F10408A5E50021DDE90223324D059197E7B8F800200023CDE9022308F1040898
:2047200097E5B8F9002008F10408D3178AE57B0405D50121DDE90223274D059186E70123CD
:2047400005937BE7019DB9E6DDE9022318460123154605931AE70DF13E034FF0000B0493A1
:204760008BE54FF0000B0DF13E03CDF814B0049383E51846704707F4C053B3F5805F06D038
:20478000B3F5C05F3FF452AFB3F5006F13D0002305939B4600230022CDE902230DF13E0329
:2047A00004936AE507F4C053B3F5805F08D0069B05939B46EEE74FF0000BCDF814B0E9E714
:2047C0000699059100230022CDE902230DF13E038B46049351E500BFF81E0200074A08492E
:2047E00013681844884202D8106018467047054B0C221A604FF0FF3318467047EC0200202D
:2048000000000420D04A002010B44FF080414FF080520020C1F80C015E4BC1F81001C1F853
:204820003805D2F80414C3F82015D2F80814C3F82415D2F80C14C3F82815D2F81014C3F804
:204840002C15D2F81414C3F83015D2F81814C3F83415D2F81C14C3F84015D2F82014C3F868
:204860004415D2F82414C3F84815D2F82814C3F84C15D2F82C14C3F85015D2F83014C3F8B0
:204880005415D2F83414C3F86015D2F83814C3F86415D2F83C04C3F86805D2F840043E495C
:2048A000C3F86C050968D2F84424C3F87025082924D04FF08043D3F80024D20744BF6FF088
:2048C0000102C3F80024354AD2F8883043F47003C2F88830BFF34F8FBFF36F8F4FF0102327
:2048E000D3F80022002A23DBD3F80432002B1FDB2B4B2C4A1A605DF8044B70472A4B1B68C4
:20490000002BD6D129482A4A2A4C04602A492B4BFB20C2F818050A681B68294822F00F02A2
:2049200003F00F0313434FF400720B600260C0E7244A0123C2F80435D2F80034002BFBD07A
:204940004FF0102312211F4AC3F80012D2F80034002BFBD04FF0102312211A4AC3F80412AE
:20496000D2F80034002BFBD000231649C2F80435D1F80034002BFBD0BFF34F8F0749124B9E
:20498000CA6802F4E0621343CB60BFF34F8F00BFFDE700BF00C000403001001000ED00E02C
:2049A000F00200200090D003340100108C56004000F0004048810300E40E00405802001083
:2049C0004096024000E001400400FA052DE9F0410F4A104B15881F680646B48B7069AC422A
:2049E00028BF2C462246394606F0EBFCD6F8048023463046B8F1000F02D07269F168C047A4
:204A00002D1BADB22744002DE7D1BDE8F08100BFF842002014480020C18C01B9704710B472
:204A2000084A048D1268D28BA24228BF224603469142A8BF1146806999845DF8044B02F013
:204A4000B9BF00BF184800202DE9F041038804462BB1F22B08D1944B1B788B4209D0F22384
:204A600023800120BDE8F081002303800320BDE8F0811546002A48D0136B1BB18B4A126847
:204A80009342ECD18A4E337813F0400148D11F0671D5AF6827B1E96802222846B8473378BD
:204AA000AA8D2AB195F82A2042F0010285F82A209A0600F1C880DF0748D4980741D4190762
:204AC00002D02846FFF7A8FF6F8C27B995F82A309A0700F18F803378D806C0D5734B002199
:204AE000186800F0F3F9AB6800222A631BB1E968012228469847AB8D002BB0D095F82A3041
:204B000043F0010385F82A30A9E7694E337813F0400141D1980600F19180202333709EE734
:204B2000624AAF681268D28B2A8527B1E96800222846B8473378990774D42846FFF76CFF12
:204B40008DE72846FFF742FF3378B8E7EA8C002AB3D0AA8C002A7CD16B8CAF689B1A9BB212
:204B600000226B84EB84AA841FB1E96804222846B8473378A1E79A069DD54C4B186800F087
:204B8000A5F9AB681BB1E968032228469847AB8D002B4BD133788EE7464B1D68002DBCD067
:204BA000DFF8088102E02D68002DB6D095F82A30DB07F8D5AF8D002FF5D0D8F80030188A03
:204BC00002F0E6FE8742EED195F82A30D8F8000023F0010385F82A30C38B2B85294600F075
:204BE00075F9AB68002B5CD0E9680022284698473378A0E72D4A2F6323F0020385F82A30F3
:204C0000106810233946337000F060F9AB8D2F63002B3FF460AF95F82A3043F0010385F8AC
:204C20002A3058E72846FFF7D1FE86E795F82A20337842F0010285F82A203CE71B4B1868B4
:204C400000F044F969E7194B0021186800F03EF997E72B8CA86981189A1A06F0C0FB6B8C70
:204C6000AA8C9342BFF479AF104B0021186800F02DF9AB68202232707BB1E9680322284635
:204C80009847AB8D002B3FF474AF95F82A20337842F0010285F82A200FE7AB8D002BF4D1E0
:204CA00012E7337847E700BFE04A0020184800200C4800201838002070B50A4D0A4B2E684E
:204CC0002B600446808D02F063FE00F0E1F894F82A302E60002223F00103A28584F82A302C
:204CE000012070BD0C400020F40200202DE9F041184F97F800C00446884616461D46BCF163
:204D0000000F18D014B3069BA361079B2384089B63600027099B1048C4F80C806661A58327
:204D2000A36067842146F4F775FFA78584F82A700120BDE8F081084B0848C3F800C0614681
:204D4000FAF766FF01233B70002CDCD14FF0FF30BDE8F081D43D002018380020F40200201A
:204D600008B32DE9F0410446006B0F46154610B1002100F0ABF80D4E0D4BD6F800803360C3
:204D8000284602F005FE22460146384600F06AF8C6F80080206310B10120BDE8F0814FF039
:204DA000FF30BDE8F0814FF0FF3070470C400020F402002070B5C0B10446408C238CA6699D
:204DC0001D1A9542A8BF15462A46304406F007FB638CE28C2B449BB2638422B1206B00F0D9
:204DE00025FA284670BDE384F8E74FF0FF35F8E738B190F82A3043F0020380F82A3001206B
:204E000070474FF0FF30704770B110B50446FFF753FF206B10B1002100F058F804482146DE
:204E2000F4F744FF012010BD4FF0FF30704700BF1838002010B5014682B004460120F7F76B
:204E400069FA38B9064BDB680193204602B0BDE81040184702F0E8FD002002B010BD00BF35
:204E6000941E020038B5154601F00AFD044640B1054BC5621B688362024600210348FAF77F
:204E80004BFF204638BD00BF0C4000200403002010B40C4A0C4B146803F1A00102E008337C
:204EA0008B420BD01A888242F9D15A68A242F6D100221A805DF8044B01F0CCBD5DF8044B2F
:204EC000704700BF0C4000202C380020024B1B68C0E90A31704700BF0C40002010B51446B7
:204EE00001F064FD18B1024BC4611B68836110BD0C40002000B5084B83B01B688DF807003B
:204F000033B1064A184611780DF10702FAF726FF03B05DF804FB00BF9C490020E14A002043
:204F2000002108B50846F7F7F5F918B1BDE8084002F07ABD024602210348FAF70FFFBDE830
:204F4000084002F071BD00BF0403002070B5384D2B8888B0002B36D0B3F5A06F31D8354CFC
:204F6000608B238BA28BE18B03431343228C608C0B431343A18CE28C03430B4313439BB253
:204F8000FBB12D4E736B9847D8B1237EFF2B1CD004F1180000F020FC20B12B889BB100F014
:204FA0004DF810E0336C04A8984780B104AC204600F0B4FA054648B3284600F0A9FAFFF770
:204FC00039FF02F031FD08B070BD0020F7E704F1180000F0E3FBB8B904F1180000F0E2FA71
:204FE000054658B100F0DCFA04460028DFD12846F36C9847284600F0D7FAE2E700F038FBAE
:2050000004460028DDD0D2E71834D0E702A8214600F0C6FD092301952A46009302A920461B
:20502000012300F019FA05460028C5D1C9E700BFF84200200C430020141E020010B5114BB3
:20504000114C1B88228803F13B01914203DA0F4A9179062909D0012001F010FD238803B9D5
:2050600010BDBDE81040FFF771BF134493F835309B07F0D50648C368002BECD1F4F714F842
:20508000E9E700BF943D0020F84200200C4300201C3800202DE9F042038804467BB340F2D6
:2050A0003530834226D102296BD0914616D9872942D088290CD1504B9A4200F082804F4B50
:2050C0009A4205D1D3681BB900F0B0FCFFF73EFF40F2353323800120BDE8F082002940D092
:2050E000002AF5D0464B05201A6001F0C7FCFFF72DFFEDE7002323800320BDE8F082414D59
:205100001946A022284606F084F93F4B1B68C5F8A030FAF775FD3D4B1870FAF771FD3C4B9A
:205120000246402134481A70F3F7AAFF01F068FB384B5B689847CBE7374D002705F1A006BB
:2051400002E00835B54223D055F8043C9945F8D135F8080C01F07EFC25F8087C45F8047C08
:20516000EFE7002AB4D02D4B03201A6001F086FCFFF7ECFE2048C368002BA9D1F3F794FF8E
:20518000A6E7274B1B88002BA2D0FFF757FF9FE7244B002503F5C070996A894504BF9D62AF
:2051A00083F8255030338342F6D11F4B002503F580709969894508BF1D8220338342F8D182
:2051C00086E7D368002B83D1164D144F05F5C07603E03035B5423FF47BAF95F82530002B09
:2051E000F7D04846F3F760FF02203D6001F046FCFFF7ACFEEDE700BF1C380020E84200202E
:20520000104800202C3800200C400020E04A0020E14A0020141E0200343800201848002051
:20522000F84200201C480020D0490020024600210148FAF771BD00BF0403002038B51C4B4C
:205240001A68002A30D002F128051A4B1B785B0618D5194B118A03F1A00402E00833A342A3
:205260001AD033F8082C8A42F8D153F8040C0028F4D00022C5E90002104BDB6833B90F4856
:20528000F3F712FF286800B938BD6A680C4B1978BDE83840FAF762BD084BDB68002BEED06F
:2052A00028680028F0D0F0E7064B1D681835CCE7184800200C480020343800201C380020D5
:2052C000E04A002010480020802802D1024B00221A600120704700BF04C500400120704730
:2052E00030B5134C0123236083B0FDF725F86FF003031D1A03E0FDF71FF8C54203D5D4F84A
:205300000031002BF7D00A4B0022C3F80021D3F80825D3F80835920544BF6FEA83536FEAF5
:205320009353034A019301235360019803B030BD00C0004010B541600446EFF75FFD206024
:2053400010BD00BF10B50446EFF758FDD4E90021C2F101031844884284BF5218226010BDC0
:2053600010B50446EFF74AFD206010BD10B50446EFF744FDD4E90032C3F1010318448242A7
:205380002CBF0020012010BD30B4144B1448154D4FF0A04100220324C3F80025C1F8744756
:2053A0004FF00054C1F80845C1F87C271F241D21C3F8245582B0C3F86C25C3F81445C3F8F6
:2053C0000C15026001680191019C074A04200121C3F80005116002B030BC70470020004035
:2053E0001C21004000E0D70108200040074B0849084A0020186082B01B680193019BD1F8D5
:2054000018051368C0B202B0184700BF0821004000200040D038002050B110B5054B044661
:205420009B6C984721460448BDE81040F6F7F8BE704700BF141E02001403002008B5F4F7B2
:20544000BFFBBDE8084002490248F6F797BD00BF1954010014030020F8B505469DF81820A6
:205460000B481E46079BF6F76DFE044668B1094BD5F800C06F68A968EA689B6CC0F800C07E
:2054800047608160C260467498472046F8BD00BF14030020141E0200002834D02DE9F04111
:2054A000884688B061B307461848F6F7EBFD064630BB3D682868EB686968AA6803AC0FC42C
:2054C00028462B8A2380FFF7A7FFC8B1052300939DF81C209DF81D300196414603A8FFF7C4
:2054E000BBFF0546386058B103AC0FCC28606960AA60EB6023882B82304608B0BDE8F0813A
:205500004FF0FF30F9E74FF0FF3070471403002001460148F6F7E8BE1403002070B5B8B1F9
:2055200005460D48F6F780FD044688B10A4E03E0F6F746FD044658B129461022204605F024
:2055400032FF034621463046002BF1D1204670BD0024204670BD00BF140300200146014837
:20556000F6F790BD1403002008B5FFF7D7FF28B10146BDE808400248F6F7B6BE08BD00BFF5
:2055800014030020704700BF08B50348F4F78AFC024B00221A6008BD24030020F4390020A3
:2055A0000020704700207047704700BF0C4B1B68A3B1984210B5044602D105E0A34203D040
:2055C0001B68002BFAD110BD21460548F4F76EFB21460448BDE81040F4F792BC704700BF26
:2055E000F43900202403002038B5054670B1084B1C6814B908E0246834B110222946201DE3
:2056000005F0D1FE0028F6D1204638BD0446FBE7F439002070B5C0B10E460546FFF7E4FFF5
:205620000446A8B128686968AA68EB68251D0FC51EB901232377204670BDA661EFF7FAFBE1
:20564000002360612377204670BD0024204670BD0548F4F739FC04460028F6D0014603484B
:20566000F4F706FBDEE700BF24030020F439002038B5084B1C685CB1251D2846FFF74EFF62
:2056800008B1437C13B92468002CF5D1284638BD2546FBE7F439002038B50A4D2C6824B19E
:2056A000237F1BB12468002CFAD138BD04F11400FEF74AFB0028F5D02046FFF777FF2C686E
:2056C000EDE700BFF43900202DE9F04702FB0106B0429DF820A0DDF8249016D2044617463A
:2056E00098464FEADA0A05E005F05DFEA8B13C44B4420AD2257C204652464146002DF3D1B8
:20570000C9F800403C44B442F4D3D9F80030002B14BF01200220BDE8F087C9F80040BDE847
:20572000F08700BF004870473C3A002080B32DE9F041DFF8648082B0CDE900184FF0000C1E
:205740000D4617461E46044603461C221148C8F800C00321FFF7B8FF012803D0002002B0EC
:20576000BDE8F081D8F800C08CF810002068E3686168A26864460FC4D8F80000089B4361B5
:20578000099B45748774C674836102B0BDE8F0810020704794420020643A0020F8B50C4B3C
:2057A0000C4E1C460546336003F15407237C2046294623B1627CD20805F0F5FD28B11C34F0
:2057C000BC423460F2D10020F8BD0120F8BD00BF94420020643A0020A0B130B583B00A4C97
:2057E00001948022034600250092084825601C220321FFF769FF10B9206803B030BD0020CC
:2058000003B030BD002070475C3A002098410020F0B4124B124F05461A463B60184603F168
:205820005404002148F2FE0608E0437CAB420AD01C30A0424FF001010CD00246037C002B06
:20584000F6D06B1CF1D10388B342F1D121B13A60F0BC704738600020F0BC70479841002014
:205860005C3A0020F0B4124B124F05461A463B60184603F15404002148F2FE0608E0437C1A
:20588000AB420AD01C30A0424FF001010CD00246037C002BF6D06B1CF1D10388B342F1D0B4
:2058A00021B13A60F0BC704738600020F0BC7047984100205C3A002000B370B582B0104DE8
:2058C0000195802300930446034600260D482E6012220721FFF7F8FE012802D0002002B04B
:2058E00070BD2B68187420686668A168E268186028685E609960DA6002B070BD0020704704
:20590000603A002010420020002847D02DE9F04782B0234E01968023009388460346914671
:2059200004464FF0000A1F48C6F800A01C220321FFF7CAFE0128054603D0002002B0BDE831
:20594000F0873768387420686168A268E3680FC7376887F81290B8F1000F16D1FD741248DF
:205960000122FF237A740373637B4373E389C38140F2FF2100224FF0807380E80E00FFF728
:205980009BFF306802B0BDE8F08787F813A0C7F81880EFF74FFA78613768E0E70020704739
:2059A0005C3A0020984100204C3A0020A0B130B583B00A4C0194802203460025009208484C
:2059C000256012220721FFF77FFE10B9206803B030BD002003B030BD00207047603A002031
:2059E0001042002038B50D4BFF221A73427B5A7304464FF0807140F2FF2000251860E289E5
:205A0000996018465D60DA81FFF7D0FF044B186000B105740023237438BD00BF4C3A00204D
:205A2000603A002008B1FFF7DDBF704738B5124B124C1846236003F1540504E020681C301C
:205A4000A842206010D2037C002BF7D0C37C002BF4D11430FEF778F90028EFD02068002819
:205A6000EDD0FFF7BFFFE9E7FFF716FEBDE838400348F3F70FBB00BF984100205C3A002051
:205A8000E84200202DE9F04F0B8848F2FE094B4505463BD00B78FF2B38D03A483A4E0023CB
:205AA0000246306000F154089A4603E01C324245326022D0107C0028F8D0507C0128F5D16E
:205AC00010884845F2D001F1FF3C571E00201CF801BF17F8014FA34500F1080E3FD15FFA92
:205AE0008EF08028F3D1504528BF134602F11C0228BF824642453260DCD12BB31C460FCC46
:205B000028606960AA60EB60BDE8F08F1D4B1E4E1946336003F15404002048F2FE0705E065
:205B20001C33A3424FF001000DD019461A7C002AF6D05A7C012AF3D11A88BA42F0D10028E3
:205B4000DCD03160DAE7336000232B806B80AB80EB802B816B81AB81EB81BDE8F08F00F120
:205B6000080E8BEA04045FFA8EFE670014F0800F00F1010CFCB2B6D15FFA8CF08645F4D11B
:205B8000B1E700BF984100205C3A00200B684A688360037AC26083F002030372704700BFF5
:205BA00051F8083F4A6803600378426083F002030370704770B5094E70684508FAF762F994
:205BC0000446FAF75FF924027268A4B22044B0FBF2F302FB1300284470BD00BF8841002097
:205BE000F0B53C4A548813889088D1881589234303430B4354899089D1892B432343034390
:205C00000B439BB283B023B9C2E90133FD21D3601160314E314CFFF711FCFFF7B5FC54221D
:205C200000212F4805F0F5FB30464FF48472002105F0EFFB2B492C4B4FF4A0604EF6602244
:205C40004027306072601C20102286F806711A700870FFF7AFFF002539464FF47A77CDE9E4
:205C60000055F76048F2FE072B46B0602A4686F80751C4E900752046FFF758FD1B4B1868B9
:205C8000596804F1080303C3237A2946012283F002032046237240F2FF26FFF735FE4FF01C
:205CA0008073E360C4E9015520462660FFF704FE4FF00073C4E90065C4E902532046FFF7A5
:205CC000FBFD0B484FF4F05103B0BDE8F040F3F7D7B900BF3C3A0020884100204C3A00200F
:205CE00094420020914200209042002004430020E84200202DE9F047DFF8548008F108031C
:205D00000FCB84B06E4686E80F0098F8077000F017FE0E4B1C689CB1DFF838A0DFF83890C0
:205D200065683946304645B1BAF80030B9F800202C3B2C329BB24244A8472468002CEFD1F9
:205D400001F072FE04B0BDE8F08700BF683A00200C430020F8420020943D0020F8B51C4FBF
:205D60001C4A3B7E92F80621FA71FF2B22D007F1080696E80F00184D07F1180485E80F0044
:205D800094E80F0086E80F0095E80F0084E80F00124C00F0D5FD23882833FA1881200021FA
:205DA000F852518000F028FD23880D4A1344C0435880F8BD07F1080494E80F0007F1180526
:205DC00085E80F0029462046FFF75CFEE0E700BF0C43002088410020703A0020943D002089
:205DE0003443002008B5094B1B6863B11A7A8242FAD15A7A914201D0FF2AF5D15B6813B153
:205E00009847002008BD012008BD00BF6C3A002001460148F3F7FEBE6C3A00202DE9F84FFA
:205E2000494B1B783A2B05460E46174600F08480464C62892389A1891343E2890B43218AD9
:205E40001343628A0B43A18A1343E28A0B4313439BB2002B42D0237AFF2B3FD03C4BDFF863
:205E600004A11B6BDFF8F0B0DFF8F090984704F11808BAF800C098E80F000CF1300C1FFAE2
:205E80008CFCBCF5A06F28BF4FF4A06C8BE80F000023ACF13002214604F13000AAF800C022
:205EA000A9F8003005F09BFA04F108030FCBDFF8B8E09BF800C09EF806E184F807E088E89B
:205EC0000F004FF0600E3A23BCF1FF0FC4F800E0A37107D1042D01D1022E03D0BDE8F84F74
:205EE00001F0A2BD1B481C4900F12408FFF7CAFDB9F800B00BF128033846E5541C44A8F178
:205F00000405667001F048FDBAF8001048F80B00283989B2A8F12C0001F0CAFDB9F8003065
:205F20002B4400225A8000F067FCB9F800302B44C0435880BDE8F88F084A094B1288D356E3
:205F4000002BFFF675AFC9E7D63D00200C430020141E020014430020703A0020943D002045
:205F600034430020F8420020884100202DE9F8439EB21D4B1D4C93F80631E3710546331D24
:205F800060208846206099B220463A231746A37101F08EFD2DB328686968AA68EB68DFF8BB
:205FA000549004F118050FC504F10800A5F11001FFF768FDB9F8003028331A19002103F88D
:205FC00004805770518000F017FCB9F80030084A1D442C36C04368801680BDE8F843FEF756
:205FE000B5BFBDE8F88300BF884100200C430020F8420020943D002008B505480549F3F769
:2060000009FEBDE8084002480349F3F703BE00BF6C3A00203C030020300300202DE9F04FBF
:20602000994CE379FF2B85B040F09A80974EB6F800C00CF12C0020440379FF2B00F09080F0
:2060400004F1280363445B78002B40F08980904FDFF854A239888F4DCAF800300CF1420EBA
:2060600014238E452B800CF140025DDADFF83C9204F1080B04F12C0812E02B88B6F800C00C
:2060800039880CEB030242440CF12C00527803EBC2039BB2C21802F1020E8E452B8042DA53
:2060A00063442C33E0184078002859D0E35C012BE3D102F109038B4252DA61892389A08903
:2060C0000B43E1890343208A0B43618A0343A08A0B43E18A03430B4322449BB2CAF800208D
:2060E000002B3DD052F8020F516802AB03C35846FFF714FA0246C9F80000002835D0FFF713
:2061000007FA014660B3DAF800000822023005F04AF9002832D1D9F800305A7C002AACD115
:2061200002225A74A9E720440430FFF755FB5A4D2860A8B162892389A1891343E2890B43A7
:20614000218A1343628A0B43A18A1343E28A0B4313439BB223B1514F3846FFF73DFBC0B195
:2061600001F062FC05B0BDE8F08F05230190009302A902235846FFF76FF97EE702A9484641
:20618000FFF78AF90028EBDBD9F8003002225A7473E7228B40F2FF239A420CD1A28B638B76
:2061A000E18B1343228C0B4313439BB21BB9638CB3F5807F56D0DFF8F8804046FFF70CFB1C
:2061C0002B688342CCD197E80F0088E80F003388434418330FCB87E80F0001F025FC602343
:2061E00029482360282101F063FC328829682C4F02F1280002F12C034FF63A7E4FF0880C3F
:20620000E025A4F806E024F800C0E55440322344D1F800C0D1F80480D1F808E0C9681961D7
:206220002518A018C3F804C0C3F80880C3F80CE002210023D7F800E07F68A1544170C0F8C6
:2062400002E0C0F80670C0F80A30C3816B8000F0D3FA3388134A1344C2435A80502001F0A1
:206260001BFC7FE794F82430FF2BA4D197E80F0007F1100C8CE80F0033883B4428330FCB8E
:2062800087E80F00A9E700BF0C430020943D0020F8420020903D0020803A00201443002039
:2062A0000443002034430020883A0020843A0020244300200148FFF7ABBD00BF48030020C8
:2062C00010B5084B84B09B690C4601466846984721466846102205F066F8B0FA80F040094B
:2062E00004B010BD141E020070B50B4B1C6844B106460D4615B1A368B34205D02468002C03
:20630000F8D10024204670BD29462046FFF7D8FF0028F3D0204670BD8C3A002030B5114BB6
:2063200087B005465B69019102A8984701992846FFF7DAFF02A904462846FFF7D5FF5CB1EB
:2063400084420CD01023646934B1A04207D0013BF9D1184607B030BD204607B030BD0120CA
:2063600007B030BD141E020070B515460646FFF7BBFF30B10446406918B115B183689E429B
:2063800000D070BD2946FFF79BFF0028F9D063683C2B84BF3C23636070BD00BF2DE9F8433C
:2063A0009146064698460F46FFF79EFF494604463046FFF799FF0546B9F1000F00D068B328
:2063C000E4B1C4E901863A46394652F8083F52682261E3603046FFF7A1FF18B965612046DB
:2063E000BDE8F8833046394666696561FFF796FF0028F4D166612046BDE8F8830D48F3F7EF
:2064000063FD0446A0B10023436101460A48F3F701FC0A4A136801331360D2E70246494634
:206420004FF0FF333046FFF7B9FF05460028C7D10024D4E7540300208C3A0020203C002004
:2064400010B5044B044800241C60F3F72BFD034B1C6010BD203C0020540300208C3A0020BA
:206460002DE9F047184F3D6895B1DFF86080DFF860900646BA462C462D68636853B15A1C67
:2064800004D0B3428CBF9B1B00236360002DF2D1BDE8F0873B6813B905E01B681BB15A69DA
:2064A000A242FAD1F2E721465046F3F7FFFB21464046F3F725FDD9F80030013BC9F800304C
:2064C000002DD8D1E4E700BF8C3A002054030020203C0020F0B50B4E346883B084B10A4D2A
:2064E0000A4F0194214630462468F3F7DFFB01993846F3F705FD2B68013B2B60002CF0D136
:2065000003B0F0BD8C3A0020203C00205403002038B511B1B2F59A6F03DD094C00232380E8
:2065200038BD084D064C28600748228004F057FF042000F0A3FAFEF709FD0023238038BD95
:20654000CC490020104800203C4300202DE9F04184B0BDF828E0E3B104461D4694460F4647
:206560000FC86E4686E80F0028686968AA68EB68B4F8128025460FC5624639462046A4F8A7
:2065800012E0FFF7C5FF96E80F0084E80F00A4F8128004B0BDE8F081013AF0B48E18B142D7
:2065A0001DD2CF43F51925F001030D1D1D448A1C12F8024C12F8013C03EB04239BB2184425
:2065C00080B2834288BF013002F1020288BF80B2AA42EDD1F31923F00103023319448E42AD
:2065E00001D0F0BC7047337800EB032080B2B0EB032F3CBF013080B2F0BC704770B5134D69
:2066000082B00646284601F057FA114B1C88031B9BB2ADF80630BDF8063016FA83F005F1A2
:206620000801202280B2FFF7B7FFBDF8062004F12801294492B2FFF7AFFF18B140BA80B2EE
:2066400002B070BD4FF6FF7002B070BD0C430020943D00202DE9F0414678C478F6000836F3
:20666000231D9E4200F102021FDB0221DFF88880074602340D461378012B0AD0632B1FD025
:20668000DBB103F0C003802B2FD0C02B21D0402B1CD02C44A5B26B1CB342294627DA7A1995
:2066A000547802346319B342E5DD124B04200221D21AFFF7B3FB022009E00135ADB2EAE700
:2066C000D8F83830384698470028E2D10120BDE8F081084B197EFF29F8D0D21A0221042006
:2066E000FFF79CFB0220BDE8F081024BF5E70020EDE700BF0C430020141E020070B41A4BCD
:206700001A4A1B8813441B7B03F0F004502C13D91B09053B9B00A2F128040025661996F846
:206720003C20012A1DD0022A08D02AB196F83D2012B115449D42F1D370BC704796F83D307E
:20674000042BF9D196F83E3096F83F2040F2C44442EA0323A34228BF2346038070BC0B805C
:2067600070470135E6E700BF943D00203443002030B4C478134A0C44E4B2D470837803EB88
:206780001123DBB293704578557000781070B3EB112F03D20135EDB2557085B1C9B28C42EF
:2067A0000BDA0133DBB293703BB953780133DBB2537013B913780133137030BC704701300B
:2067C0001070EBE70043002010B5094C2368014603F11400FFF7CCFF064A23685078147820
:2067E0009178D2781C7558759975DA7510BD00BF18480020004300203A20FFF7FFBE00BF50
:2068000010B501F001FAFFF7EBF9FFF7F5FBFFF751FD174B002203F1280023F8022F834212
:206820004FF00001F9D11348134B144C80F8251080F855204FF4806180F8852080F8B5200D
:2068400080F8E52080F8152180F8452180F875211A821A86A3F85020A3F87020A3F8902064
:20686000A3F8B020A3F8D020A3F8F020218010BDA24900201C480020D0490020923D002052
:20688000F0B5DFF8B8E0274DBEF8006084460136B6B2B6F5FA4F28BF4FF48056224A370A50
:2068A00047EA0627BFB2134693F8254014B11C8ABC42ECD030339D42F6D1AEF80060002468
:2068C00002E0303295420FD092F8253043B3072BF7D11CB392F8260094F82630984288BF6D
:2068E000144630329542EFD1B4B1104B10481D68104A114B27820026C4E90565C4E9070256
:2069000061826362DCF80000DCF80410DCF80820DCF80C3025460FC52046F0BD1446D0E7A4
:206920001446E2E79C4900201C480020243C00200100C404C404001003020100923D002095
:2069400070B5164B1C8804B3154E328804F1270393421DDA134D144B04F12801283A1B787C
:20696000AB71121B294405F1280004F038FD604200B201F073F8044640B1318828392846A7
:2069800089B201F095F8204670BD0124204670BD002401F049F8204670BD00BF943D00205A
:2069A000F84200200C430020D63D00202DE9F041DFF89C80234CB8F8007084460137BFB29F
:2069C000B7F5FA4F28BF4FF480571F4A3D0A45EA0725ADB2964613461E8AAE4203F1200373
:2069E000ECD09C42F8D1A8F800700023168A203236B10133082BF9D100263046BDE8F08145
:206A00000EEB43165C0135827182BCF1000F12D0DCF80000DCF80410DCF80820DCF80C30B7
:206A200035460FC5094A0EEB040392F806211A753046BDE8F0814EF804C0C6E901CCC6F8A4
:206A40000CC0EFE7D04A0020D049002088410020923D002010B4084C0023224602E0013390
:206A6000142B06D032F8021B8142F8D1002224F813205DF8044B7047A44900202DE9F04F00
:206A800004288BB000F0AC80DFF8C8A2DFF8BC82DFF8C492A54CDAF80050C8F800400328B2
:206AA000C9F8004026D0022800F0E280052800F090819F4B01931B88272B0FD914F83C3C56
:206AC00003F0F003602BA4F13C0407D1204600F0F3FF019B1B88834280F09781954EDFF80A
:206AE0007CB200F0A1FF00238BF8003033700BB0BDE8F08F95F8253003F00F03032B00F07B
:206B00003181022BEAD18C4A02921788894E884A01923C3C2837274400227A7304F1280226
:206B2000039204F11802049201997B7340F202424CF20443BA82FB82402260230A803B73C2
:206B40002B7D3B726B7D7B72AB7DBB72EB7DFB722B7E3B716B7E7B71AB7EBB71EB7EFB718D
:206B60002B8A3B806B8A7B806023238095E80F00049F87E80F007149A1F11000FEF782FF10
:206B800095F82530039A13F0100F029B1B88134414BF00224CF20442DA81019B68481988FC
:206BA000684B062593F80631E371283989B2A57100F07EFF029F3B882833234400221A82DE
:206BC0005A822846FFF71AFD3B88039A1A44C043108200236380002333700BB0BDE8F08F60
:206BE000544EDFF87CB1BBF80030002B3FF477AF534C4F4A504D03F108012046303389B2B2
:206C0000138000F055FF504B29881B68BBF800201F7DE77128316018083252BA4FF0110898
:206C2000002784F80680C78082801A8A6027278062525A8A42800FCB04F1180787E80F004A
:206C4000394604F10800FEF71DFF404B04F13C0240461A60FFF7D2FC2B88C043283380B2E2
:206C60002344002840F0CF804FF6FF72DA80B0E700F0DAFE364ADFF8E8B0D3780133DBB29C
:206C80000021D370ABF8001063B993780133DBB293703BB953780133DBB2537013B9137858
:206CA0000133137095F8253003F0FD02052A00F0A681002B3FF412AFAA8B002A00F0BE8156
:206CC00095F82620511E85F82610002A7FF406AF95F82720082A00F0D581591E012940F24E
:206CE000CE81042A104603F00F0328BF0420032181400132581E85F8272085F8261007287D
:206D00003FF6ECAE01A252F820F000BFD76F0100C76F01007F6F0100536F0100DD6A010070
:206D2000536F0100DD6A0100536F010048430020F84200200C480020943D00202443002094
:206D40000C430020884100201048002014480020243C002018480020FC420020D53D002057
:206D6000CC490020AB8BAC4E002B7FF4B8AE0823DFF8C0B23370FEF761FA337813F0200273
:206D800040F06781D80600F19681BBF80020002A40F0AB81D9F80030C8F8003085F82720E7
:206DA00033789A077FF59BAE9C4B9D4C1F889D4902932837274410227A7304F128023C2371
:206DC000039204F11802019104920B8050233B73B6E6954B1B681B8A002B3FF47FAEDFF835
:206DE00054B290498C4E00230C3C0822C8F80040C9F80040ABF80030CAF800300B80327052
:206E0000FEF71CFAEFE6D880E3E6204600F054FE283081B2019BB1F5A06F19803FF65EAE13
:206E2000824A00232046137000F080FE00283FF455AE237A7949029104F12802801AFF2BD9
:206E4000039208803FF44AAE0199754809880DF12702012300F036FE20B19DF82730002BAB
:206E600000F05581724B04931846FEF7B5FC002800F05681019BDFF8C0B1198868480025AB
:206E800001230DF127028BF8005000F01BFE0546002842D09DF82730062B00F04782112B34
:206EA00000F0DF813A2B00F09581002B00F07D812B3BDAB2112A31D8112B2FD8DFE803F0CB
:206EC00013112E2E2E2E2E2E2E2E2E2E2E2E2E2E11353046FFF792FB4FF6FF73984200F04A
:206EE000CB814D4EFDE59BF80030590716D4EA7843F004038BF80030002A40F02784019BCC
:206F000019882B1BC91A284689B200230DF1270200F0D8FD05460028BCD100252A1B012163
:206F20000420FEF77BFF3C4E55E69BF800309E0740F14B815806F1D443F040038BF8003048
:206F40002846FFF787FB0128CBD00228D7D1324E41E6334C314B0293324B019304F128034D
:206F600003932D4E04F118030493029B1F882837274411237B73019A3C23138026E7264E1B
:206F800004233370FEF75AF9BBF80030D9F80020C8F80020002B3FF403AFAB8B002B3FF487
:206FA000FFAE1E4A1E4C17881E4902923C332837182227440B8004F128030393A3180191B7
:206FC0007A73049302E7154A02921788154A144C114E01929EE5124C104B0293114B019340
:206FE00004F1280303930C4E04F118030493029B1F882837274410237B73122394E595F870
:2070000026300133DBB2782B85F8263004BF002385F8253062E500BF0C480020943D0020C0
:207020000C430020F842002010480020D63D002024430020CC490020D53D002003F00F03E9
:20704000032BAF4E7FF44BAD08233370FEF7F6F893E6AC4BAC4C1F880293AC4B019328375B
:20706000002385F825302744ABF8003004F128031422039304F118037A7304937BE7052ACC
:207080007FF42FAE9F4C9E4E0294002385F8253080233370FEF7D2F827889B4C9B4B019329
:2070A0002837274414237B7304F12803039304F1180304935FE7934B934C1F8802932837E6
:2070C000274411230120042185F82720A88385F825107B7304F11803ABF80020049304F1DD
:2070E00028028A4B0392019345E7D90707D4AB8B2BB1ABF80030002285F8272046E7EB8B13
:207100009A4294BF1346ABF80030AB83F3E7FFF7A1FA01283FF4E2AC02287FF4A3AE16E7A6
:207120000498FEF743FC00287FF4A4AE237EFF2B3FF4D4AC238B228948F2FE018B4200F0C5
:207140008C808A426CD06189A0890A43E1890243208A0A43618A0243A08A0A43E18A0243BE
:207160000A4392B2002A3FF4B9AC628BA18BE08B13430B43228C618C03431343A28C0B43E1
:2071800013439BB223B9E38CB3F5807F3FF4A6AC019B1B88B3F5A06F3BD8E379012B40F212
:2071A000CA82013B564EE37115E59BF80030DF073FF5B4AE43F0010328468BF80030FFF7C8
:2071C00049FA01287FF4C1AE8BE643F002038BF80030B5E61846FFF711FA4FF6FF7398427A
:2071E0007FF47FAE029D039A2B88D05CFDF782FE2B882833E218E05C5178FEF7F3FD012845
:2072000000F0A182019B3E4E1B88002B7FF4E3AC67E44FF4A06200210220FEF7FFFD96E623
:20722000658BA18BE28B208C2B430B431343618CA28C03430B4313439BB2002B00F08E828A
:207240003348FEF7ABFA024600287FF447AC02210120FEF7E3FD2A4EBDE49A427FF43EACD8
:20726000EEE71E46FFF76CFB029B039A1B881A44D388002B7FF42DAE029B1E88283626445E
:207280007588002D3FF42DAE224F234CDFF894B03C6005E0214B20349C423C6000F0B880D8
:2072A000238A002BF6D09D42F4D1638A2146102258461BB1B6F800C09C45EBD123682BB922
:2072C00063681BB9A3680BB9E3681BB104F06BF80028DFD101990A4E0B88DFF84CB0104A48
:2072E000C8F80020303B0B80002302213170ABF80030CAF80030C9F80020FDF79FFF72E443
:207300000C480020943D00200C430020F84200202443002010480020D0490020D04A0020CD
:207320003C43002014430020CC4900201E46FFF707FB3046FFF762F94FF6FF7398427FF4DB
:20734000D0AD029B1B882833E7187E88002E3FF4C8ADE35A0693002B3FF4C3ADB54D082369
:2073600029460593254605E0059B013B01F13001059353D091F82540002CF5D00B8AB34293
:20738000F2D14B8A069A9342EED1AB480791102204F009F807990028E6D123462C460D46C2
:2073A000797BA64ECAF800504A07307000F1E481387B019A00091288800000F1270C94451E
:2073C000BFF68FAB283A121A1FFA82FE03F00F00019A0228A2F800E000F0C78101284CD0D9
:2073E000BEF1000F4FD18A074DD1C90602D5A98B002965D1013807283FF673ABDFE810F045
:207400000F01A3003F0126010102F5014F008A00002204210120FEF701FD98E57B7B03F0BF
:207420003F03022B2C4640F0AF81854A059B02E0142B00F0A98132F8021B8E4203F1010352
:20744000F6D100227B4B154605E00132082A03F1300300F09B8193F82510002900F0BE818D
:207460000729F2D1002D00F0BE8193F8260095F82610884288BF1D46E7E701F03F0CBCF11E
:20748000020FADD1B1E7B7F804C0AA8A944511D08B0704D501283FF4AAAD022806D0029BA9
:2074A0001F882837274410237B7364E541F00203FFF73ABBB7F806C0EA8A9445E8D194E7DA
:2074C00005F11800FFF754F9029B5E4A1B881178283323441F7A8F4200F0C38195F82530A8
:2074E00003F00F02013A072A3FF6FBAA01A151F822F000BF397801002F7501007F76010039
:207500004D76010003780100EB7701009F740100157501003378DB077FF5E3AA002385F8FB
:20752000253010233370FDF789FEFFF7DABA3378DB0708D5029B039A1B8813445B7B03F0B4
:207540003F03122B49D020233370FDF777FEDAF80030002283F82520029B18882830231890
:207560005A7B51073FF5BDAA5F89DD799979DF80019F5A7993F809C0997241F2504E0135BB
:207580004FF03C08EDB2A7F80080A3F80CE01F7993F808E0DD725A7283F805C01F7283F8B1
:2075A00004E04DB90131C9B2997229B90132D2B25A720AB97A1C1A725988225A1E4D2152A4
:2075C0005A8095E80F00049F87E80F0005F110012846FEF757FAFFF7E0BA05F1200105F1CC
:2075E0001E00FFF78BF8029BDFF85CB01B8828331C440323A188E288A982EA8285F82530F4
:2076000001200024FFF7E0F84223AC83337000F00BFAABF80040FDF711FEFFF7AEBB029B49
:20762000039A1B8813445B7B03F03F03022B7FF458AADCE41C480020144300200C480020D7
:20764000A449002000430020CC490020019B1888002840F07B81029B039A1B8813445B7BEB
:2076600013F0010340F067813278D00700F17581019B1B88002B7FF412AFFFF732BA029A67
:20768000128828322244517BCF071FD5D8061DD4AB8B002B7FF425AA019F3888013080B2C5
:2076A000FFF792F833783A8843F01001317012B143F012033370FDF7C1FD01230822AB831C
:2076C000002385F8252085F827304EE489060FD5019F917CD27C388842EA01228242D8F8AE
:2076E000001028BF0246801A0A443880C8F80020019A108810B1DF0640F13581029B2A8CB8
:207700001B8828331C44A17BE37B03EB01239BB29A4202D3002B18BF1A463378EA839C0764
:207720003FF4DFA9DFF860B20023ABF80030FDF785FDFFF722BB002211460320FEF76EFB6C
:207740008C4EFFF748BA00F06FF95BE58A4BDB6B984700287FF41CADFFF7E0BBE38CB3F5B9
:20776000807F7FF46DADFFF7B9B901F03F0CBCF1120F7FF435AE38E6202385F8250033700F
:20778000FDF75CFDFFF7ADB97A4EE5E6002D3FF4A8AB7A4BDFF8F4C12E820FCBDCF800E06B
:2077A000069E6E8285E80F004FF4806C7449BA88FB88C5F818E00120A5F822C06962A883BD
:2077C000AA82EB82CAF80050FEF7FEFF05F1200105F11E00FEF792FF664E08E4694B3025B2
:2077E00005FB0235D5E71D462FE63378DA077FF578A90722002385F8252085F82630FFF726
:2078000070B9019B1888002840F08A80029B039A1B8813445B7BDB077FF563A907220023E9
:2078200085F8252085F826300120FEF7CDFF10233370FDF703FD32E63378DA077FF5EFAE52
:20784000019B18880323402285F8253000233270AB8300283FF466AF42233370FEF7B4FF7F
:2078600060E75178587A88427FF438AE92F802C0997A61457FF432AED278DB7A93427FF4C4
:207880002DAE95F827202F766876A976EB761ABB95F824C095F8267095F82200ACEB07037D
:2078A000A3EBD00350FA83F15AB2C9B2002A85F822104FEAD00303DAA3EB0C033B445AB238
:2078C00095F82330A3EB93031344DBB203EBD10185F8241085F8233095F8253095F82420CC
:2078E00085F8262003F00F0201200021013A3070A983072A3FF6F5A801A151F822F000BFB9
:20790000417801002F7501007F7601004D76010003780100EB7701009F74010015750100D0
:20792000FEF752FF029B039A1B8813445B7BD9077FF59EAE72E73378DF070AD50023072242
:2079400085F8252085F82630AB836DE7FEF73CFF81E6062385F8253066E70522AB8385F85F
:207960002520FFF7BEB8337843F002033370FEF72BFFC3E60C480020141E020014430020E9
:20798000030103001C480020CC490020243C002040BA80B2704700BF054A030C02EA002299
:2079A0005BBAC0F307209BB2104343EA0040704700FFFF0010B4184B1C680A46DCB1174B2C
:2079C00017491B880B44E31AC3F5986304339A42A8BF1A46002A0BDD124B84421A8007D025
:2079E0007CB1014692B220465DF8044B03F0E9BC5DF8044B704740F2C4418A42A8BF0A4618
:207A0000E8E7064B064C1B88014692B2E0185DF8044B03F0D6BC00BFFC420020943D002097
:207A200048430020CC49002030B4074B074C084D0FCB84E80F000749074A00230B80137061
:207A40002B8030BC704700BF383C0020283C0020F8420020943D0020D63D00200C490B889B
:207A60001A18B2F5A06F11D810B40A4C2288C24208D480B2024418440880228001205DF81D
:207A8000044B704700205DF8044B704700207047F8420020943D0020B0F5A06F98BF034AEB
:207AA00003469ABF1380012000207047F842002049BA8180704700BF0379407900EB032082
:207AC00080B27047BBB1837913702823994219DB1278062A184417D0112A1BD03A2A1FD042
:207AE0009A1C8A420ED84278D200083213449942B8BF00207047037813704378DB00083309
:207B00009942E5DA00207047142213449942B8BF00207047082213449942B8BF0020704794
:207B2000042213449942B8BF00207047F8B5012307461546FFF7C6FFD0B10E46044609E063
:207B4000BCF1110F12D0BCF13A0F0FD0FFF7BAFF044668B195F800C0E11B711ABCF1060FF9
:207B600020464FF000032A4689B2E9D12046F8BD00242046F8BD00BFF0B585B0012301924E
:207B80000DF10F02019D0746FFF79CFF04460E4668B91BE0BCF1060F1AD0BCF1110F17D040
:207BA000BCF13A0F14D0FFF78DFF044670B19DF80FC0E11B711AAC4520464FF000030DF17C
:207BC0000F0289B2E6D1204605B0F0BD9DF80FC0AC4518BF0024204605B0F0BD07289ABF3A
:207BE000024B33F810000020704700BF283C0020072803469DBF034A012022F81310002044
:207C0000704700BF283C0020054B00224FF6FF71C3E901221A60DA601A811980704700BF16
:207C2000383C0020F8B5037800245B2B08BF4378254608BF01304FF0FF323A2B19D04BBB35
:207C40000B19280A08555D700234102C51D0531C40D0101B8D181030A21A0844294603F018
:207C6000BEFB2846C4F11002002103F0D2FB0120F8BD2F0A0E190F55757045783A2D04F19D
:207C8000020429D000250E2C00F101061CD843783046D2E75D2BD3D02F2BD1D0A3F13006C0
:207CA000F7B2092F09D9A3F16106052E1BD9A3F14106052E0ED8A3F1370606EB0515ADB2B0
:207CC0000E2C00F10106E2D9002BBED05D2BBCD02F2BBAD00020F8BDB2F1FF3F08BF224621
:207CE00001300025CFE7A3F1570606EB0515ADB2E6E70120F8BD00BF2DE9F04F0E4687B0DB
:207D0000002972D0002A74D013888146002B44D00024DFF8F4A0DFF8F4B0551CA04602275F
:207D200009E0B8F1000F20DB53D008F10108102F17D00237023515F8012C2B7803EB0223FC
:207D40009BB2002BEDD0B8F1000F0EDD4FF0FF38311B09EB04005246FBF75AFF0444A6427E
:207D6000E5D8204607B0BDE8F08F022F09D1311B09EB04005246FBF74BFF0444A642D8D802
:207D8000EFE7311B09EB04005A460593FBF740FF0444A642059BDBD8E3E75388002BB7D185
:207DA0009388002BB4D1D388002BB1D11389002BAED154894FF6FF739C42A9D1D57B947B5F
:207DC000537B0093CDE90145137B0C4AFBF720FFC8E7311B09EB0400094AFBF719FF0444B9
:207DE000A642BED94FF00108A1E7084607B0BDE8F08F044AFBF70CFF0E20B3E79C1F02003B
:207E0000B01F02008C1F0200B81F0200B41F020041B94FF0A04303214FF40022C3F84C1773
:207E2000C3F80C25704700BF30B40A4B0A4D1D604FF080520949146952695C6102FB04F288
:207E40000024C3E90244491B59601A6130BC0448EAF772BA583C0020001000001024020035
:207E6000BC1F02002DE9F047032908D8DFE801F009342A021B491C4A00230B701370BDE81B
:207E8000F0871A4F1A4EDFF86CA08846814606E0402231465046EBF713FF0028EFD1484663
:207EA000EBF70AFF3B680546002BF1D00028EFD0444600E03B68305D0134E4B29847A542EB
:207EC000F8D8E5E740220A490A48EBF7F9FE064B01221A70BDE8F087024B00221A70BDE86E
:207EE000F08700BFD93D0020D83D0020703C0020FC3C0020E01F0200083808B5062805D8B4
:207F0000DFE800F00E161F040404050008BD0F490F4A00230B701370BDE80840EAF7E8B950
:207F2000F6F73AFC0028F1D1BDE80840EAF7DEB90649074A00230B701370BDE80840EAF740
:207F4000EDB9BDE80840EAF7D5B900BFD93D0020D83D002008B5ECF72FFD0948EAF722F9DC
:207F600000B108BD0748EAF7E7F90028F9D1EAF7A5F90028F5D1044A044B1070187008BDB2
:207F800004200200E01F0200D83D0020D73D0020124B1B780BB32DE9F041114D2B78D3B9CF
:207FA000104E3378BBB10123DFF840800E4F2B70327841463846EBF75BFE044600F084F8F9
:207FC000002CF5D12B7823B100F07EF82B78002BFAD100233370BDE8F0817047D83D002071
:207FE000D93D0020D73D0020E01F02003C3D0020114B1B78ABB1114B1A783F2A0DD810B432
:2080000019781A780E4C0132D2B21A701B786054402B0DD05DF8044B70471B78402B05D0E5
:20802000704703F0FF02054B1A707047FFF7B0BF5DF8044BFFF7ACBFD83D0020D73D002031
:208040003C3D0020014B1860704700BF703C00204FF0A0434FF49A510022C3F80815C3F87C
:208060000C25704700B5104B93E8070085B001AB83E807000D491846F7F720FB48B90C4821
:20808000F7F756FB60B90B4B01221A7005B05DF804FBE9F7C3FF0648F7F74AFB0028F2D06F
:2080A000E9F7BCFFEFE700BF1020020051800100DA3D0020DB3D0020024B1B7803B97047CA
:2080C000F7F728BBDB3D0020034B1B7803B97047024B1878F7F752BBDB3D0020DA3D0020FC
:2080E00010B582B08DED010A019C24F00043B3F1FF4F0BDB002CF7EE007A29DBB0EE407A51
:2081000087EE870A30EE270A02B010BD214A934207DDB7EE000A002CB8BFB1EE400A02B07A
:2081200010BDB3F1105F1BDBB3F17E5F21DB00F0D5FC30EE000A00F099FBB0EE007A30EE49
:20814000070AF7EE007AC7EE006A37EEE60AE2E79DED017A87EE870A30EE670A02B010BD99
:20816000DDED017AB7EE000A37EE800A20EE270ACAE700F0B3FCF8EE007A20EE270A00F03E
:2081800075FBB0EE007A30EE077AF1EE407A87EE870AC0E7FFFFAF4138B52DED028B55ECAF
:2081A000104B00F0A7F8184BB0EE408AF0EE608A93F9003001330DD022462B4620462946C7
:2081C00002F08EFE30B9204629460022002302F05FFE30B9B0EE480AF0EE680ABDEC028B70
:2081E00038BD00F0B7FC00220023212101601046194602F005FD41EC180BB0EE480AF0EE38
:20820000680ABDEC028B38BD4405002008B52DED028BB0EE408A00F031F9164B93F9003055
:208220000133F0EE408A12D0B0EE480A00F05EFC68B1DFED117AB4EEE78AF1EE10FA12DCEC
:20824000DFED0E7AB4EEE78AF1EE10FA04D4B0EE680ABDEC028B08BD00F07CFC2223DFED72
:20826000088A0360F3E700F075FC2223DFED058A0360ECE7440500208071B142B5F1CFC274
:20828000000000000000807F08B52DED028BB0EE408A00F0EBF9144B93F90030013314D00C
:2082A000B4EE488AF1EE10FA0FD6B5EEC08AF1EE10FA0ADCB5EE408AF1EE10FA08D100F0A1
:2082C00049FC22239FED090A0360BDEC028B08BD00F040FCBDEC028B21230360BDE8084021
:2082E000034800F011BC00BF44050020000080FF701C02002DE9F0415F4A57EC106BBA4396
:2083000000F09880002F10EE104A3B464EDD39155BD0C3F31303CA0743F48013A1F2FF3E72
:2083200003D45B0003EBD4736400E20F4FF0000C02EB43034FEA6E0E6400664616254FF4C0
:208340000012B118994202DC5B1A8E1894445B00013D03EBD4734FEA52024FEA4404F0D1F9
:208360002F4620204FF0004209E03ED0E10F01384FEA520201EB43034FEA44043ED0B34264
:2083800002EB0501F1DD002901EB020509DBB0469B1BA14288BF03F1FF33641A17444646BB
:2083A000E4E7002DF3DB06F10108F1E727F00042324336D0002F4DD13946E20A15396405DC
:2083C0001346002AF9D0D70251D400205B00DE02054600F10100F9D51A4623468440C0F1AF
:2083E0002000C3401343491B93E7A142BED8002901EB0205D5DB98460023CEE7234312D1E2
:2084000078084FEA6C0101F17F511CF0010F01F5001118BF40F0004001EB0E53024643EC46
:20842000102BBDE8F0817B1C16BF781C0CF1010C4008E6E710EE102A10EE100A3B4639467C
:2084400002F0B4FA32463B4602F0FAF841EC100BBDE8F08110EE102A3046394602F0EEF83C
:2084600002460B4602F0CCFB41EC100BD9E7234620204FF0FF35B4E70000F07F10EE103A34
:2084800023F00042B2F1FF4F57D84FEAD37100F098806448834253DC002BC0F28B80624BAD
:2084A0009A4252D9614B9A4200F29E80604B614A03EB810393ED004A02EB8102C1F1010365
:2084C00030EE444A92ED007A5B1A34EE470ADFED5A7ADFED5A4A9FED5A5ADFED5A5A9FEDB3
:2084E0005A6A60EE006AE6EEA74AF0EE407AA4EEA65AE5EE265AA5EEA66AE6EE667AF0EE89
:20850000676A002B47D0B0EE006A60EE275A76EE676A13F17D0F85EEA60AF7EE007A37EE05
:20852000400A30EE440A37EEC00A51DB10EE102A02EBC35300EE103A704730EE000A704761
:208540009FED420A20EE000A7047B2F1465F0AD2DFED3E7A70EE277AB7EE007AF4EEC77A8B
:20856000F1EE10FA5ADC60EE007A9FED335ADFED335A9FED336ADFED336A9FED337AE7EE02
:20858000855AA7EEA56AE7EE866AA7EEA67AF0EE406AE7EEC76AB0EE007A36EEC77A60EE85
:2085A000266AB7EE006AC6EE877A37EEC00A36EE400A7047264B9A427FF671AF9FED250AB6
:2085C0007047DFED247A002918BFB0EE670A704710EE102A643302EBC353DFED1F7A00EE8F
:2085E000103A20EE270A70471C4B9FED1D7A9FED1D6ADFED1D6A03EB8103D3ED007AE0EED1
:20860000077AB0EE404AFDEEE77AB8EEE77A17EE903AA7EE464A27EE267A56E730EE070A49
:20862000704700BF1772B1421872B13E9115853F242002002C2002004CBB31330EEADDB5DC
:2086400055B38A38610B36BBABAA2A3ECAF24971B5F1CF42000000000000800D1C2002003E
:208660003BAAB83F8071313FD1F7173710EE103A33F000422DD0002B32DBB3F1FF4F3FDABA
:20868000B3F5000F30B432DB00256848684CC3F31601084400F40002DB1582F07E527F3BAE
:2086A0000A432B4400EE102A01F10F05F7EE007A2C4030EE670A03EBD05324BBB5EE400A99
:2086C000F1EE10FA61D1002B40F093809FED590A59E09FED597ADFED577A87EE270A704790
:2086E00070EE407A9FED537A87EE870A7047DFED537A60EE277A6FF0180517EE903AC4E7CE
:2087000030EE000A7047B0EE007A30EE077A9FED4C3ADFED4C4ADFED4C5ADFED4C3A9FEDFF
:208720004C5ADFED4C7ADFED4C6A4C4880EE074AC1F55712084402F522720243002A07EED2
:20874000103A24EE046AF8EEC72A26EE067AE7EE034AA7EE235AE4EE875AE5EE076AE5EEE6
:20876000877A67EE867AE6EE877A2BDDB6EE007A20EE077A27EE007A53BB77EE877AA7EE81
:20878000C47A30EE470A30BC7047DFED357AB6EE007AA0EE677AF0EE477A20EE007A27EE45
:2087A000277A002BEDD007EE903A9FED2E6ADFED2E6AF8EEE77AA7EEC67A37EE400A97EED9
:2087C000A60AE0E713BB70EE677AA7EEC40ADAE7DFED246A9FED246A77EE877A62EEA66AB7
:2087E000E7EE846A37EE667A37EE400A92EE860AC9E707EE903A9FED1B0A9FED1B7AF8EE0B
:20880000E77A27EE800AA7EE870ABCE79FED157ADFED156A70EE677A27EE627AA7EE847A66
:2088200037EE400A92EEA60AADE700BF20FB4A00F0FF7F0000000000000000CC0000004C5B
:208840009788173E25333A3E2549923E4FD01C3E298E633EABAA2A3FCDCCCC3E305CCFFF0A
:20886000ABAAAA3ED1F717378071313F10EE102A8B4922F000438B422AD9B3F1FF4F7ED8CB
:2088800000F0D680002AC0F28A80864A934200F2F180DFED856A60EE266AB6EE007A37EEC8
:2088A000267A9FED826ADFED826AFDEEC77AB0EE407A17EE903AF8EEE77AA7EEC67A67EE24
:2088C000A66A37EE660A77EE407A77EEE67A07E078498B4256D8B3F14C5FC0F08280002348
:2088E000B6EE003A20EE034A9FED736ADFED735ADFED734A9FED735ADFED736A20EE047A26
:20890000F7EE003AE7EE065AB0EE086AE5EE874AF1EE085AA4EE875AE5EE076AB0EE635AFC
:20892000A6EE875AA4EE456AE0EE465A35EE466AC6EE256A66EE876A002B4DD076EEE76ABB
:208940005A1CD6EE807A37EEC77A63D0012B51D05A1C392A33D8162B71DC4FF080721A41FF
:20896000C2F17E5277EE407A00EE102A30EE670A10EE102A02EBC35300EE103A704730EE56
:20898000000A704751498B427AD8002A9FED477A47DBDFED476A30EE477A012391E7DFED00
:2089A0004C7A70EE277AF5EEC07AF1EE10FA64D4DFED3D6ABEEE007A60EE266A6FE777EE82
:2089C000407A33EEE70A10EE102A02EBC35300EE103A30EE630A704790EE267A30EE470A89
:2089E0007047DFED3C7A70EE277A77EEE77A30EE670A7047FDEE007AB4EEE70AF1EE10FA52
:208A00002FD530EE030AF8EE007A37EE400A20EE270A704770EE477ABEEE000AA7EE830A6B
:208A20007047DFED2D6A30EE077A4FF0FF3348E7002AFFEE007AB8BFB0EE670A7047C3F15B
:208A40007F02D20507EE902A77EE277A70EE677A37EEA30A10EE102A02EBC35300EE103A85
:208A6000704770EE477AB0EE007AE7EE873AB0EE630A7047002000F06BB8BFEE000A70470F
:208A80009FED097A002AF6EE007ABEEE006A60EE076AB4BFB0EE467AB0EE677AFFE600BF76
:208AA00043B895411772B1423BAAB83F8071313FD1F717371872B13EBBED57B4547E86365C
:208AC000CD70A6B8010DD03A898808BD9115853F6042A20DCAF24971D1F717B710EE103AFE
:208AE00023F0004300EE103A704700BF82B08DED010A019820F00040B0F1FF4FACBF002058
:208B0000012002B0704700BF9FED010A704700BF0000C07F10B582B004468DED010A00F00A
:208B200019F89DED010A046002B010BD9FED060ADFED067A002808BFF0EE407A27EE800A9E
:208B40002220FFF7E7BF00BF00000070000000F0FFF7ECBF014B1868704700BF70030020A2
:208B600008B5074B044613B10021AFF30080054B1868836A03B19847204601F059FD00BFD9
:208B8000000000003420020070B50D4D0D4C641BA4100026A64209D10B4D0C4C03F054F89D
:208BA000641BA4100026A64205D170BD55F8043B98470136EEE755F8043B98470136F2E77F
:208BC0004805002048050020480500204C05002038B5104B1D68AB6B0446B3B9182000F01C
:208BE000E7FA0246A86320B90B4B0C48422100F069F80B490B4BC0E900130B4B83600B233D
:208C0000838100210120C2E90401AB6B00221C615A6138BD70030020D9200200F020020059
:208C20000E33CDAB34126DE6ECDE0500174B10B51C68A36BB3B9182000F0BAFAA06328B92E
:208C40000246134B13484E2100F03CF8124A134BC0E90023124B83600B2383810122002342
:208C6000C0E90423A16B0F480A694B690E4C504304FB0300A2FB04345A1C044444F10000E3
:208C8000C1E9042020F0004010BD00BF70030020D9200200F02002000E33CDAB34126DE638
:208CA000ECDE05002DF451582D7F954C0A4601460248034B0068E8F73FBB00BF70030020CC
:208CC000D40300201FB514461A46094B1B680546D8684CB1074B0091CDE9013406492B4622
:208CE00000F00EF802F0DFFE044B1C46F3E700BF700300207821020085210200B3210200B9
:208D00000EB403B5014603AB054853F8042B0068019300F0D7FE02B05DF804EB03B07047FC
:208D2000700300202DE9F04F2DED028B89B008EE100A0493BC4B1B68019318468B469046A1
:208D400002F081FB019BDBF800200344824613F8013C0593931CC2F1FF2202F57F02FE32FC
:208D6000D1181F4613F8010B00913028F8D002F01CFC044600283AD101995246384602F0B4
:208D80006AFB0546002868D117F80A0007EB0A0602F00BFC002862D03346187830281F468E
:208DA00003F10103F9D002F000FC0123B0FA80F46409354600933A4616460132307802F09E
:208DC000F4FB0028F8D101995246304602F043FB80B94DB906EB0A052A46164601323078F5
:208DE00002F0E3FB0028F8D1AD1BAD0004E000242546E0E7002DF7D1337803F0DF03502B13
:208E00003BD173782B2B2CD02D2B2ED0711C4FF00009087802F0C9FB431EDBB2182B2CD873
:208E2000A0F1100211F8010F02F0BFFB431EDBB2182B1DD9B9F1000F00D052421544CBF86A
:208E40000010E4B1009B002B14BF00270627384609B0BDEC028BBDE8F08F3E4625460124DB
:208E6000CAE74FF00009B11CD3E74FF00109FAE70A2303FB0202103AD4E73146DFE7F31BC9
:208E8000013B2146072B0BDC18EE100A00F098F9044640B9654B0246DE216548FFF712FF87
:208EA00001315B10EEE700F114094FF0000BCAF10103CDF80890CDF800B00693B74240D3B2
:208EC0000298009B40F8043BA0EB0900801046012061184602F052FC301AD8F80060B042F0
:208EE00063DD871B3946204602F00AFD8246A8B17B1E591103F01F0259F821104FF0010AAE
:208F00000AFA02F20A4209D0534505DDB91E204602F0F6FC002845D14FF0020A394620462B
:208F200002F0F1FA3D44D8F80830AB424CDA18EE100A214600F084F9149A00231360A327B6
:208F400085E7731E059A039316F8013C934219D0BBF1200F07D1029B009A43F8042B0293ED
:208F6000002300939B4616F8010C02F01EFB009B00F00F0000FA0BF0034300930BF1040BC1
:208F8000039B0DE0039B069A1344BB42E0D3184601990793524602F05EFA079B0028D7D11B
:208FA0001E468BE74FF0030AB8E70ADA371A214618EE100A3A4600F00FFBED1B044600F177
:208FC00014094FF0000AAEE7D8F80400A84272DD451BAE4236DCD8F80C30022B2AD0032BC6
:208FE0002CD0012B15D1AE4213D1012E0BD1049AD8F80430136001232361C9F80030149B27
:2090000062271C6023E7711E204602F079FC0028EDD118EE100A214600F012F9149A0023AC
:209020001360502713E700BF60200200B5220200C6220200159B002BEBD1D8E7159B002B17
:20904000D5D1E6E76F1EBAF1000F31D127B13946204602F055FC82467B11012159F823303A
:2090600007F01F0701FA07F71F422946204618BF4AF0020A761B02F046FAD8F80450022777
:20908000BAF1000F48D0D8F80C30022B15D0032B17D0012B09D11AF0020F06D0D9F8000003
:2090A0004AEA000A1AF0010F0ED147F0100733E04FF0010AD0E70127E2E7159BC3F10103BE
:2090C0001593159B002BF0D0D4F810B004F114034FEA8B0A03EB8B014FF0000C184653F879
:2090E000042BB2F1FF3F1CD001320260022F04F114033FD1D8F80020013AB2420AD1711116
:20910000012253F8213006F01F0602FA06F61E4218BF174647F02007149B1C60049B1D6044
:2091200095E6994243F804CCD8D8A3689B4519DB616818EE100A013100F042F8814618B962
:209140001A4B02468421A8E62269023204F10C0192000C3002F035F9214618EE100A00F009
:209160006FF84C4623695A1C04EB8303226101225A61BBE722695A450BDD0121204602F0F0
:20918000C2F9D8F808300135AB42FFF6D0AE0127C0E716F01F06FAD09A44C6F120065AF8A5
:2091A000040C02F0EBFAB042E7DBF0E7B5220200024B0146186800F02BBC00BF7003002027
:2091C00070B5466A04460D4676B91020FFF7F0FF0246606220B9184B18486621FFF772FD47
:2091E000C0E901660660C660666AF36883B1636ADB6853F82500B8B9012101FA05F6721DDC
:209200009200204602F09DFB60B1C0E901560EE021220421204602F094FB636AF060DB681E
:20922000002BE4D1002070BD026843F825200023C0E90333F7E700BFD92002005423020004
:2092400070B5466A05460C4676B91020FFF7B0FF0246686220B9094B09488A21FFF732FD38
:20926000C0E901660660C6603CB16B6A6268DB6853F82210216043F8224070BDD9200200C0
:20928000542302002DE9F0410E69074698460C4601F1140000230568A9B202FB01814FEA71
:2092A000114C2D0C02FB05C589B2013301EB05419E4240F8041B4FEA1548ECDCB8F1000F63
:2092C00022D0A368B34219DC616838460131FFF777FF054628B902460D4B0E48B521FFF7D4
:2092E000F1FC2269023204F10C0192000C3002F068F821463846FFF7A3FF2C4604EB860339
:209300000136C3F8148026612046BDE8F08100BFB5220200542302002DE9F8430C461546B5
:209320001F4609220833064693FBF2F3002101229A4209DB3046FFF743FF40B90246194B4C
:209340001948CE21FFF7BEFC52000131F0E7089B4361092D4FF00103036116DD04F1090994
:20936000C8462C4418F8013B0146303B0A223046FFF788FFA045F5D1A5F108044C442D1B2D
:209380006319BB4204DBBDE8F8830A340925F6E714F8013B0146303B0A223046FFF772FF09
:2093A000EEE700BFB52202005423020010B50C460121FFF705FF024628B9054B05484FF48B
:2093C000A071FFF77FFC01234461036110BD00BFB5220200542302002DE9F04F14460A69DE
:2093E00023699A42B8BF0B460D46BCBF25461C46D5F810A0D4F81090AB6869680AEB0907D0
:20940000BB4285B0B8BF0131FFF7DAFE30B90246424B434840F25D11FFF754FC00F1140669
:2094200006EB87083346002243451ED305F1140C04F114030CEB8A0C03EB89020292ACEB45
:209440000502153A22F00302043205F115018C4538BF04220192029A03939A4208D8002FBF
:2094600055DC076105B0BDE8F08F43F8042BDBE7B3F800A0BAF1000F20D005F1140EB1464A
:2094800000225EF8044BD9F800B0A1B21FFA8BFB0AFB01B11144D9F80020240C120C0AFB42
:2094A000042404EB114489B241EA0441F44549F8041B4FEA1442E4D801997250039AB2F80E
:2094C00002900433B9F1000F1FD0346805F11401B6464FF0000A0A88BEF802B009FB02B27D
:2094E0009244A4B244EA0A444EF8044B51F8044BBEF80020240C09FB042404EB1A448C4547
:209500004FEA144AE7D8019AB4500436A3E758F8043D002BA5D1013FA1E700BFB522020000
:20952000542302002DE9F843154612F0030206460F4607D0254C013A002354F82220FFF734
:20954000A1FE0746AD103DD0746A7CB91020FFF72FFE0246706228B91D4B1E484FF4D7719B
:20956000FFF7B0FBC0E901440460C460D6F82480D8F808404CB940F271213046FFF716FF00
:209580000023C8F80800044603604FF00009EB070AD5394622463046FFF71EFF3946804665
:2095A0003046FFF74DFE47466D100BD0206838B9224621463046FFF70FFF2060C0F8009085
:2095C0000446E4E73846BDE8F88300BF6C200200D9200200542302002DE9F0470C464968C7
:2095E000236903EB6218A368074691464FEA621A08F10106B3420BDB3846FFF7E1FD05461B
:2096000048B90246284B294840F2D911FFF75AFB01315B00EEE7002300F1140100F1100228
:209620001846534533DB20692AEAEA7A04F1140319F01F0901EB8A0103EB800C2BD0C9F142
:20964000200E8A460022186800FA09F002434AF8042B53F8042B9C4522FA0EF2F3D8ACEBE8
:209660000403153B23F00303043304F11500844538BF0423CA500AB108F10206013E3846BF
:209680002E612146FFF7DCFD2846BDE8F08742F8040F0133C5E7043953F8042B41F8042F2B
:2096A0009C45F9D8EAE700BFB5220200542302002DE9F84F0C46064611462046174602F00F
:2096C000ADF8051E10D129463046FFF779FD30B9394B024640F232213848FFF7F3FA0123CF
:2096E000C0E90435BDE8F88FA4BF3B46274630467968A6BF1C4600250125FFF761FD20B975
:209700002D4B02464FF41071E6E73E69C560256907F1140104F1140900F1140E07F1100262
:2097200001EB860C09EB8505F246002759F8043B52F804BF1FFA83F817FA8BF71B0CA7EB51
:209740000808C3EB1B4303EB28431FFA88F81F144D4548EA03434AF8043BE7D82B1B153BE8
:2097600023F0030304331534A54238BF0423194473449E460D4665450ED30CF10302521A07
:2097800022F0030203398C4538BF00221A4452F8043D7BB10661A5E755F8048B17FA88F41B
:2097A000221402EB1842A4B244EA02444EF8044B1714E0E7013EEAE7B52202005423020079
:2097C00082B08DED000B019B12491940A1F15071002905DD00220B4643EC102B02B07047DE
:2097E0004942B1F1A07F4FEA21504FF000024FF0000304DA4FF4002141FA00F3ECE7A0F11C
:2098000014011E29DABF4FF0004020FA01F101210A46E1E70000F07FF8B5056900F11407F8
:2098200007EB85052E1F55F8044C204601F0A6FFC0F120030A28DFF87CC00B6014DCC0F1A1
:209840000B0E24FA0EF1B74241EA0C0334BF55F8081C0021153004FA00F021FA0EF140EAA3
:20986000010243EC102BF8BDB7423ABF55F8081CA5F1080600210B3817D0C0F1200C04FA99
:2098800000F5BE4221FA0CF445EA04058CBF56F8044C002445F07F5301FA00F024FA0CF463
:2098A00043F4401340EA0402DBE744EA0C030A46D7E700BF0000F03F2DE9F74389460121B2
:2098C00057EC106B9046FFF77BFC044630B90246254B264840F20A31FFF7F4F9C7F30A55C5
:2098E000C7F3130335BB002E019328D06846009601F064FF009900B3019AC0F1200302FA9F
:2099000003F30B43C24063610192019BA361002B14BF022201222261D5B1A5F23345054464
:20992000C9F80050C0F13500C8F80000204603B0BDE8F08343F48013D5E76161E5E701A882
:2099400001F03CFF019B6361012222612030E3E704EB8203A0F23240C9F80000186901F010
:209960000DFFC0EB4210DFE7B52202005423020037B5002948D051F8043C0190002BA1F1C2
:209980000404B8BFE41800F085FD204A01981368154633B96360146003B0BDE8304000F026
:2099A0007FBDA3420BD921686218934204BF1A685B68636004BF521822602C60ECE71A4691
:2099C0005B680BB1A342FAD911685518A5420BD1246821445418A3421160DDD11C685B68FF
:2099E000536021441160D7E702D90C230360D3E7256861198B4204BF19685B68636004BF98
:209A0000491921605460C7E703B030BD7C3D0020F8B5CD1C25F0030508350C2D38BF0C2537
:209A2000002D064601DBA94203D90C2333600020F8BD00F02FFD21490A6814469CB9204F5D
:209A40003B6823B92146304600F092FA38602946304600F08DFA431C23D10C2333603046AF
:209A600000F01EFDE3E723685B1B17D40B2B03D923601C44256004E06368A2420CBF0B60E2
:209A80005360304600F00CFD04F10B00231D20F00700C21ACCD01B1AA350C9E722466468C9
:209AA000CCE7C41C24F00304A042E3D0211A304600F05EFA0130DDD1CFE700BF7C3D00203D
:209AC000803D00202DE9F04F0D469DB014469846064618B183690BB900F01EFC894B9D42FA
:209AE0001BD175686B6ED90705D4AB899A0502D4A86D02F015F8AB891B0701D52B69EBB9EA
:209B00002946304600F096FAC0B16B6EDC070ED54FF0FF301DB0BDE8F08F7B4B9D4201D1FA
:209B2000B568DFE7794B9D4208BFF568DAE7AB899805EDD4A86D01F0F4FFE9E700230993A0
:209B400020238DF82930CDF80C803023DFF8C0818DF82A304FF0010923469A4613F8012B80
:209B60000AB1252AF9D1BAEB040B0BD05B4622462946304601F00BFF013000F0AA80099AAB
:209B80005A4409929AF80030002B00F0A28000234FF0FF32CDE905230AF1010A04930793E5
:209BA0008DF853301A935446052214F8011B5848E7F726FB049AD8B9D10644BF20238DF897
:209BC0005330130744BF2B238DF853309AF800302A2B15D0079A544600204FF00A0C21467C
:209BE00011F8013B303B092B4ED9B0B1079214E0A0EB080309FA03F313430493A246D2E74F
:209C0000039B191D1B680391002BBBBF5B4242F0020207930793B8BF049223782E2B0CD1CF
:209C200063782A2B35D1039B1A1D1B680392002BB8BF4FF0FF3302340593DFF8E4A021782C
:209C400003225046E7F7DCFA40B14023A0EB0A0003FA00F0049B03430134049314F8011BE6
:209C60002C488DF828100622E7F7CAFA00283FD0294B1BBB039B073323F0070308330393A2
:209C8000099B3B44099367E70CFB02320C460120A5E700230134059319464FF00A0C204673
:209CA00010F8012B303A092A03D9002BC5D00591C3E70CFB012104460123F0E703AB009348
:209CC0002A46164B04A93046AFF300800746781CD6D16B6ED90705D4AB899A0502D4A86D96
:209CE00001F01FFFAB895B063FF512AF099811E703AB00932A46094B04A9304600F012F810
:209D0000E4E700BF98200200B820020078200200D1230200DB230200000000008FB901004C
:209D2000D72302002DE9FF470C469146277E0C99782F80469A4604F1430207D8622F0AD87F
:209D4000002F00F0D880582F00F0A38004F1420684F842703AE0A7F16303152BF6D801A0C0
:209D600050F823F0BD9D0100D19D01004D9D01004D9D01004D9D01004D9D0100D19D0100A3
:209D80004D9D01004D9D01004D9D01004D9D0100DD9E0100019E0100BF9E01004D9D0100B2
:209DA0004D9D0100FF9E01004D9D0100019E01004D9D01004D9D0100C79E01000B681A1DA9
:209DC0001B680A6004F1420684F842300123A3E0256808682E0600F104030AD505680B60E4
:209DE000002D03DA2D236D4284F843305E480A2319E015F0400F05680B6018BF2DB2EFE7E7
:209E00000B682568181D0860280601D51D6802E06906FBD51D8854486F2F0CBF08230A23F9
:209E2000002184F843106668A660002EA2BF216821F0040121600DB9002E4DD01646B5FB92
:209E4000F3F103FB1157C75D06F8017D2F46BB420D46F4D9082B0BD12368DF0708D523699D
:209E600061689942DEBF302306F8013C06F1FF36921B2261CDF800A04B4603AA2146404627
:209E800001F097FD01304CD14FF0FF3004B0BDE8F087354884F8457023680E681F0656F88F
:209EA000045B0E6014D5D90744BF43F0200323601DB9236823F0200323601023B0E72368C1
:209EC00043F0200323607823284884F84530E3E75E0648BFADB2E6E71646BBE70B6826684D
:209EE00060691D1D0D6035061B6801D5186002E07106FBD51880002323611646BAE70B680E
:209F00001A1D0A601E68626800213046E7F778F908B1801B606063682361002384F84330F5
:209F2000A8E72369324649464046D0470130ABD023689B0713D4E068039B9842B8BF18460D
:209F4000A4E70123324649464046D04701309BD00135E36803995B1AAB42F2DCEBE70025CE
:209F600004F11906F5E700BFE2230200F323020038B5064D0023044608462B60FAF72EFC72
:209F8000431C02D12B6803B1236038BDD04A0020F8B50E461446054618B183690BB900F087
:209FA000BBF9214B9C422BD16C68A369A360A3891A072FD523696BB323692068C01A63690F
:209FC000F6B28342374604DC2146284600F026F930BBA368013BA36023685A1C22601E708D
:209FE00063690130834204D0A389DB0706D50A2E04D12146284600F011F988B93846F8BD92
:20A000000A4B9C4201D1AC68CFE7094B9C4208BFEC68CAE72146284600F00CF80028CBD0E7
:20A020004FF0FF37EAE700BF98200200B820020078200200324B70B51D6806460C4625B152
:20A04000AB6913B9284600F067F92E4B9C420FD16C68A389B4F90C2019072CD4DD0611D46A
:20A060000923336042F04003A3814FF0FF303EE0254B9C4201D1AC68EBE7244B9C4208BFE2
:20A08000EC68E6E7580712D5616B41B104F14403994202D03046FFF76BFC00236363A389CA
:20A0A00023F02403A3810023636023692360A38943F00803A38123694BB9A38903F4207379
:20A0C000B3F5007F03D02146304600F0A3F9A089B4F90C2010F001030AD00023A36063694B
:20A0E0005B42A361236943B910F08000BAD170BD810758BF6369A360F4E70020F7E700BFF9
:20A100007003002098200200B8200200782002008A892DE9F041054610070C4658D44B6891
:20A12000002B05DC0B6C002B02DC0020BDE8F081E66A002EF9D0002312F480522F682B60F9
:20A1400032D0606DA3895A0705D56368C01A636B0BB1236CC01A00230246E66A216A28467D
:20A16000B047431CA38906D129681D292CD82A4ACA40D60728D500226260D9042269226085
:20A1800004D5421C01D12B6803B96065616B2F600029CAD004F14403994202D02846FFF737
:20A1A000E7FB00206063C1E7216A01232846B047411CC7D12B68002BC4D01D2B01D0162B7D
:20A1C00001D12F60B1E7A38943F04003A381ADE70F69002FA9D093070E6808BF4B690F6012
:20A1E00018BF0023A6EB07088B60B8F1000F9CDD216AA66A43463A462846B047002806DC96
:20A20000A38943F04003A3814FF0FF308EE70744A8EB0008E9E700BF0100402038B50B695E
:20A2200005460C4613B90025284638BD18B183690BB900F071F8144B9C421BD16C68B4F9B1
:20A240000C30002BEFD0626ED00704D4990502D4A06D01F065FC28462146FFF759FF636E92
:20A26000DA070546E0D4A3899B05DDD4A06D01F058FCD9E7054B9C4201D1AC68DFE7044B46
:20A280009C4208BFEC68DAE798200200B820020078200200002310B50446C0E90033C0E91F
:20A2A0000433836081814366C2818361194608225C3001F0AEF8054B6362054BA362054B4C
:20A2C000E362054B2462236310BD00BFC1BB0100E3BB01001BBC01003FBC0100014901F026
:20A2E000FFBB00BF1DA20100014801F019BC00BFEA4A0020014801F014BC00BFEA4A0020E6
:20A30000014801F00DBC00BFE54A0020014801F008BC00BFE54A002010B50446FFF7F0FF2C
:20A32000A3691BB1BDE81040FFF7F0BFC4E912332365134B134A1B68A262A34204BF012323
:20A34000A361204600F020F86060204600F01CF8A060204600F018F80022E06004216068AC
:20A36000FFF798FFA06801220921FFF793FFE06802221221FFF78EFF0123A361D2E700BFB1
:20A3800034200200DDA20100F8B50746FFF7ACFF1E4B1E68B36913B93046FFF7BDFF4836CF
:20A3A000D6E90134013B03D533680BB33668F7E7B4F90C50D5B9164BE36004F1580065666D
:20A3C00001F0ADFBFFF796FFC4E90155C4E904552560A5610822294604F15C0001F019F8D9
:20A3E000C4E90D55C4E912552046F8BD6834D9E70421384601F05EFB044630600028D5D12E
:20A40000FFF778FF0C233B60EEE700BF342002000100FFFF8B8973B59D0706460C4607D5C2
:20A4200004F14703236023610123636102B070BD01AB6A4601F076FB009905463046FFF701
:20A44000E7FA48B9B4F90C309A05EFD423F0030343F00203A381E3E70D4BB362A389206077
:20A4600043F08003A381009B6361019B20615BB1B4F90E10304600F067F828B1A38923F0D2
:20A48000030343F00103A381A0890543A581CDE7DDA20100014801F043BB00BFE64A002049
:20A4A000014801F03EBB00BFE64A0020024B0146186801F05BBB00BF7003002038B5074DAC
:20A4C00000230446084611462B6000F091F8431C02D12B6803B1236038BD00BFD04A00207C
:20A4E00038B5074D04460846114600222A601A4600F096F8431C02D12B6803B1236038BDB1
:20A50000D04A002038B5064D0023044608462B6000F04EF8431C02D12B6803B1236038BD54
:20A52000D04A002038B5074D00230446084611462B6000F045F8431C02D12B6803B12360DA
:20A5400038BD00BFD04A002038B5064D0023044608462B6000F044F8431C02D12B6803B1E2
:20A56000236038BDD04A002038B5074D04460846114600222A601A4600F042F8431C02D191
:20A580002B6803B1236038BDD04A002038B5074D04460846114600222A601A4600F038F866
:20A5A000431C02D12B6803B1236038BDD04A0020024B58221A604FF0FF307047D04A0020D0
:20A5C000024B58221A604FF0FF307047D04A0020024B58221A604FF0FF307047D04A00203B
:20A5E000024B58221A600020704700BFD04A0020024B58221A604FF0FF307047D04A0020AA
:20A60000024B58221A604FF0FF307047D04A0020024B58221A604FF0FF307047D04A0020FA
:20A62000024B58221A604FF0FF307047D04A0020FEE700BF81F0004102E000BF83F00043CD
:20A6400030B54FEA41044FEA430594EA050F08BF90EA020F1FBF54EA000C55EA020C7FEA54
:20A66000645C7FEA655C00F0E2804FEA5454D4EB5555B8BF6D420CDD2C4480EA020281EAFC
:20A68000030382EA000083EA010180EA020281EA0303362D88BF30BD11F0004F4FEA0131A8
:20A6A0004FF4801C4CEA113102D0404261EB410113F0004F4FEA03334CEA133302D05242BE
:20A6C00063EB430394EA050F00F0A780A4F10104D5F1200E0DDB02FA0EFC22FA05F2801816
:20A6E00041F1000103FA0EF2801843FA05F359410EE0A5F120050EF1200E012A03FA0EFCBB
:20A7000028BF4CF0020C43FA05F3C01851EBE37101F0004507D54FF0000EDCF1000C7EEBCA
:20A7200000006EEB0101B1F5801F1BD3B1F5001F0CD349085FEA30004FEA3C0C04F10104A2
:20A740004FEA445212F5800F80F09A80BCF1004F08BF5FEA500C50F1000041EB045141EAB5
:20A76000050130BD5FEA4C0C404141EB0101013C28BFB1F5801FE9D291F0000F04BF0146D8
:20A780000020B1FA81F308BF2033A3F10B03B3F120020CDA0C3208DD02F1140CC2F10C021B
:20A7A00001FA0CF021FA02F10CE002F11402D8BFC2F1200C01FA02F120FA0CFCDCBF41EA53
:20A7C0000C019040E41AA2BF01EB0451294330BD6FEA04041F3C1CDA0C340EDC04F11404BA
:20A7E000C4F1200220FA04F001FA02F340EA030021FA04F345EA030130BDC4F10C04C4F1AB
:20A80000200220FA02F001FA04F340EA0300294630BD21FA04F0294630BD94F0000F83F41A
:20A82000801306BF81F480110134013D4EE77FEA645C18BF7FEA655C29D094EA050F08BF96
:20A8400090EA020F05D054EA000C04BF1946104630BD91EA030F1EBF0021002030BD5FEA08
:20A86000545C05D14000494128BF41F0004130BD14F580043CBF01F5801130BD01F0004510
:20A8800045F0FE4141F470014FF0000030BD7FEA645C1ABF194610467FEA655C1CBF0B4665
:20A8A000024650EA013406BF52EA033591EA030F41F4002130BD00BF90F0000F04BF0021A6
:20A8C000704730B54FF4806404F132044FF000054FF0000150E700BF90F0000F04BF00219D
:20A8E000704730B54FF4806404F1320410F0004548BF40424FF000013EE700BF42004FEAFD
:20A90000E2014FEA31014FEA02701FBF12F07F4393F07F4F81F06051704732F07F4208BFC8
:20A92000704793F07F4F04BF41F40021704730B54FF4607401F0004521F000411CE700BFF9
:20A9400050EA010208BF704730B54FF000050AE050EA010208BF704730B511F0004502D56C
:20A96000404261EB41014FF4806404F132045FEA915C3FF4D8AE4FF003025FEADC0C18BF3A
:20A9800003325FEADC0C18BF033202EBDC02C2F1200300FA03FC20FA02F001FA03FE40EA79
:20A9A0000E0021FA02F11444BDE600BF70B54FF0FF0C4CF4E06C1CEA11541DBF1CEA135511
:20A9C00094EA0C0F95EA0C0F00F0DEF82C4481EA030621EA4C5123EA4C5350EA013518BFFF
:20A9E00052EA033541F4801143F4801338D0A0FB02CE4FF00005E1FB02E506F00042E0FBC6
:20AA000003E54FF00006E1FB03569CF0000F18BF4EF0010EA4F1FF04B6F5007F64F5407446
:20AA200004D25FEA4E0E6D4146EB060642EAC62141EA55514FEAC52040EA5E504FEACE2EA1
:20AA4000B4F1FD0C88BFBCF5E06F1ED8BEF1004F08BF5FEA500E50F1000041EB045170BDB0
:20AA600006F0004646EA010140EA020081EA0301B4EB5C04C2BFD4EB0C0541EA045170BDD0
:20AA800041F480114FF0000E013C00F3AB8014F1360FDEBF002001F0004170BDC4F1000429
:20AAA000203C35DA0C341BDC04F11404C4F1200500FA05F320FA04F001FA05F240EA0200EF
:20AAC00001F0004221F0004110EBD37021FA04F642EB06015EEA430E08BF20EAD37070BD90
:20AAE000C4F10C04C4F1200500FA04F320FA05F001FA04F240EA020001F0004110EBD3702A
:20AB000041F100015EEA430E08BF20EAD37070BDC4F1200500FA05F24EEA020E20FA04F304
:20AB200001FA05F243EA020321FA04F001F0004121FA04F220EA020000EBD3705EEA430ECC
:20AB400008BF20EAD37070BD94F0000F0FD101F00046400041EB010111F4801F08BF013CF4
:20AB6000F7D041EA060195F0000F18BF704703F00046520043EB030313F4801F08BF013D50
:20AB8000F7D043EA0603704794EA0C0F0CEA135518BF95EA0C0F0CD050EA410618BF52EA29
:20ABA0004306D1D181EA030101F000414FF0000070BD50EA410606BF1046194652EA43061D
:20ABC00019D094EA0C0F02D150EA013613D195EA0C0F05D152EA03361CBF104619460AD17B
:20ABE00081EA030101F0004141F0FE4141F470014FF0000070BD41F0FE4141F4780170BDE7
:20AC000070B54FF0FF0C4CF4E06C1CEA11541DBF1CEA135594EA0C0F95EA0C0F00F0A7F8C2
:20AC2000A4EB050481EA030E52EA03354FEA013100F088804FEA03334FF0805545EA131351
:20AC400043EA12634FEA022245EA111545EA10654FEA00260EF000419D4208BF964244F1AB
:20AC6000FD0404F5407402D25B084FEA3202B61A65EB03055B084FEA32024FF480104FF474
:20AC8000002CB6EB020E75EB030E22BFB61A754640EA0C005B084FEA3202B6EB020E75EBE3
:20ACA000030E22BFB61A754640EA5C005B084FEA3202B6EB020E75EB030E22BFB61A754633
:20ACC00040EA9C005B084FEA3202B6EB020E75EB030E22BFB61A754640EADC0055EA060EF7
:20ACE00018D04FEA051545EA16754FEA06164FEAC30343EA52734FEAC2025FEA1C1CC0D10A
:20AD000011F4801F0BD141EA00014FF000004FF0004CB6E711F4801F04BF01430020B4F1B0
:20AD2000FD0C88BFBCF5E06F3FF6AFAEB5EB030C04BFB6EB020C5FEA500C50F1000041EBFE
:20AD4000045170BD0EF0004E4EEA113114EB5C04C2BFD4EB0C0541EA045170BD41F4801188
:20AD60004FF0000E013C90E645EA060E8DE60CEA135594EA0C0F08BF95EA0C0F3FF43BAFA8
:20AD800094EA0C0F0AD150EA01347FF434AF95EA0C0F7FF425AF104619462CE795EA0C0F37
:20ADA00006D152EA03353FF4FDAE1046194622E750EA410618BF52EA43067FF4C5AE50EAAF
:20ADC00041047FF40DAF52EA43057FF4EBAE12E74FF0FF3C06E000BF4FF0010C02E000BF6A
:20ADE0004FF0010C4DF804CD4FEA410C7FEA6C5C4FEA430C18BF7FEA6C5C1BD001B050EAD4
:20AE0000410C0CBF52EA430C91EA030F02BF90EA020F0020704710F1000F91EA030F58BF2B
:20AE2000994208BF90422CBFD8176FEAE37040F0010070474FEA410C7FEA6C5C02D150EA6C
:20AE4000013C07D14FEA430C7FEA6C5CD6D152EA033CD3D05DF8040B704700BF8446104665
:20AE600062468C461946634600E000BF01B5FFF7B7FF002848BF10F1000F01BD4DF808ED18
:20AE8000FFF7F4FF0CBF012000205DF808FB00BF4DF808EDFFF7EAFF34BF012000205DF804
:20AEA00008FB00BF4DF808EDFFF7E0FF94BF012000205DF808FB00BF4DF808EDFFF7CEFF19
:20AEC00094BF012000205DF808FB00BF4DF808EDFFF7C4FF34BF012000205DF808FB00BF89
:20AEE0004FEA410C7FEA6C5C02D150EA013C0AD14FEA430C7FEA6C5C02D152EA033C02D19C
:20AF00004FF0000070474FF0010070474FEA410212F5001215D211D56FF47873B3EB625242
:20AF200012D94FEAC12343F0004343EA505311F0004F23FA02F018BF404270474FF0000015
:20AF4000704750EA013005D111F0004008BF6FF0004070474FF00000704700BF4A0011D2B9
:20AF600012F5001211D20DD56FF47873B3EB62520ED44FEAC12343F0004343EA505323FAF1
:20AF800002F070474FF00000704750EA013002D14FF0FF3070474FF0000070474FEA41023D
:20AFA000B2F1E04324BFB3F5001CDCF1FE5C0DD901F0004C4FEAC0024CEA5070B2F1004FF7
:20AFC00040EB830008BF20F00100704711F0804F21D113F13872BCBF01F00040704741F42C
:20AFE00080114FEA5252C2F11802C2F1200C10FA0CF320FA02F018BF40F001004FEAC123FD
:20B000004FEAD32303FA0CFC40EA0C0023FA02F34FEA4303CCE77FEA625307D150EA01331E
:20B020001EBF4FF0FE4040F44000704701F0004040F0FE4040F40000704700BF53B94AB933
:20B04000002908BF00281CBF4FF0FF314FF0FF3000F0A4B9ADF1080C6DE904CE00F03CF8D5
:20B06000DDF804E0DDE9022304B0704738B50022002304460D46FFF70BFF28B9204629463C
:20B08000BDE8384000F00AB8204605F1004100F005F8404261EB410138BD00BFD0B50C4BB7
:20B0A000002206460F46FFF781FCFFF757FF0446FFF702FC074B0022FFF778FC02460B4659
:20B0C00030463946FFF7BAFAFFF748FF2146D0BD0000F03D0000F0412DE9F047089D044606
:20B0E0008C46002B40F083808A42174647D9B2FA82F242B1C2F1200024FA00F0914097403B
:20B1000040EA010C94404FEA1748230CBCFBF8F61FFA87FE08FB16C143EA014306FB0EF1CF
:20B12000994209D9FB1806F1FF3080F01981994240F21681023E3B445B1AA4B2B3FBF8F04B
:20B1400008FB103344EA034400FB0EFEA64509D93C1900F1FF3380F00581A64540F2028152
:20B1600002383C4440EA0640A4EB0E0400261DB1D4400023C5E900433146BDE8F08702B99A
:20B18000FFDEB2FA82F2002A50D1CB1B4FEA174E1FFA87F80126B3FBFEFC210C0EFB1C33F7
:20B1A00041EA034108FB0CF38B4207D979180CF1FF3002D28B4200F2E9808446C91AA3B2B6
:20B1C000B1FBFEF00EFB101143EA014408FB00F8A04507D93C1900F1FF3302D2A04500F256
:20B1E000D9801846A4EB080440EA0C40BFE78B4209D9002D00F0B1800026C5E90001304699
:20B200003146BDE8F087B3FA83F6002E4AD18B4202D3824200F2B880841A61EB030101208D
:20B220008C46002DA8D0C5E9004CA5E7C2F1200320FA03F6974001FA02F04FEA174ED940AD
:20B240003043030CB1FBFEF61FFA87F80EFB161143EA014306FB08F1994204FA02F409D9E8
:20B26000FB1806F1FF3C80F08D80994240F28A80023E3B445B1A81B2B3FBFEF00EFB1033A6
:20B2800041EA034100FB08F38B4207D9791800F1FF3C73D28B4271D902383944CB1A40EABD
:20B2A000064678E7C6F1200C03FA06F422FA0CF31C4320FA0CF701FA06F34FEA144E21FAC8
:20B2C0000CF11F433B0CB1FBFEF91FFA84F80EFB191143EA014109FB08FA8A4502FA06F225
:20B2E00000FA06F308D9611809F1FF3048D28A4546D9A9F102092144A1EB0A01BFB2B1FB12
:20B30000FEF00EFB101147EA014700FB08F8B84507D9E71900F1FF312ED2B8452CD9023867
:20B32000274440EA0940A7EB0807A0FB02894F45C64649461AD317D05DB1B3EB0E0267EB57
:20B34000010707FA0CFCF2404CEA0202F740C5E9002700263146BDE8F0872E4628460BE7D7
:20B360000646E9E61846FDE64345E5D2B8EB020E69EB04010138DFE70846D2E760468DE706
:20B380008146B9E7664675E730464AE7ACF1020C394413E702383C4424E700BF704700BF7B
:20B3A0000021FDF783BC30B501390024A24201D1002005E0035D01340D5DAB42F6D0581B16
:20B3C00030BD0A44914200F1FF3300D1704710B511F8014B03F8014F9142F9D110BD88421B
:20B3E00010B501EB020402D98442234607D8431EA14208D011F8012B03F8012FF8E702440C
:20B4000001468A4200D110BD13F8014D02F8014DF7E702440346934200D1704703F8011BF9
:20B42000F9E710F8012B11F8013B012A28BF9A42F7D0D01A7047034611F8012B03F8012BB8
:20B44000002AF9D17047034613F8012B002AFBD1181A0138704710B56AB10139841810F8EB
:20B46000013B11F8012F934203D1A04201D0002BF5D1981A10BD1046FCE710B5013903460A
:20B4800032B111F8014F03F8014B013A002CF7D11A440021934200D110BD03F8011BF9E711
:20B4A000F0B50C7864B103461A7818465E1C0AB9104605E0944208D10D4615F8012F02B9A3
:20B4C000F0BD13F8017F9742F7D03346ECE770B504460D4645EC104B1646FEF771F951EC02
:20B4E000100B7EB1C5F30A53C3F16B03002B09DD1B0503F17F55002405F5401522462B4686
:20B50000FFF754FA70BD0369B3EB611F2DE9F0434FEA611200F1140445DD11F01F0104EB00
:20B52000830604EB82050CD100F110072946B14234D39B1A9B00EA1E964238BF002323440D
:20B5400015E054F82270C1F12008CF4005F1040EA1467645F44615D89B1A9A00043A01359B
:20B56000AE4238BF0022A318A75007B104331A1BA3424FEAA20208BF0023026108BF436172
:20B58000BDE8F083DCF800C00CFA08FC4CEA070749F8047B5EF8047BCF40DAE751F804CB34
:20B5A00047F804CFC3E72346E1E7A0F13003092B02D82038C0B27047A0F16103052B01D84D
:20B5C0004738F7E7A0F14103052B01D82738F1E700207047C2F10802920070B5C2F12006D5
:20B5E0004368046803FA06F52C43D340046040F8043F8842F4D370BD30B50368013311F890
:20B60000014B14B90360012030BD13F8012BA2F14105192D98BF2032A242F0D00020F3E703
:20B620002DE9F04F0B6801685E1102EB860613F01F0387B018BF04360025371F824690466B
:20B64000019346F8045CB9463C460295AB464A784B1C039342B3104605910492FFF7A5FFDF
:20B6600000284FD1049A0599202A18D8029B9B4513DD4C4506D2072D04DC2A4649462046BD
:20B68000FFF7A8FF444550D90023A4F1040944F8043CCDF808B04C461D460399D7E7292AFB
:20B6A00056D10231CAF80010BBF1000F50D04C4506D2072D04DC2A4649462046FFF78AFF22
:20B6C000444534D9A8F10402234653F8041B42F8041F9F42F9D23B1B23F00303043301347E
:20B6E000033EB44288BF04234344002243F8042B9F42FBD23B681BB9474527D101233B602A
:20B70000052026E00135082D0BF1010B06DD4445C3D9002344F8043C0125043C226800F004
:20B720000F0040EA02122260B7E70825B5E7019B002BDFD04FF0FF32C3F1200322FA03F304
:20B7400056F8042C1A4046F8042CD3E7043FD1E7042007B0BDE8F08F82B001B901A942B166
:20B760004BB113780B601278101E18BF012002B070471046FBE76FF00100F8E7030C1B0419
:20B78000D3B90004102310F07F4F04BF0002083310F0704F04BF0001043310F0404F04BF0C
:20B7A00080000233002805DB10F0804F03F1010308BF2023184670470023E4E7036813F08A
:20B7C000070201460BD0DA0724D4980749BF5B089B0801200B605CBF0B600220704798B283
:20B7E000B0B91B0C102013F0FF0F04BF1B0A08301A0704BF1B0904309A0704BF9B080230E3
:20B80000DA0703D45B0800F1010005D00B6070471046E8E7002070472020704730B50269E1
:20B820000C69121B0ED100F11403143103EB840001EB840150F8045D51F8044DA54203D05A
:20B8400005D30122104630BD8342F3D3FAE74FF0FF32F7E72DE9F74F884669468146FDF75C
:20B86000DBFF01A9404655EC104BFDF7D5FFD9F81030D8F81020A3EB020CDDE900329B1A00
:20B8800003EB4C1351EC100B002BD6BF0A462A46C3EB03338B462F46D4BF02EB035B02EB8E
:20B8A0000357204610EE102A5B463946FFF7A8F941EC100B03B0BDE8F08F013970B5491101
:20B8C0001469013102F1140300EB810103EB8404051FA3420CD3A31A113B23F0030311327F
:20B8E000A24288BF002318440023884205D370BD53F8046B45F8046FEBE740F8043BF4E71E
:20B9000000F1140200694B11984210B511DB0ADD11F01F0107D052F8234024FA01F000FA3B
:20B9200001F18C420BD102EB8303934203D8002010BD0346F7E753F8041D0029F5D00120B9
:20B94000F6E713B54A4311460192FEF761F8044618B1019A0021FFF75CFD204602B010BD7A
:20B960009368013B002B10B4936008DA9469A34201DB0A2903D15DF8044BFEF709BB13682F
:20B98000581C1060197008465DF8044B7047F8B506460F461446D518AC4201D1002007E035
:20B9A00014F8011B3A463046FFF7DAFF431CF3D1F8BD2DE9F047164699468A680B69DDF8FF
:20B9C00020809342B8BF1346336091F8432007460C460AB1013333602368990642BF3368BC
:20B9E00002333360256815F0060506D104F1190AE36832689B1AAB4226DC94F84320131E4A
:20BA0000226818BF012392062BD404F1430249463846C04701301ED02368E568326803F038
:20BA20000603042B08BFAD1AA36822690CBF25EAE57500259342C4BF9B1AED1800261A34CB
:20BA4000B5421AD1002008E00123524649463846C047013003D14FF0FF30BDE8F087013567
:20BA6000C6E7E1185A1C302081F84300224494F8451082F843100233C7E70123224649468C
:20BA80003846C0470130E6D00136D9E749B1FF2A85BF8A2303600A704FF0FF3098BF01206C
:20BAA00070470846704708B50620FEF7FFFC0120FEF7BEFD70B54A1E682555430E4605F12A
:20BAC0007401FDF7A5FF044640B10021C0E900160C30A06005F16802FFF79BFC204670BD82
:20BAE0002DE9F8430646884600F148040027D4E90195B9F1010905D52468002CF7D1384698
:20BB0000BDE8F883AB89012B07D9B5F90E30013303D029463046C04707436835E9E7704778
:20BB20007047704770B50E46B1F90E10002996B014461D4607DA00232B60B3891A0610D45B
:20BB40004FF480630EE06A46FEF7ECFC0028F2DB019A02F47042A2F500535A425A412A6061
:20BB6000EEE740230020236016B070BD1F2938B504460D4604D9162303604FF0FF3038BD49
:20BB8000426C12B152F821304BB9204600F016F82A4601462046BDE83840FEF78FBC012B8B
:20BBA0000AD0591C03D1162303600120E7E7002442F82540284698470020E0E7FEF708BD26
:20BBC00010B50C46B1F90E10FEF7E0FC0028ABBF636DA3891B1823F48053ACBF6365A381B3
:20BBE00010BD2DE9F0411F468B89DB0505460C46164605D5B1F90E1002230022FEF7B4FC51
:20BC0000A389B4F90E1023F48053A38132463B462846BDE8F041FEF763BC10B50C46B1F90D
:20BC20000E10FEF7A1FC431CA38915BF606523F4805343F48053A38118BFA38110BDB1F9A6
:20BC40000E10FEF75FBC0000F8B500BFF8BC08BC9E467047F8B500BFF8BC08BC9E467047B8
:20BC6000BC89D897B2D29C3C33A7A8D523F649393DA7F444FD0FA5329D978CCF08BA5B25F2
:20BC8000436FAC64280668110080E03779C34143176E05B5B5B89346F5F93FE9034F384D72
:20BCA000321D30F94877825A3CBF737FDD4F1575000000000000F03F00000000000024403B
:20BCC00000000000000059400000000000408F40000000000088C34000000000006AF8408F
:20BCE0000000000080842E4100000000D01263410000000084D797410000000065CDCD41D8
:20BD0000000000205FA00242000000E876483742000000A2941A6D42000040E59C30A242CD
:20BD20000000901EC4BCD64200003426F56B0C430080E03779C3414300A0D885573476431C
:20BD400000C84E676DC1AB43003D9160E458E143408CB5781DAF154450EFE2D6E41A4B441A
:20BD600092D54D06CFF08044F64AE1C7022DB544B49DD9794378EA440100000101010100E5
:20BD8000B920000008000000090000000A0000008500000080000000810000000D0000001C
:20BDA0000E00000003000000030000002D390000AD2C000000000000000000000000000030
:20BDC0005C0B0020E0BD010001000203008000000F000000090200000001048032000000E7
:20BDE000593F000000000000000000000000000000000000120100020000004015190F52C7
:20BE00000001010203010000593D0000000000005D3D0000680B0020F1480000C544000015
:20BE200000000000000000000000000025303468582530386C580000000004030904000054
:20BE40004E6F726469632053656D69636F6E647563746F72000000006E52463532205553CF
:20BE60004220434443206F6E20436F6E74696B692D4E470044656661756C7420636F6E665B
:20BE8000696775726174696F6E000000557365722031000038BE010040BE010058BE0100D3
:20BEA000DC3D002074BE01008CBE01000001020304050000427574746F6E203100000000EF
:20BEC0000600010800010901010C0001427574746F6E2048414C2070726F636573730000AA
:20BEE000FF0006000000000000B000400B000300426C6F636B4F75744F6653636F7065006D
:20BF00004E6F426C6F636B31537570706F7274004E6F46726565547261427566666572008B
:20BF20002E77656C6C2D6B6E6F776E2F636F726500000000546F6F4D616E794F627365722B
:20BF400076657273000000002573000063743D3430000000636F61702074696D657220709D
:20BF6000726F63657373000009590000BD580000B1580000636F6170733A0000436F41501F
:20BF800020456E67696E650053657269616C697A6564206865616465722065786365656408
:20BFA0007320434F41505F4D41585F4845414445525F53495A450000436F41502076657234
:20BFC00073696F6E206D75737420626520310000546F6B656E204C656E677468206D75738F
:20BFE00074206E6F74206265206D6F7265207468616E2038000000005468697320697320CB
:20C000006120636F6E73747261696E6564207365727665722028436F6E74696B692900000C
:20C02000556E737570706F7274656420637269746963616C206F7074696F6E00436F4150F0
:20C04000204D6F64756C65005741524E000000005B252D34733A20252D3130735D200000D1
:20C0600053656E736F722073656E7420616E204F4646206E6F74696669636174696F6E213A
:20C0800020556E70616972696E672E2E2E000000756E6B6E6F776E5F69700000494E464FD5
:20C0A00000000000496E636F6D696E672070616972696E67207265717565737420616363D2
:20C0C00065707465642066726F6D2053656E736F722049503A2025730A00000073656E7372
:20C0E0006F722F646973636F76657279000000006865616C746800007072696E74000000B5
:20C100007072696E7465722F73656E736F725F6F666600007072696E7465722F64697363E2
:20C120006F76657279000000636F61703A2F2F5B666430303A3A315D3A35363833000000F8
:20C1400073656E736F722F7072696E740000000073656E736F722F756E7061697200000091
:20C16000455252004E6F20726573706F6E73652066726F6D20736572766572005265676978
:20C180007374726174696F6E204661696C6564207769746820636F64653A2025640A000042
:20C1A0004D656D6F72697A6174696F6E206F6620746865207072696E74206661696C656459
:20C1C000207769746820636F64653A2025640A007469746C653D225072696E746572204412
:20C1E0006973636F76657279223B72743D225465787422007469746C653D2253656E736FD9
:20C2000072204F4646223B72743D22436F6E74726F6C22007469746C653D225072696E747E
:20C22000204A6F62223B72743D22426C6F636B22000000007469746C653D224865616C74A5
:20C240006820436865636B223B72743D2254657874220000666430303A3A663663653A33A0
:20C260003636613A373138623A37336632000000666430303A3A663663653A333666613AD3
:20C28000343335663A66336436000000666430303A3A663663653A333663663A35333637B2
:20C2A0003A33643561000000756E6B6E6F776E5F69700000000000000000000000000000CF
:20C2C0000000000000000000000000000000000054C2010070C201008CC201004D61696E40
:20C2E000000000005374617274696E6720436F6E74696B692D4E472D646576656C6F702FF4
:20C3000076342E392D3538302D673134393134366236372D64697274790000002D20526F3F
:20C320007574696E673A2025730A00002D204E65743A2025730A00002D204D41433A2025CD
:20C34000730A00002D203830322E31352E342050414E49443A203078253034780A000000EA
:20C360002D203830322E31352E342044656661756C74206368616E6E656C3A2025750A0004
:20C380004E6F64652049443A2025750A000000004C696E6B2D6C6179657220616464726574
:20C3A00073733A200000000054656E746174697665206C696E6B2D6C6F63616C2049507654
:20C3C0003620616464726573733A200043534D4100000000CCC30100AD760000FD7500007E
:20C3E00001760000A5750000B1750000BD7500004374696D65722070726F636573730000D1
:20C40000226E223A22257322000000002276223A00000000554E4B4E4F574E00536D61729D
:20C4200074205072696E74657200000053544154453A2025730A0000536D6172742050721E
:20C44000696E7465722053455455502070726F63657373207374617274696E672E2E2E00D4
:20C460007072696E7465725F253032750000000046696C616D656E7400000000526573699A
:20C480006E00000053657475703A20627574746F6E20696E697469616C697A65643A2025F2
:20C4A00073206F6E2070696E2025750A0000000053686F727420707265737320746F2073EE
:20C4C0007461727420536D6172745072696E7465722E20486F6C6420357320746F207265FF
:20C4E000736574207768656E206163746976652E00000000536D617274205072696E7465BB
:20C500007220616C7265616479206163746976652E20486F6C6420627574746F6E20352005
:20C520007365636F6E647320746F20706572666F726D20686172642072657365742E0000BE
:20C540004442470053657475703A20427574746F6E20686F6C64206475726174696F6E3AA0
:20C5600020257520730A0000536D617274205072696E74657220746872656164206578695B
:20C580007465640044657669636520726573657420746F2053544154453A204F4646202DA5
:20C5A0002061776169742073686F727420707265737320746F2073746172742061676169A5
:20C5C0006E00000053656E736F722073656E74204F4646207369676E616C206F7220746902
:20C5E0006D6564206F75742120436F6E74696E75696E67207072696E7420616C6F6E652092
:20C60000262052652D7265676973746572696E67207769746820436C6F75642E2E2E0000D0
:20C620005B7B22626E223A222573222C226E223A2274797065222C227673223A222573226D
:20C640007D2C7B226E223A2273656E736F725F6970222C227673223A224E554C4C227D5DC8
:20C66000000000002F726567697374726174696F6E00000048616E646C696E672073656EE5
:20C68000736F7220706169726564206576656E742E205570646174696E6720436C6F7564CE
:20C6A0002E2E2E005B7B22626E223A222573222C226E223A2274797065222C227673223A3F
:20C6C000222573227D2C7B226E223A2273656E736F725F6970222C227673223A22257322E9
:20C6E0007D5D000025732F7072696E742F6D6561737572656D656E7473000000496E697490
:20C7000069616C2070616972696E672074696D656F75742E2050726F63656564696E672044
:20C7200077697468204E554C4C2073656E736F722E000000427574746F6E2068656C6420A1
:20C740003E3D203573202D3E20486172642072657365740053544F50000000005B7B226289
:20C760006E223A222573222C226E223A22737461747573222C227673223A224552524F52D4
:20C78000227D2C7B226E223A22656E65726779222C2275223A224A222C2276223A25642E15
:20C7A000253032647D5D00002F7072696E742F66696E6973686564002F7369676E616C2F03
:20C7C0006F666600417474656D7074696E6720696E697469616C2070616972696E67207756
:20C7E0006974682053656E736F722E2E2E00000053656E64696E6720726567697374726187
:20C8000074696F6E207265717565737420746F205365727665722E2E2E00000053544C20FE
:20C8200066756C6C792072656365697665642E205374617274696E67207072696E742073EB
:20C84000657175656E63652E2E2E00004E6F2073656E736F72207061697265642E2050724C
:20C860006F63656564696E672077697468207072696E7420776974686F7574204D4C2074D0
:20C88000656C656D657472792E000000585F417869735F506C61746500000000595F4178F1
:20C8A00069735F506C617465000000005A5F417869735F506C61746500000000585F417834
:20C8C00069735F457874727573696F6E00000000595F417869735F457874727573696F6ECF
:20C8E000000000005A5F417869735F457874727573696F6E0000000054656E73696F6E00DA
:20C90000506F7765720000004D51545420506F776572204578747261637465643A202564F0
:20C920002E2530336420570A0000000053616D706C6520436F756E743A2025640A000000E4
:20C940004D4C2042617463682066756C6C2E2052756E6E696E6720496E666572656E63658B
:20C960002E2E2E00416E6F6D616C79204465746563746564212028416C61726D2025642FEC
:20C9800033290A004541524C592053544F5050494E473A20416E6F6D616C69657320646544
:20C9A0007465637465642E2048616C74696E672053656E736F722026205072696E74657205
:20C9C000210000004641494C454400005072696E742061626F727465642E20507265737328
:20C9E0002074686520627574746F6E20746F20636F6E6669726D20616E64206E6F74696676
:20CA00007920746865207365727665722E0000004D4C20566572646963743A204F4B2E208B
:20CA200053656E64696E6720434F4E54494E554520746F2073656E736F722E00434F4E548A
:20CA4000000000005B7B22626E223A222573222C226E223A22737461747573222C2276739F
:20CA6000223A222573227D2C7B226E223A22656E65726779222C2275223A224A222C22762F
:20CA8000223A25642E253032647D5D00427574746F6E2072656C656173656420283C203207
:20CAA00073292E2053656E64696E67202573206E6F74696669636174696F6E20746F20734F
:20CAC00065727665722E2E2E0A000000427574746F6E2072656C65617365642028322D34E2
:20CAE00073292E204F766572726964696E67204D4C20416E6F6D616C792E2052657374613C
:20CB00007274696E67207072696E742E2E2E000046494E4953484544000000005B7B226276
:20CB20006E223A222573222C226E223A22737461747573222C227673223A224641494C4539
:20CB400044227D2C7B226E223A22656E65726779222C2275223A224A222C2276223A25643B
:20CB60002E253032647D5D0057616974696E6720666F72204D51545420636F6E6E65637418
:20CB8000696F6E2E2E2E00005375627363726962696E6720746F2074656C656D657472794C
:20CBA000206F6E20746F7069633A2025730A00004D51545420526561647921204177616B1D
:20CBC000656E696E672053656E736F722E2E2E0053544152540000005072696E74696E6747
:20CBE00020636F6D706C657465202873696D756C61746564290000005072696E7420666987
:20CC00006E6973686564207375636365737366756C6C792E20507265737320746865206216
:20CC20007574746F6E20746F20636F6E6669726D20616E64206E6F7469667920746865201C
:20CC40007365727665722E004F464600494E495449414C495A4154494F4E00004F4E4C49DA
:20CC60004E4500004F46464C494E45005052494E54494E4700000000536D617274205072CA
:20CC8000696E7465722050726F6365737300000053657475702050726F6365737300000063
:20CCA0004F4B000053697A654D69736D6174636800000000556E696E697469616C697A6514
:20CCC00064000000556E737570706F7274656400506F7374636F6E646974696F6E206661F3
:20CCE000696C656400000000556E6B6E6F776E206572726F7200000048CC01004CCC01002E
:20CD00005CCC010064CC01006CCC0100CB845FBE08CC233E90F4193F52EF81BF92E9CE3FFA
:20CD200099D450BE9ACF193EA3E8313F14CD85BF66C1DE3FD4511A412995703DE1492241DC
:20CD40002D021441467B643F1F828A3E68201A3FFD499740D3BC87C068830F417008AD3E10
:20CD6000B0AC203F63C5A440A54A94C004881C41CB8D1DC19929BD3E726FFDC0B3B93BC1C7
:20CD8000E6077440812AAA4376AC12416A06B243D24A9F43BFDC15423276A23DAA0EB93D5B
:20CDA00048871F3FB725FA3EBDDF843F5ABA023D5394AB3D6092463F3DEE133FEAB0A03F44
:20CDC0008CDBE83CB5E0853DB3EC1D3FF2B6463F1138A83F61DDF83C5CCBAC3E9C150E4097
:20CDE00041450840FA198540878CC73CB4E7B23EFD11184020261640FEFF8F40274F593D12
:20CE000019393B3EE8BB02400F43AD3F077C5440E2AB2242BD856A41BECA1B42717E5742C2
:20CE2000CEBC1A42B401002000000000A2D2083CB0C7143EA62AAD3D7407013EB761D43D19
:20CE4000BCCD0B3E6A308DBC363B12BD211D2E3E9F3AD6BD5610833C522760BD331A793D09
:20CE600093E2633CBFF2203D3FAA213D2C280C3EB0CB703C795D3F3AA642DC3D1476D13C9D
:20CE80009FAEEEBBB91758BD77BE1FBDCBA185BD6896843C48C4143DC6A8ABBDC30C0DBC6F
:20CEA00039B4A8BD7C29DC3D4F59CD3C3C68363D38F4B6BD14E8533DE8F5A7BCB002FC3D44
:20CEC00099D987BD8999BD3D103B133DC80B893D1669223DDB4C85BAF261763C9F74A23C12
:20CEE00096EC583B136399BDC3D4163D0C233DBBBAC065BC4A44F83CD522623DE999DE3CB1
:20CF00003483F8396631B13DDD5ED23A64027E3D7E1D78BD6EA78D3D47E8E73C630C2C3D63
:20CF2000166E793DF4A8283E819804BCEBA77FBBAC8B9B3D4F2242BD46601C3E9D2E0B3D7E
:20CF4000F52CE83D87C011BAFC50A93D49D74C3EE561A13B62D9EC3D3FE081BCAE2EA73CFC
:20CF6000DBDE8E3DA0DD213DE21DE0BC338A65BD6A1492BBF52FC93C191F26BDAED4B3BBD9
:20CF800000000000D8F420BB00000080EA09CB3CD4B5F6BDD11F1A3CAC72213C0000000073
:20CFA000643B5F3CBBD2B2BCFCC7E23D7F310B3E942E9DBDD237293DC2D92D3C7BDBCCBCF4
:20CFC000A6D2AFBD389FDABDCC634D3B656D533D5D88953D7A8A0CBEDFA67F3D63D520BD0B
:20CFE000E71D273B0F9C33BD8D42123CF818ACBDAF5C6F3DBBD147BB1D75F43C0D349F3D76
:20D00000253C813D9B37CE3DADDF8C3D4B390FBE4A9A3F3DB8E68E3DE96469BDA29A32BE06
:20D020003928E1BCC5C892BDF9D7D23DA836D83D3811FDBB44347A3DA73DE53DC7F1C33C57
:20D040007EC4AFBA098809BD06BD37BD4DBC133EC903113DCE8A68BE9CA6CFBB3A23AABD95
:20D06000DA56B3BCB77FA5BDD7162EBE86FFD43D78D3CDBDAF08DEBDB1FCF93D4DBC8BBEAE
:20D080000000008029081EBD000000804FAC533DEDF56E3CD6FC383DCB9D9939000000806C
:20D0A000164C9CBDD4F06DBEFF59F33DAC581C3E3D0C2D3C946839BE511428BDFA42A83DD0
:20D0C0003D2A7E3CDAE7F13DE4BBF4BD72330C3EB58828BD51A17A3DDBA2CCBC4790EABDB3
:20D0E000266D6ABE596C133C14AFB2BC6269603D2CEF2ABDA27D5CBEB0AC943D639A49BE5C
:20D10000F8333C3C2F30CB3DDECBBD3D3997823D338C3B3CA33F043E6A86D43CDB4DD03D44
:20D12000EC3367BD85D13C3EFC51B4BD936E8BBD0FED63BD1DE821BCFB1FE03CA59E85BC1D
:20D140009B8D15BBD45F2FBBCCB312BDE7C248BDA86F19BCB6F854BDE76ED73C8B170B3DC1
:20D16000764F1E3DC98F98BDAAB69BBB5B08723D6589CEBB86AA98BCBB6246BD889FFF3C9D
:20D18000000000005C59623D00000000ED107F3CF6462D3C0873BB3CFC36C4BB000000803B
:20D1A000C17199BC8997A73CD90543BD2E5955BD6DAC443C61E1A43C32712B3B16BFA9BC70
:20D1C0009B568ABC787D263D1D71483C1B85A43CD5EC01BD77BE5F3DC43E013D4167123DA7
:20D1E00008CB183DC1AB653C36C98F3B39445C3BAFCCDBBC3D9C403CD5EA2B3CF83853BC51
:20D20000912AAABDB1BFECBBF25EB5BC465CA03DC6C1A5BC751F403D1C7835BBAC553BBD1F
:20D2200073F6CE3BF71D43BCF0A5703BB0FF3ABD2EFFA1BC750044BC601F9DBB62829A3CF3
:20D2400082FF2D3CE44BA8B95322093C9C17A7BCE8163ABC7EC85B3D36B015BD7BA2EB3BB7
:20D26000015130BD207E7EBD27D9EA3BC03C24BDCA17B43A4B3A4ABC9EEF273C8D27823ADA
:20D2800000000080182312BD00000000BDC36D3AAB9509BD35B657BC0168143C00000080A0
:20D2A000BCE7C03C09C300BC849F383DDB6F6D3BAEF199BB8A58C4BA9032E23B7BBC903B89
:20D2C000D7169EBCD1048A3BCBA05ABC2BFAC3BCA62982BC6DFE5FBDF17F073DBD3530BD21
:20D2E0009FAE6E3BE9B985BBADA32ABC815C62BC077D693CAED7743A38F5013C9EB29A3B3A
:20D30000C4D0EA3B27A435BDFE640CBC97AC8ABC3C14853C9D9FE23A76A826BBB24CBF3B84
:20D320001AFC7DBC0F6352BC5E2E623C5D8AAB3CA439B2BB6C43453BBEBF81BDDD44AD3CE8
:20D34000C77F81BB0CACE3BAD71834BD569C8ABD096EA43BCCCF0D3DFA08FC3C1F80D4BC39
:20D360007DCB1C3C56F5323D1137A7BC15C7413D1903EBBA30A1023C363E133DA54A143D7A
:20D3800000000000BFEF5F3C00000080A9A0A2BC1B48573DF2B13B3CE41588BB00000000D0
:20D3A000F46F97BC71C9F13CFF7A85BC0072423CBF9E2F3C3D7C99BCB40158BA0CE970BDE7
:20D3C00018EC06BC2AE535BC46239F3C33DD6B3C7CB8643CD8640D3CE1ECD6BBA7CCCD3C59
:20D3E000616E77BC70EE2F3C465E563BA9A0A23C3FACB73CB43EE5BA03249ABA87191A3D25
:20D400006BB692BDA4C42E3D992B033CCDE9923DB35DA13C9FAE6E3C7AE3A43A3F3AF53C78
:20D420005E0E3B3C1ADEAC3C02F13A3CB0ACF4BD86E2CE3D4852923D5D4E993E0BB526BCB3
:20D44000C8B7173E4B56C5BC8FE472BD357E113E52D1D83C910BCEBDE030D13C344B82BDF9
:20D460009142993D56110EBE164F0DBE0B5F5F3E72F98FBD8A01D2BD661360BD917E3BBE2A
:20D4800000000000E069723D000000002B12933DA038A0BD249BAB3CFA449E3B0000008015
:20D4A0006E4F103BC11F5EBE93FDD33D9CA5943ED4F36EBDB3B50EBE697106BDA2265A3E92
:20D4C0006D8E933D074187BD8FDF5B3CDF50083E47020DBE7AE0633D2FC2043EA1F891BD53
:20D4E000670FD4BD0CEA5BBD731094BD276893BD4B227BBBB13315BEBBD35D3DA0542BBE05
:20D500009BCB8D3C04023D3E9FE3833D3F1BB93C7EFEDB3D62124E3E488787BCA855F4BD76
:20D52000ADFBC7BD7231C6BD66FAC53D3DB6A53D8C9EFB3DC5C7873D48A44D3EE90E523EB2
:20D5400042B2303E0282B9BC0F0FA1BD2046883D1BF425BC7EFF06BEB45B0B3E295A79BD87
:20D5600042EEA23C7FDD89BE624E90BD1213143E4AEBEFBC060EA8BD834E483D2E5529BE6D
:20D58000000000802D254B3C00000000D2C3103DDA750F3E637D033DADC2E6BC0000000083
:20D5A00021E612BC341447BE53EC283D226CF8BCD864CD3DF5F712BEFEB9E8BC9C1A883D8B
:20D5C0009B37CEBC130F483E0AF805BE0C20FCBCFA4604BE2865123D0FB6D83D6F671FBE33
:20D5E00028630CBEAABB723DCF4BA5BDE02AEF3D6F7F2EBDDAA82EBEE6AEA53DA6D5F0BD2B
:20D600004F5AB83B213C5A3D9948E93C9206B73DFAB9613DACC5273A7AFB733D3BC46F3EF4
:20D62000B037F1BDFCE33D3E147887BD596C133CB763EABCAB3F42BB35432ABCFEBA133D0A
:20D64000C85B8E3DD714483B5E658D3DCA1689BD10945B3CA112B73D238788BC5BED213D45
:20D66000DD96483CCEA924BDB532613CBF48A8BDCFBB313C594FADBBB70DA33B06D45BBDD0
:20D680000000000080D7273D0000008046244A3D76C336BC486ECD3CE90A36BC000000008F
:20D6A000CBDA26BC8E95983C9B00C33C3D0D983CBAC0653C3CDB233D800B323CFC8A95BDD1
:20D6C0005A1220BC280F8BBC844BC7BBF015DDBBC7F319BD76A610BDE5B33C3DC80BE9BB95
:20D6E0006EF9C83CFB93783B6C06B83BE7A6CDBBF4354BBCA60D473DB34211BCB64D313D6A
:20D700009B5AB63C118D6E3BCADDE7BCE4D74FBD24F172BB1827BEBC3C17C63CBA4CCD3C6B
:20D7200005A6D3BBB9386A3DFEB53C3C19E2183D93AAED3BCFF8BE3A8123813C5E4BC83C6B
:20D74000ADA1D4BCBE697ABB28F179BD94A0BFBB161406BD7C444CBD4548DD3B5D36BABC2E
:20D76000E066F13C070C92BC117048BD5CE71FBDF016C8BCCC0784BC801049BB299570BD14
:20D780000000008043E7B53C00000000A1F405BB56B8653C6B0E90BCB3403B3C000000803B
:20D7A000D862373C43C6A3BB66DD7F3D204688BC1783873C8108B1BDA18499BB33DC80BC94
:20D7C000B29F45BC5D86FFBB1F11D3BCED7DAABBD4D3C73CD943FB3B281036BD397B273D8D
:20D7E000B1868BBDBA102B3CEBE48CBC19A9773B533E84BDDCBC31BD1A860F3D4297F0BC25
:20D800008E1EBF3DC2DE44BCD236FE3BB4580ABB9C6FC43CF58164BC88D94B3C63639E3D84
:20D82000166B38BCEC14ABBB7270E93C0A2F81BDDC9DB5BCD5E8D5B9FF9169BC66D993BB18
:20D840008F1D943DE6E7863B7C99A83C9E78CEBBF8A8BF3BA12CDC3D178046BDC98E8D3AED
:20D86000DD981E3A7D08AA3BF2781A3D9DBA323D47C7D53BE5B427BCD1070BBD05FD85BB6E
:20D880000000000004750ABD0000000020B84A3D7C98BD3CB6F2123CCAFA4DBC0000000019
:20D8A00041F24EBC849C773D5A84223D6BD784BB124DA03BD8463C3DADA5003C89D25E3B46
:20D8C00025ADF83B72A609BD9DF43E3D52EFA93CE37151BDAF9425BD185EC9BC23BE53BDC0
:20D8E0002673EC3D82A87B3ABA68483CA93377BCBF7C723DF303D73C15C52BBC3B51123D43
:20D9000040F93BBCD7DA7B3C1CB201BD37E3343DC765DC3CAB3D6C3D1C0673BCBCE86BBD66
:20D92000029E343B422483BDA0FCDD3C459E84BE68EB60BE357A953DA58325BE47908A3DBD
:20D940009F002ABEC8250EBC20B42E3E416283BE9E40D83C118E913E3275A7BECEFE103EDF
:20D96000E2E4DEBD14958D3D6A1412BD56D20ABCA5BF97BB4C8E7B3D89D1D33D5FB2313E66
:20D98000000000805BB187BE000000009F724C3E9FE83A3A78431A3D0C5787BC00000080E8
:20D9A000DC48D9BDA9BD48BD97E480BD728A0EBBB3066F3C139B4F3DD047993C47053EBEF3
:20D9C00081EA5FBE54C7CABDEFE4533EECC22FBE0F0F713EE73AA5BE315D08BD2233573D91
:20D9E000234C313EC218113D5E4BA83D05172B3D73F2723E301305BDC11B523B3DB54A3E12
:20DA000049BC8CBE1CD052BD070C02BE0C9339BE5FCF173E01BE9BBD459B83BD232F3BBE4E
:20DA2000091908BDEB8D1ABEF7038EBEAFED2DBD6BB8A8BDA08B86BC111E2DBD1E54E2BBC6
:20DA4000FA9C3B3DCC608C3B55DA82BD9A78A7BD4790CABC00E69A3D457FC83D6F46CDBCC0
:20DA6000B8015F3D83A2F9BCF3CAF53C4A98E9BCA5DA273CD7BE803B27F866BDC72E513D0B
:20DA800000000000F7EA633C0000008070B5CEBCC974E8BB24EEB13BB62D4A3B0000008011
:20DAA000C153C83CE277533CCB83F4BB3D9814BD240B183B179BD63C60924A3B17B7D13730
:20DAC000F759E5BCD0D2953CA54B7FBC32AA4C3DC45ABCBDCCCFCD3D20B248BDA06CCABCAD
:20DAE0002B6945BDE7E35ABABABBCE3B548EC93CE3C6AD3C6972313D7D3CF4BC33E06CBDCD
:20DB0000C58FB13CE8DDD8BCE7E0193D5682C5BC2A1B56BD022CB2BD0C7382BC34BA833D95
:20DB20004031B2BB8DED35BB65170CBD0C23BD3B520F913D70B463BC30D938BDAD1658BDE9
:20DB40008D258CBD096E24BB897B2CBD0E32A93DDA1E3D3DF2EFD3BD3BA8843D317898BDDC
:20DB600047C6EABC3E22663D0919C8BCFF213DBD31082CBB8D2AC3BA29E78BBC865A13BED3
:20DB8000000000007ADE4DBD00000080A52F043C50C337BB9E9875BCEACD283C0000008088
:20DBA0007940593C2E1FC93C68D050BC3B18B1BCD8B7933BA7CC0DBD94FA32BC0E9EA9BD99
:20DBC00000AC0E3B711B8D3C69A726BD7D96673D9066CC3D6AA4A5BB9C5349B64146403DF2
:20DBE00025E86FBD36069DBB4B3EF63C884CF9BBF162E13D49684BBDA96A423D080224BD6E
:20DC000088307E3DA14CA33C7BBFD13C7D05A9BD170C2E3CD3BDCEBCB6D9D8BC69A891BD6D
:20DC200041D73E39836EAFBDB1860B3C6EDA0C3C3C139A3C91636B3CB7B32F3C81B2693D7C
:20DC4000FD66223DE2AFC9BBE0F343BDAEB7CDBB8B4E16BDD34CB73D49B99B3D01193ABD83
:20DC600058E6AD3BECDADE3BE9F2663AB48E6A3D74B76B3CE15E99BCE3FCCDBC2CEF8A3D8B
:20DC800000000000B665C0BC00000080946D20BDEC67B1BB3C83863BFF08433A00000000CC
:20DCA00009E151BCBF63383D53AE703D86C6933C65532E3AA7B13D3D745F4EBBD768B93C0B
:20DCC000BA4B62BB45BCF53C15C9D73CEA780CBD7EFFE63C06B98BBCB153AC3C6DC8BFBC93
:20DCE00046EA7D3D9B9056BB6347633AE86B963C4F3DD2BBC40A373BB856FB3C226C78BD31
:20DD0000914645BD21020EBDB1C4833CA16989BC80F4CD3CF168233DFAEF413C4031323D3D
:20DD2000499D003CCC5FA1BC12FB84BD09709A3D4A5D923DC576F7381C5F7BBD97C75ABD93
:20DD40006F12833909513E3BEA935C3C1408BB3C08CBD83ADD3F563D4B59063DEC16013DD0
:20DD600067B5C0BC6D72383D22E2663C857A7A3D0F9D1E3C40FC7C3CF4505B3C403132BC27
:20DD80000000000055BD7C3C00000000630B413DC2DB03BA2A38BCBA11A7933B0000008095
:20DDA000F9DB9EB9CD06993B7995353D7C9DB4BD158F8BBB12A3673DFED7393CB5873D3A47
:20DDC000EED11B3DF608B53CAAD46CBC4B74163D5F61C13C4A5F883CC2A282BD5D6E30BD00
:20DDE0005E81283D8C640F3BEA5EA7BC698C56BC0E6829BD6457DABCA3E8813C4F2242BD8E
:20DE0000AB59673DB6A162BDA2F0D9BCD02B1E3C6118303D096F4FBD83DF06BCE61E923C08
:20DE2000E71DA7BB586F14BD717580BC1844243D19AC183E1C7D0C3D5281B33D31B6F03D31
:20DE4000616E9F3E880FECBBBBEC57BC01DB213EB83A80BCA9148BBEF641163DE2CA99BD23
:20DE6000D1E723BD672959BEF67F8EBD3CC0933D0F7C4CBD1FF40CBE27F5753E323965BE09
:20DE8000000000008DB329BD000000807C7B57BAB7D1103EC423F13C4C706ABC0000000008
:20DEA0008FDFDB3B2D403BBE193B913E20B6343EFE0E453DCAFE19BE664AEBBC23BBD23C9D
:20DEC000643C0A3D33A9A13D7FFA1FBEC5579B3D693845BED8B7933C5AF4EE3D782581BE00
:20DEE0002096CDBDE048A03CC842D4BD8065253C67464FBE406D14BEBED9263E19AA02BE46
:20DF00002D439CBC1991A83C0E4EC4BC22A89A3CAF7A80BDDD0B2C3E7992943D9F73373C16
:20DF20003F398ABD9C8AD43CED0EA93DF7B017BD5B9ADB3C87A6ECBB58595B3D3F57BBBD59
:20DF4000D5089D3D1A19E43B965C05BD78B8FD3D4EED4C3DDC2EB4BC27DBC03C2A72883CFE
:20DF6000F609A03A2D5E6C3D0C1E263D89D349BDF18373BCA71F14BD529902BE67472ABD2B
:20DF800000000080516A0F3E000000804BE703BDB07313BD2A5437BD92EB26BB00000000C4
:20DFA000EAAEEC3C4947D93D5B0CBE3D93E138BD4AF171BC43ACFE3A00FD3E3D401276BDA4
:20DFC000CD57893D38117DBD9738F239B9C3A6BD67B415BD906AD8BC603902BD912789BD2A
:20DFE000BC96103D7FA1C7BCD4F32E3D97E4C0BDDA1DD23DE86C81BC427709BDAAB9DC3C24
:20E00000404E083E4C3533BDD8BA54BCF81B6DBC128516BC5D50DF3B3A93363D8F1C893DFC
:20E0200067D7BD3C92EB86BDC7B9ED3D9FAA02BD755881BDB7B41A3DE5B768BBE08698BDF0
:20E04000BDC498BDD74E943B72FD9B3D6C40843C705BDB3C2103093E6EC27D3DC094013D7A
:20E06000C87D2B3CC6DDA0BC2507EC3C70B463BD118DEE3CB119A03D5D354FBCB77EFA3DE5
:20E0800000000080C6BFCF3B00000080F60D0CBD8D44A8BD2BF617BC397E28BC0000000060
:20E0A000BAF46FBD26A60BBD44696F3D62484E3D9961233BA27F42BDF6790CBC1C951B3DAC
:20E0C0007104A93BFF97EBBC0D34BF3DE5292B3D59C4903DD730C33CEA79373DED65DB3CC7
:20E0E000931A5A38D2704ABBCAFCA3BC7D79813DDFFC46BD889DC93DB2F24B3D4EB42B3D22
:20E1000046EF143DD5E855B96269C0BDCBF6C13DC0CD623CF0366FBDB62B34BD43731D3D48
:20E12000AED7F43BEFCACEBD8122B63DBF9E2F3C1EFA6EBD0FB8AEBA9C4DC73DCE1BA7BDDD
:20E1400016C28A3D7AA958BBEC6BDDBD8E916CBCED9BFBBCF41865BC0C3DC2BD910DA43C00
:20E16000DFC5FB3CF5A2763D9CA7BABC863A2CBC8F19A8BC8DF181BDB5C0BEBD8D28EDBC03
:20E1800000000000D6568C3D00000080A0DE8CBD5932C73DB1FDE4BC4565C3BB00000080BE
:20E1A0003484633D82A87B3D9031773DB5DD04BDBA2EFCBA797784BD62BE3CB92A3A923D46
:20E1C0002EFE363D7920323C0B09B83D4B3FE13C24D48CBC1FD8B1BD4CFB66BCF9F6CEBD61
:20E1E000317B99BD685BCD3B431CEB3B3F3734BD4FE980BD0344C1BB9ACD63BD9DBDB33C5E
:20E200003A07CFBCDDD19FBDADFBC7BBE773CE3DD68BA13D4FC979BD59850D3D2C823FBD3A
:20E22000EA7B8DBC67472ABC8659083E03E9C23DDE3A7FBDA60A463DCAE0A83D8CBF6D3D81
:20E24000E3175EBD1A89D03B0DC4323CAAB9DCB9CC9B43BCA7ECB4BD813EF1BD185E493DF1
:20E2600035619BBD2BC162BAD47D803C60E4653D863C023D17493BBDEC862DBD6B0DE5BDE6
:20E2800000000080CB0FDCBD000000000EA2953DFAB896BDC6FCDCBA895F313C00000080D7
:20E2A0009082A73C9430D33D5243DBBD7FDF7F3D1FF301BD99D6663D950E56BC075CD7BDC0
:20E2C000CEDD2E3C09A4A4BD40860E3DFCA5053DC502DF3CD6E01DBE7270E9BAA46CB1BDB1
:20E2E000D7C1413CAD182EBC7E6EE8BC3944DC3B9A44FDBDDFDC5FBD52EF293D7DCDF2BC28
:20E300000ADA04BE467B3CBCF837683DF834873DA06B9FBD419EFD3D5C3D27BDB0566DBCAE
:20E32000D6AB483B293EDEBDB70C18BEAC8C063D55FB943D268A90BCC0E707BDBD6E51BD02
:20E34000B7F1273DA74151BB0A9E42BDEF3805BDA053B0BDC1E4A6BDA88C7F3DD61D0BBD1A
:20E36000DEAD8C3DE205F1BD0954FF3B7369DC3DDB4C053CB7080C3C26552B3E9DD6EDBCB9
:20E380000000000010759FBC0000008088B8F9BDA6D5F03D2BBEC13D2DB5DEBC000000809C
:20E3A000A017EE3B1AA6B63C2EE6573E0BEDFC3D1AC4873D52D118BD7FDAA8BB3D6149BDF7
:20E3C0008CD8673DDA720E3E2157CABDC938063D747B89BD48FD753CB83A103E37540CBD9B
:20E3E0004B2326BD4834413DAE2865BDD9B3E73C8909CABD145F6DBC14CFF93DA7B1BDBB8D
:20E40000978C233D78F2693CD06229BDE97DC3BDBC0487BD15C7313EAE2D3C3D5A2CE53D21
:20E42000145F6D3B228A493CAE669DBC552F3FBD587596BD346828BDA0E0E2BD50E3BEBD35
:20E440007EFF663D0F26C53C6990323E236A22BEB5C2343DE7348BBD4580133DB343FC3D01
:20E46000D866A33DD9B3273D4E28C43D0B2AAABD33FC273DE8A136BC94A10ABE7B88463DEA
:20E48000000000009F04B6BC0000000087FE893DE3E0D2BCE17EC03C76C58CBC00000000ED
:20E4A000B1A4DC3CD690183E15A845BC8659A83D9F1C85BCED4875BC9599123D57E8033D53
:20E4C00010B397BCF14AB2BDDD4518BDD2005EBD164E523BFFECC7BD9D0D99BDFAB8B63C94
:20E4E00012D81C3E7D9150BCEE7BD43C815A8CBC431F1C3E965BDA3CBC23C3BD9625DA3D2E
:20E50000F7E9B8BDA24576BDAB975F3C27A34ABD4A7C8E3D58746BBD0210F7BC4EB8F7BDDA
:20E52000D2C3D03BEA059FBCD4F0ED3DFC1C9FBC28D6293DCDCCCCBBC7A003BE6613E0BCCF
:20E54000D542C9BD7DB1F73BB6D6B73D45B8E9BD4EF00DBDFFE6C53C17644BBCF3716D3D1D
:20E560008046A93D35D0DC3D7DE96D3CDE20DA3C724D01BCC36254BCFC8B60BD0322443DB3
:20E580000000008040DC953D000000001FA126BD13EE55BD16139BBCF67E23BC0000008004
:20E5A000F99E91BB7654353DFAB6803D6D03B7BDE5D4CEBA145D573DD23A2A3C13D470BC20
:20E5C000AAD3013DC2A2223D59DB943DC497493D3CA4983C890A55BCF8C179BBBB2925BDCC
:20E5E00026A7F63C4704E33A69FE18BC33375F3BCC422BBE30478F3CABCC143C8F18DD3DB4
:20E60000C66DB4BCC18D14BC8C64AF3DEACBB2BD2425BDBDB3B5BE3B99477EBC50C6F8BB32
:20E62000E272BC3C4488CBBDA19FE9BD5ED519BD8010C9BBC98E0D3C44A591BD9069EDBDBD
:20E640002B34903D07EB7F3B931EA63D471E08BB87C3D2395BE9B5BC0070EC3CEDD3713C17
:20E6600084F59FBD5F5FCBBDF165A23A4704C3BD0A9D573CA3E9EC3BEB6FC9BDC72DE63D9E
:20E68000000000007EE4163D0000000057CC083DBA9EA83D8BE1EA3C541E5D3B0000000084
:20E6A000C87C003DB726DD3C9CA30EBC4209B33C1344DD3C151F1F3D5B7B9F3B3678FFBD86
:20E6C0005186AA3C4982B03D6BB8C8BD0ADBCFBC4B78C23D28D4D3BDD95ECBBDEF37DA3C64
:20E6E000A8A8FABCB20F323C3D43B83C18247D3D016B553C2385323C467C673DD2E377BC1A
:20E700007590573DC9763EBD63B9C5BD39F200BD40A0333D211E49BD226FB9BB49F7733D16
:20E7200038BEF63CB8ACC2BDCD2129BC54E4903DDF51E33CADC2E63CEF53B53D5EBE75BC95
:20E74000628410BE7024D0B93D28883D8FC40B3E912BF53BA92EA03DB7B2C43C9D823C3D81
:20E760008ECA0DBDBFD3A4BD3CDAB8BCA1DA80BD5EA0A4B9CC086F3D20B84ABCBED83BBDFB
:20E7800000000000CDE7BCBD00000000B40584BCD49A663D6FF6873CD5E855B9000000004F
:20E7A0006DE6103BB0E680BDEC4E373D3412813DBC7A95BCD542893D71AA35BBC899863DA3
:20E7C000DEE437BCCF6B6C3C381393BDC2A6CE3CAF277A3D624E50BCDA72AE3C946974BDE8
:20E7E0004D150CBD73D627BCE624943C94DD4CBC027E0D3DE84C9A3DF304823D813F3CBD2B
:20E80000AFD047BD5A12A03B55DE0E3AD6717C3DEED0703DAFEC82BCA48C983D95F3C53CE1
:20E820009850413CCADC9CBD6BB8483D41D73E3BC2DCAEBDB42094BC85B5A1BE6D03F7BC52
:20E84000525F46BE45F2953A677FC03D8A8F4FBE26007F3BC0952C3D4BB098BD87FB083D3F
:20E86000920637BD4A5E9D3DC3BB1C3D7BD790BE9E95B43CA6D67B3CBDA722BE3334DE3DF7
:20E8800000000080066605BC0000000020D0993BECA2683C2F50D2BC9C8628BC0000008042
:20E8A0007920B23B5EF68B3D34DBB53D4ED036BE3BA9CF3D1CD0B23D2F513D3CFE0F50BEC4
:20E8C0005ED5293ED178223D4DF8A53BCA1B10BED21BEE3C386AC5BDE832F53D1AA721BDF8
:20E8E00079CACA3D66A0723D618B1D3DA8E3B13C8A76D53D0246D73D2F308B3DA378953DD9
:20E90000F2B3B1BD98A703BE05DF94BD0A1386BD2595A93CED2C9A3D096EA43D5AD62D3ECD
:20E9200011AA543B51C046BE2C4487B93B6D0D3B780E85BD47593F3C3B8B5EBC7D5E313DCC
:20E940008EE8BE3DF277EFBB6BB7BDBDA0547BBB444F0A3D96EC58BD5987C3BDB08DD8BDCA
:20E960008331A2BD4698A23BFD3002BD844BE73D8203DA3C561003BD344DF83D1842EE3DEE
:20E9800000000000459CCEBC00000000C6FDC73C87C43D3DAED609BCDA5974BC00000000D5
:20E9A0002B1469BD68EA75BD276BB4BD85EB913D3602F1BC85EAC63DDAE646BB17497B3DFD
:20E9C000FAEC003CEF1A743CB890073D7176EBBD170D993D2AFD043EBD1AE0BD541EDDBA61
:20E9E000FA0AD2BC8ACB71BCFEEF083D1FF6423D4C88193E53B3A73DE3FBE23BA9C21F3D66
:20EA00007CB7B93DA5DAA7BC7576923D0327DB3AEACC9D3D628606BD0C595DBCC39BB5BD69
:20EA2000FE99C1BC6F82AF3D003B17BE9CBFC93D880EA1BD5299E2BCC495333D71AAB5BAA4
:20EA400003CFBDBD6AF7ABB951BE803DCB9F6F3DE0F2183D9D2F96BDA379803C218F60BDD8
:20EA60002A00C63CCF82D03CD993C0BB8E222BBD4C6DA9BC4B2110BC57B5243D825595BDA2
:20EA800000000080D0975EBD000000800EA0BF3D244283BD1D7148BC77D7D93B0000008030
:20EAA0003E5A1CBCEE5FD93C912A8ABD6457DABC24D1CB3B8BE1EAB785B1053A3A2174BD28
:20EAC000494B25BD739F9C3D48C414BBE21D20BD7FBDC2BD297604BE959F14BDF6CFD33B2A
:20EAE000689383BDAF40743B4FE69FBCA532C5BC5B28993C51BE203CB9ABD73C19E6E4BD7B
:20EB0000AF053DBC1A88E5BC8CBA56BC634121BD6EA42C3DC101CDBD336ABEBB7D21643B11
:20EB20001F84803BD046AEBCE467A3BCBA66D23D580269BD5A2CC53CCFF53DBDC3D4163C70
:20EB400057E8833DD9066EBA3D10B9BD079ACFBC821FD53B6DE224BDF5D816BDD34AC13D24
:20EB60003A0383BD755A77BDB32355BC56D28A3CD350A33A917E7B3C06D932BDD7348FBD55
:20EB800000000080DFE201BE0000000064ADA1BCB0023CBDC710803C6B9D383B000000004E
:20EBA000BC0768BC30487ABCBCCCF03DAF9550BD2AFE6FBCBEDD123B116D473C4E9A06BDD3
:20EBC000BFB5133D834CF23D2D41C6BCE3C5C23B74624F3DDD080B3C5C721CBD1F4909BD7B
:20EBE000DFE00BBD1A860FBCAB0922BDB7B2043D1CCFA73D7C2C7D3D622EA9BB48F9E9BDDA
:20EC00004D3187BDDF8703BD34D8B43D6919693D75564B3DA4FACEBCA306533C65DF953C1F
:20EC20001631ECBB1D1C2CBDF88898BB31CE5FBBE012803DD9437BBB077EB4BD20B3B3BD9E
:20EC40009B3A8FBCED470A3B2DB007BED4D773BD61E164BD7920323D54C8553D0ABC933DEF
:20EC6000D09A5FBDAF40F4BC088ECB3B4CA68ABD1938203CA5F8F83CD7DD7CBD51310E3D62
:20EC8000000000006EDB77BB0000000020ECD4BD1288173D7E8C39BCDEAA6B3B00000080C1
:20ECA000A06EA0B92CB6C9BCEBC6BBBCFB5B02BE3676093C80B615BD84D46D3BC11DA83C8D
:20ECC000F987AD3CE5D5393DC9CB9A3DBBF16EBB9D9F823DD498F03D5DF9ACBD3F398ABC4A
:20ECE000079623BD1764CB3B9010E53C99B76ABC03B603BC041F433D54543DBDDBC108BDC1
:20ED000055F7A8BDED9A903C0B26FE3CF642013D7442E83B2F6F0EBDEE9323B875749CBD2E
:20ED2000A7212ABAC39E96BD97ADF53CAD6BB4BBD1CDFE3C2DE87D3DFFCB95BDDBE0C4BD78
:20ED4000F9872D3D51A390BB7C9C693D80D5D13D9F901DBDA5DB123DA9A0A2BB6A12BC3D76
:20ED6000E6E891BDF27D313D2F4F67BCFC54953C6C09F9B92BFC593D5F96D6BDFD855E3D4F
:20ED800000000080A165BDBD000000007D7816BD2502953DC9AA88BD5F7F12BD00000080CD
:20EDA000D26D09BBC18DB43D9D11A53CF52B5D3D753985BD0FB4E23DCF84A63CC0CB8CBDED
:20EDC0004A46CE3B33897ABD8E3FB13DA25EF03DC40A373D548EE93D51BC4ABC0743FD3DDE
:20EDE000564A4F3C2254A9BC8410103CFF058239514F1F3D661320BDC5CBD33C96CDDC3D01
:20EE0000FA80403D63D5A03CF08A60BC66BF6EBCD6C8AE3C802DEF3D392736BDD7DE273D35
:20EE200082AA51BCEA758B3D1424763D71720F3EC37F9ABDA19D53BC9AD18F3B40F850BDF7
:20EE4000A839F9BC00CA5FBC2507EC3B8B389DBB7CD289BD300E0E3EAD30BDBDA795023DD9
:20EE6000C87E163DF92E253C608FE9BD417FA1BCE5D2B8BD76C50CBD2657B1BDC45BC73D81
:20EE8000000000800BD0B6BB00000080CAC16CBD6ADB90BD6494E7BC8DF0763B0000008097
:20EEA0007E1E833D05E05FBD0DC5FDBDBE89213D3CBDD2BC22C1B4BDDBC09DBC2429293D42
:20EEC0002237A33DDA7183BDDDCEBE3C4CC2453D894005BE12F6ADBD486AA13CA59FF0BCBC
:20EEE0007EAA4A3D190195BC674489BDEF5440BC0988893D0E4FAFBDBE145EBDA91390BDB2
:20EF0000F0BE6A3D0EF8FCBB03D1933B34D8D43D776AAEBDAB20A6BDB516E63C3C885D3D5B
:20EF20001D0372BDFFB190BCE1B50B3EB56DD8BD2315A63D18424E3C7A71E23D982FEFBD74
:20EF40009F750DBC2A8D18BC9CC58BBC0EF4F03D2D5B8BBD7975AE3DBF27563C8BE1EA37C4
:20EF600061DE23BD335099BDE54265BC67F308BEA377AABC17EF47BD42B541BC828D0B3E5B
:20EF800000000000EB57BA3D0000000006133F3D11C825BDAB75E23BCD03D8BC00000080C7
:20EFA0000EBD45BC450FDCBDF60BB6BDB5FC20BED7BFEBBCE23C5CBD588FFBBB1022B93D5C
:20EFC000AF7D81BCAB5D933CBCE82BBD7FDF3F3D774C1D3D0267A9BD3C15D0BD0A2C00BCCF
:20EFE000A69CAF3D304AD0BC98A6483DF01608BD6D75993D04E2953DFAD170BD2F8B093DE7
:20F000007E3ADEBD1C959BBADB4E1B3DF418E53DCE55333EFDA01EBEACADB8BDAEF5C53C69
:20F02000EDD547BD7B85453D8B6B7CBD70949C3DA92EE03CD8F0743D00AC2E3EB9C3C63D79
:20F04000077A88BDD3F8053C902EB63D5D36BABCA113023DC9CB1A3E72C1993CEE7BD43CC4
:20F060001093F0BCD909CF3D615191BC21CA373E6F9BA93B389FBA3C2C7F3EBC0F80983D30
:20F0800000000000532289BD0000008076C461BD7D07BFBD12C1B8BCDB31F5BC00000000D9
:20F0A000B6F63EBD5114083EE5621CBE7026C63D74D4D13C4487C0BC4C52993BF4DC423EE6
:20F0C000C4EEBB3CB4AB103D935767BDE23BB13DA4194BBD9CA5C4BD2E9296BD03B603BCB0
:20F0E0008C68BB3CBC5AEEBBC43E81BC3FC65C3D180AD8BC2236183D221CB3BB4694F6BCEE
:20F1000024801B3CD8D34E3DB70D233B5B94593DB61325BEC72EF1BD99F4773D8049EABD17
:20F120005396A1BC365C643DF8FF313DF52D23BE6136413D2C9D8FBCC009853CACC612BDFA
:20F14000ECDA5EBD35EB0CBC82E2A73DE6E5B0BDBA81023D4F24383E4AF0863BE59DA33DA6
:20F160005167AEBD7E379DBD7C629DBD58E502BEC5E3223C492E7F3CC571C0BD7C9CC93D1F
:20F1800000000000E19950BB000000803277AD3DA035BFBCADFA1CBDE430183C000000801F
:20F1A0005567B53BA702CEBD0B086DBD07ED95BDFAB921BCE8DD18BDF514B9BCF450DB3BEA
:20F1C00003B3C23CD3BCE3BC9D823C3DFAED6B3CD159463EA3B08B3CCA6D7BBC3B70CEBCBC
:20F1E000481A5C3DC6C125BC15E5D23B020DB6BCBE6699BDFBCD44BDCDCC4CBDBAA2D43DD2
:20F20000BDA687BC41B797BBC4CDA9BDC634F3BDCC090A3E3FA9F6BCC98E0D3BEF1A44BEFC
:20F22000062CB9BC836D44BDC1C6353DD09A873E218FE03B535C953D7460993D791F473DFC
:20F240009DD7583EC1FFD63DF1BB893D66BBA23DC57120BDF52A923DC310993DC80CB43DF0
:20F260000AB912BD14268C3D97C5C43D1A4DAE3C5725513D7730A23D691A943D1E373C3D99
:20F28000FCA9913DA2EE433D8F56753D1155B83D344A573DD594843DD40DD43D6AA2AF3DD3
:20F2A00027C2863DAA29893D2C4748B9EDBC8D3C17F19DBBD09D603D458229BD585785BC1C
:20F2C000719090BCE10B533DB3EB9E3DE6CCB63D00000080ADA66BBD26C6923D419E1D3D58
:20F2E00000000000D4B962BD8EB028BDA515DF3BA3CAB0BC663046BD3AE767BD0760433DCD
:20F300002175BBBCA29C683D5E0F863DD59725BDFA626F3D0E315E3DA77646BDC58E46BD27
:20F32000E9482EBD5E9D23BD00000080802AEE3C06F698BBD9EA923D8654D1BCDFFA30BC75
:20F3400092EBA6BB522AA13DBE688F3D14E8D33D0000000060B106BDB9C27B3D5B423E3D58
:20F36000000000008C3005BD6058FEBC9EB1AF3C2D2375BC3DF11CBD672AC4BC0A14713DFE
:20F380000A8588BCE564623D0C239D3D492A13BD6286863DCFDA8D3DD74B13BD9DBC08BD38
:20F3A0002B8500BD95EE6EBD000000003ACD823C1BF2CFBB3541D4BC732E45BC4CAA36BC46
:20F3C0004983DBBBE0D8333C22537E3D5073B23D00000080846356BD404D8D3D45D4C43CD8
:20F3E00000000080965CC5BCFFCD0BBD7A53913CCA5441BC09C215BD9FB044BC4D6AE83C0A
:20F4000029B256BC302DEA3CBEBE563DA3E92CBD06681B3D2A73F33C785F15BCD2AB81BC04
:20F42000E95F923C06F2ECBC0000008089B6233DEA422CBC62A01B3E429384BD92E9D0BC6B
:20F440007A52A6BC2234123E3F1D1F3EFFCB153E00000000C74BB7BDD4BA1D3EB020AD3DD9
:20F4600000000000AAF1D2BD130FA8BD7C99283D6AFB17BDA3E8A1BD2A1FE2BD664BD63D93
:20F48000A80018BD70D0BE3D64CC0D3EE4F5A0BDDBC2333EFD87F43D0C06B7BD76FAA1BDEC
:20F4A000569EE0BDE76ED7BD0000000045A1E53C965CC5BB1E1BA13D13290DBDB7416DBC1B
:20F4C00002B7EEBB30B9913D3EB44F3D1CB5023D000000000BD462BDCCF1AA3D9CA2633D05
:20F4E000000000000DA74CBDC32C34BD1ADEAC3C63B9A5BC2942EABC79C9FFBC01C3723D91
:20F500002CD49ABCAEA0693D548F343D95B939BD3F8E063EF629A73DD6536BBD48E1FABCC5
:20F5200059FA50BDE57A5BBC0000000039D3043D90D703BC1DE4953DDE8E30BDE36DA5BCA5
:20F54000B3286CBCB29FC53DEC31013E72180C3E00000080ADA540BDA81ADD3DA698833D7C
:20F560000000000068CD8FBDDC476EBD16BDD33C122EE4BC8A1D4DBD433D7DBDEE5E8E3D78
:20F5800070D0DEBC82A87B3D132CEE3D68256DBDF38E133E410E8A3DC9582DBD14234BBD5C
:20F5A0006E136EBD5D1588BD00000080C6FC5CBA03EACD3ABA6848BCE92C333C1137A73BC8
:20F5C0000055DC3B57B34EBC1A8950BCF60C61BC00000080739C5B3CF2414FBC01150EBC99
:20F5E00000000000F931663CAAF1523C098B8ABBBE69FA3B8C67503CF418653C5A9D1CBCE6
:20F60000F59CF43B450D26BC9F034BBC5D6D453CB66A57BC51A13ABC04AB6A3CA913503C4A
:20F6200089D25E3C75CD643C000000004A464E3C61A8C33BDBFB14BD1A368A3DFE0A993C37
:20F64000342BDB3C6283853CEE0912BD6A8654BD00000080C9E8003DF261763C5436ACBC62
:20F660000000000068EAB53D0AD88E3C95D31EBC2EAAC53CB2BE81BCAED7D43DDB32603B94
:20F68000F33AE23C3DD2E0BCA22725BD5DA3653A3A76103D0F47D7BCFED6CE3D293DB33D0F
:20F6A000376CDB3D9EB3453D000000008BE2153DA9BD08BCDA1C073EB51666BD2E04B9BC03
:20F6C000A4E194BCA41AD63D807D043E5CC90E3E000000803D44A3BDFE9ACC3D0745933DB6
:20F6E00000000000766B99BD5B23A2BD4C50033D6ADD06BD4B20A5BDC5389FBD03CDC73D16
:20F700006EA602BD0039C13D2A1C013E56819ABD172C053ECF68CB3D5C57CCBDA7AE9CBD7D
:20F7200030B991BD1EE29FBD000000807651743A4CFF923BD4F0ADBC53CCC13CEBAB2B3CE3
:20F74000F4E06E3C38699ABCD4458ABC41EF0DBC000000006DC8BF3C6B6281BCE1244DBC94
:20F76000000000008EC9223D23A3033D0188BBBB48FD753CFF23133DF44D1A3D2D9537BC19
:20F780000519813CDBDC18BCC8B4B6BCEE60C43C8C109EBC76C677BC4A460E3D39EDA93C7C
:20F7A000AE0D153D3B54D33C00000080D828EB3C4BAFCD3B698C56BC1728293D7E54433CF8
:20F7C00014EA293D166D4EBD8FA9BB3CC6BE64BD0000000091EEA73DFCE0FCBC64EAAEBBB5
:20F7E00000000000A0FBF23D8601EB3D6F9B293AE8DE033D170CAE3D1475C63DEB00883CD4
:20F80000A1862F3D37FB03BD38F66CBD8CD9023E149337BD88BCE53B344AD73DE71DA73DEE
:20F82000C30DF83DA0875A3D000000009E271E3C8CA19CBB6551983DDC2EB4BC857A7ABC28
:20F84000040388BC5280683DFE44853D49649F3C00000000FD6838BD12F6AD3D198DFC3C30
:20F8600000000000105BFABC244479BD2239993AE0649BBCEF9238BD55332BBD029CDE3C62
:20F8800036CEA6BC18B3253D6D54273D0DA9A2BCA5F5B73C2DEB3E3DEA0880BDC6F830BDA2
:20F8A0005393A0BDB4E948BD000000805A2B5A3C2079673BA3B136BD8FAB913C9B1DA93CA2
:20F8C000E3E0D23C378C82B9511127BC0552623D000000004031323BE4A004BD143FC6BC26
:20F8E00000000000B1F9383DE3FD783D568245BC804A153DFDF58A3D8E93823DCEE0EFBC6D
:20F90000DC2BF33CCA155E3C0647093D3E5B473D172BEA3C82A9E6BC020D963DB859BCBBE9
:20F92000A8C6CB3D47AAAF3D0000000016C1FF3B3543AABB04E4CB3C39D1AEBC034441BCDF
:20F94000A48C38BCC1ACD03CEA3F6B3D079B7A3D00000080AB3D2CBD842D363DE90C8C3CAE
:20F9600000000080603D6EBC48A5D8BC2239993AB4AC7BBCA1A2EABC48A302BD3D9A6A3CEA
:20F9800004FE70BC62F4DC3C19394B3D9EB305BD4051D9BAB9382A3DB70BCDBCCE71EEBC2E
:20F9A000378ED8BC9606FEBC00000000C0E7873C4606393CF470823C85B4863DF4DCC23C81
:20F9C0000A9E423D85B185BD4B227BBDD65802BD00000080ED63053D5DF881BD7C45B7BB1E
:20F9E000000000008C10BE3D639AA93D2F89B3BB9E5C133D5ED89A3DB16E3C3C5B4414BD09
:20FA000021050F3D501854BD6F2A52BD0516003D679EDCBDA6EECA3BFA2AB93DDBC1A83D29
:20FA200038A0E53DCD3EEF3D00000080D787F53B06D75C3C46231FBDF06E853DBDC8043DE7
:20FA4000F5673F3D3B8A93BDB9A856BD1B8198BD000000803199AA3D0E1222BD18EDF1BC72
:20FA6000000000003D5F933DAB24923D3C1144BC0B42393DB2B89F3D99B9E03D13D305BD0F
:20FA8000F580393D8412E6BC67800BBD8D258C3DD67091BC516944BDCB66EE3DC85E8F3D7D
:20FAA00036E8AB3D4BCDBE3D00000080D784343DBCCE06BC8F1CE93D498446BD8787B0BC7A
:20FAC000F7225ABC4487E03DD4BB083E382F0E3E00000000C9E96BBDD0B5EF3DA94D9C3D2D
:20FAE000000000000EF365BD6D0161BD19AA223D99B7EABC168949BD325871BDED2DC53DC6
:20FB0000997FF4BC718DAF3DBE4C043E0B6260BDC39F213E4051D93DD1EAA4BD401381BD48
:20FB20001E8A82BD63B599BD00000000925B933B3A3DEF3B060FD33B0A4A113D41D3923C6D
:20FB400002D4D43C5EA0A43A802983BC4D3232BD00000000FF062D3D59A574BBFC346EBC97
:20FB600000000080EB3A543D2D99233D882CD2BB2F6CCD3C0A664C3D91B9B23CABB26FBC8B
:20FB80004208C83CA642BCBC63B6E4BCA9BE333D78B7B23BD619DFBCE55E203D3E420D3D17
:20FBA000726C7D3D529A8D3D00000000BEA3C63BCBA0DA3B9BAF12BD6E4F103DFD6A8E3CC1
:20FBC0002592E83CCF867CBC4D82B7BC920336BD00000080D8F3953D0400C7BBD2C3D0BC2F
:20FBE0000000008074B46A3DFAF2023DDD5B11BC3F1ACE3C2369773D81065B3D03CD67BBD2
:20FC0000A1A3D53C2783A3BBC72CFBBC0A9D173D382E633CC55826BD0DAA8D3D6E8A073D20
:20FC20004181F73C03EC833D00000000D68F0D3D4A9693BBF207C33D19CBF4BCD25364BC71
:20FC4000A515DFBB65C3BA3DEE7AA93DF5F4913D00000000E4861FBD4700B73D562D693D82
:20FC6000000000006DA858BDFCDF11BDBF49D33C854199BC8C6625BDBDAB1EBDE59B8D3D1E
:20FC8000E3C196BC266D8A3D624CBA3D2DD119BD2239D93D4C6C9E3D27A30ABDCF4E06BD26
:20FCA000D6AD1EBD3D0D58BD00000000CFA0A13CE90FCD3BDDEE653C7AA9583D6343B73C7E
:20FCC000E886263DDC808FBDC1ADBBBCF8A96ABD00000000834C023EB7B6703CDF16ACBC79
:20FCE000000000808D24213EB741CD3D670F34BC7EE1153DCF11F93DB37E033EEA961DBD79
:20FD0000EAEBF93C524747BC570740BDE7C8AA3D8A3DB4BCC5E5F8BC7AC4683D5456133DDA
:20FD2000BBB50C3E6534123E00000000000000000000000000000000000000800000008020
:20FD40000000008000000000000000000000000000000000000000800000000000000000A3
:20FD6000000000800000008000000080000000000000000000000080000000800000000003
:20FD80000000000000000000000000000000008000000000000000000000008000000080E3
:20FDA000000000800000008000000000255C48BCDC9F0BBCA83AE43B61FD1FBD29AEAABC04
:20FDC000B266E4BC73301B3D57EB04BD9626A53C00000000904946BD5EA024B9A93036BA50
:20FDE0000000008079E87BBD9013A6BCFCC396BB3FC6DCBC95B88EBD931C90BD7590573C0C
:20FE00003AC9D6BCED4A4B3C5CAB9D3D869394BD18D08B3D24F1323D8DB53FBCD8B753BD34
:20FE200013EF40BDEC5198BD00000000000000000000000000000080000000800000000031
:20FE40000000000000000080000000800000008000000000000000000000000000000080A2
:20FE6000000000000000000000000000000000000000008000000080000000800000000002
:20FE8000000000000000000000000080000000800000008000000000000000000000008062
:20FEA00000000080000000800000000003241A3BD21DC43BDECBFDBCC634133D902FA13C90
:20FEC000D993003D82E2C7BA151EB4BCAB93B33C00000080C4CF9F3D33880FBDAAF152BCA5
:20FEE00000000080A182433D0875B13D85B4C6BB6211033D8B178B3DD0D3003D6AA2CFBC26
:20FF00005A0EF43C3D8130BC9F2247BD09F9203D200D67BD9A4011BD4930553D41B7573DEB
:20FF2000E42EA23D6ADBB03D0000008012DBDD3C5776C1BB734AA03D299706BD98C36EBC2D
:20FF4000FFE81BBCC4EDB03D221CB33D0934B83D0000000007EA14BDE1097D3D753A503D43
:20FF6000000000007AE14EBDACFF33BD1974C23C60CBABBC26551BBDA22810BDB66A573DC5
:20FF80003465A7BC3E7B6E3D5B5E793DABB31ABDF1F6803D7BF5913D88303EBD499F16BD0D
:20FFA000DFFD31BD4F9444BD00000000198C913CA27DACBA054D0B3DF437A1BBED107FBB44
:20FFC000389ECF3A7FDD293D0132343DD4D4B23C00000000D7BE00BCFFCC203DC688C43C7F
:20FFE00000000080FB07113BC9E880BBAAD6423C15E291BBF2EEC8BB0CE62FBBED80EB3C33
:020000040002F8
:20000000CA87A0BBB7B2C43CCEC7B53C881398BB8926503D0B47103DC539EABBD06314BCD6
:200020000742B2383BAA9A390000000011E420BC7D7896BA520BA5BC9A0AF13A0742B2B97E
:20004000931A5AB723F81FBDBDAAB33B8FFBD6BC0000000068E81F3C0C77AE3CA7962DBC3C
:200060000000008051A310BB4774CF3BB2D911BCB5FE16B7BD3706BAE82FF4BACD2294BCEC
:200080007E01BD3A3046A4BC548FB4BC0C8FFD3BD8F15FBD53B29CBCF5F3A63BCA54C13ACA
:2000A000BC77543BB61064BB00000000000000000000008000000000000000000000008099
:2000C0000000008000000000000000000000008000000000000000000000000000000080A0
:2000E000000000800000000000000080000000800000000000000000000000000000000080
:2001000000000080000000000000000000000000000000000000000000000000000000005F
:2001200000000000000000000000000041B717BCAFB0E0BBDA8CD33B87DEE2BC7B875BBC6A
:200140009C5088BCB39903BD46998D3CB395173D000000003E24FCBCB395173B54FE353BA9
:2001600000000080C11A27BD3BE4E6BC739CDBBB58C59BBC23D8B8BCF8C525BD098B0A3C7E
:2001800026A68BBCD542C93CA38F79BBF987ADBC42951ABC486AA1BB5C5A4DBD7DB1F7BC85
:2001A000AA6616BDAA0B38BD00000000B002FC3C8D26973C931844BD0BEBC63D4223183DE3
:2001C0003336943D7D75D5BCA2254FBD3EB324BD0000000035EC173E842B203A7FF879BC92
:2001E00000000000C8CF263EE00F0F3E7FA488BB00FE693DBABA033EC24CDB3D71E5ECBCE5
:200200005377653DE2033BBDA0C126BD7023053ECC608C3B8C6926BCBB7D963D193AD63D40
:2002200086919E3D5377053E000000804436103DAA7CCFBB0723963D36B100BD49B97BBCEE
:200240005740A1BBCFBDC73DD350E33D4D32923D000000000C953FBD7D75D53D705B5B3D86
:2002600000000080091732BDEA750BBD4030C73CE31A9FBC257843BD5EF154BD4FC9993D12
:20028000279F9EBC9DB9873D257AD93D1F6A1BBD287D113E5A47953D645B46BDC74A0CBD0B
:2002A000BB0B14BDEE5A02BD0000000083501E3D091607BC4C8BDA3DD26D49BDB8ADADBC8F
:2002C0004A615EBC32C8FD3D6875023EE52AF63D00000000A70785BDFD4FDE3DD7DF923DEA
:2002E00000000000466197BDCC457CBD8047143D0404F3BC032585BD53EC88BDAA0EB93D4E
:200300002638F5BC5D4FB43D13F3CC3D4F5882BD26E3183E2A8EC33D473C99BD7A8971BD1B
:200320007C987DBD74CF9ABD000000803B1B723C809D9BBB3909653D352AF0BC139E50BC32
:200340001D8E2EBC378B573D8EC9623DF855793D0000000079241EBD629E553DD0F1113DA0
:2003600000000080CEA924BDF71F19BD0BD28C3C371694BC354415BD17B927BDD190313DA9
:200380005AD592BC38F32B3D46235F3D4FCB0FBD0A2B553DC6A7403D4C8C25BDAD510FBD2D
:2003A00011C825BDDF5339BD00000080ECBFCE3C4DBE593CE12964BD5969B23DC4D0EA3CEF
:2003C000A7EA5E3D683EE7BB7B3114BD49649F3C00000080588D253DE8D881BD126A86BC21
:2003E0000000000098E0D43DBAC0653DFAEDEBB99D80263D4816903D09C2D53DEB1FC4BCBB
:200400003695453D54E2BABC904C87BC8656273DE99AC9BCD906EE39ECA43E3D8596D53D3E
:20042000CCECF33DB0C5AE3D000000809A443D3ADAE6463B927964BCC250873CE3DEFC3B66
:20044000A7962D3C899A68BC51676EBCA587A1BC000000005FB69D3C1D9084BC815921BCB2
:20046000000000004AEF9B3C59FD913CB8E68EBBA852333CD1CC933C6B29A03C9A7C33BC18
:2004800035B82D3C267241BC29426ABC60048D3CA5155FBC7B4A4EBC6C98A13C0D8E923CC5
:2004A0005133A43CC902A63C0000000062D90C3DC6FCDCBB0892B73D412C1BBD3FC486BC36
:2004C000C4E839BC38F4D63D478DC93D077CDE3D000000006A847EBDE888DC3D6BF07E3DFC
:2004E00000000000E8C072BD083C70BD4146003D577CC3BCFA7B69BD84D899BD8DB7953D3B
:20050000E7C2C8BCD80D9B3DCB82C93D7B6B60BDA5F9033EDD7B983D6FB784BD780C4FBD98
:20052000B8CA53BDC87A8ABD0000000021CB823C1B4CC3BB71585A3DD4EF02BD7D3C74BC46
:2005400043916EBCFEED723DF6D46A3DD00F633D00000000C61943BD59C0843D2E38033DB4
:200560000000008010911ABD16161CBDED9D513C5F7EA7BC569E00BDE36E50BD506D303DEE
:200580004A9BAABC7E1A373DF33D633DB34211BD0DA74C3DB56E433DB45A60BD0FF024BD86
:2005A000539235BD302D6ABD00000000D159E63C060FD3BB4ACF943D397E28BDD5EB96BC59
:2005C000DEAA6BBC7573B13D33FA913D07B59F3D00000000B14D6ABD917E9B3D7EA95F3D34
:2005E000000000005EBC5FBDF52F49BDA987E83C0002D6BC2EC555BDA88A69BD5A2F863D0A
:20060000198FD2BC78978B3D2FA88F3D2DCC42BDFCC2EB3D6FD48A3D70227ABD1F6459BDE0
:20062000E15E59BDFA2A79BD00000080399B8E3C9417993B1F4AB43BB247A83C5706553C4B
:20064000AF5A193DEC3111BC9775FF3CF165A2BD000000004301DB3D60734EBD7AA617BC28
:20066000000000802653C53D91602ABC6D8FDEBBAA2AB43CD941853D30F0DC3CD1CABDBA29
:20068000A27DAC3C62DB223C1C5D253CA35AC43DACE4E3BCACFD9DBC793D98BBF434C03D81
:2006A00060CBAB3C7A70F73C000000004606B93C7F87A2BB99D6C63DAC700BBD9C6942BC0E
:2006C0003C4CFBBBB24A293D4356773D6842133C00000000575B71BDA3CA703D77BB1E3DAD
:2006E00000000000DBC31EBD4B9312BD467CA73CE60382BC522CB7BC3C3040BD27A4753D31
:200700002A0387BC62122E3D0C91533DE17C2ABD7C27C63DCCB2873D037D82BD1289C2BC59
:20072000BDFF0FBDE84D45BD00000000DC83903CAB26083CC1CA81BDF06AB93D4371C73CEA
:20074000A46C513D79CC80BD68CFE5BC2FF95FBD000000007769C33DB77ACEBC07B4F4BC57
:20076000000000809D81913D2D7CFD3D79B0C5BB34F3243D21938C3D5727873DE9B72FBCAF
:2007800061C5293DDFA900BD5EBD8ABC45489D3D03249A3A9BCAA2BC9CC3053EAD4CB83D72
:2007A000EC6C883DB54E5C3D00000000B265793CF168E3BB0A4CA73D890C2BBD97C79ABC52
:2007C00067D2A6BCD55D993D6479973D9604A83D000000003EB48FBDF6EE8F3DAAD5173D85
:2007E00000000000A22890BD30D978BD2EAD063C89EFC4BC19394BBDF12F82BDED66463D00
:20080000AF79D5BC43E3493D37399C3D401577BDECDD5F3D855C693D874D64BD300E2EBD97
:20082000A6D079BDFC3684BD00000080F94CF63C8D60E3BBB7D4813D15ACF1BC07288DBCE8
:200840004B5906BC3FA7803D50C7A33D72A8BF3D0000008049106EBD2DCDCD3D53034D3D9A
:200860000000008096E701BD2103F9BC07D3B03C4BCCB3BCB9891ABD8AB021BD84BA883D64
:200880007BF8B2BC3FE5583D8F71C53D44F942BDE2E43E3D4BCA9D3DD12346BD475729BDD5
:2008A0008FFF02BDB0AE8ABD000000009A771C3C737FF53B346868BD9F59123DDA3C8E3CD3
:2008C000336F153DA4FFE5BCCEE390BDAE9AE7BA00000000FF92543D93024BBD8ACCDCBC4C
:2008E000000000003C11E43DCF30B53C23D838BC8313D13C847E263DAEB9C33D096BE3BC29
:20090000FF3EE33CC70F953BED2D653B1554B43DB6D7023DC9E755BD404FC33D5DC5E23C64
:20092000FE0E453D8908BF3D000000803F389F3CEB36283CB11A4BBD4CFABB3D88669E3C6C
:20094000A4E0293D172BEABC13F457BD73A047BD00000080950FC13D213BEFBC49F7F3BC7B
:2009600000000000DE54A4BB8143A83CBF2B82BC2E030E3DF087DF3D35D39D3D76A826BD24
:200980002C2B0D3D6ADFDCBC47E73CBDF853633DB550B2BD9A232BBDF69ABE3D0459CF3DB6
:2009A0007026263DC3D7F73D00000080C91E213CC5396ABB9336153DD66FA6BC933916BC29
:2009C000E1CE05BC74F00C3DCB841F3D8CBD173D00000000A568E5BCC37E0F3D4E97C53C91
:2009E000000000809623E4BCD3BDCEBC9ED2413C2BA652BCBEF6CCBC18D2E1BC0ABEE93C88
:200A0000189554BC6C04E23C17D60D3D61FBC9BC8D610E3DD314013DFCFDE2BCAD86C4BCCB
:200A20006613E0BC249A00BD000000808B1B373C145CAC3B1F9E25BD18B57B3C85225D3CD3
:200A40005BEECC3C1F4D75BBFEEDB2BCC6F8303D00000000467B3C3C884CF93AC68B85BC53
:200A600000000080795B293DBB62463D1AC31CBB6C929F3CEE95393DE2037B3DC1E5313CE6
:200A800049A1AC3C3C3341BB4B5AF1BCD95D203DE84DC5BCBBEC17BDB2D5653DB0C8AF3C77
:200AA00079B0453DA378153C000000005532803C5C21ACBB0F0D0B3DD503E6BC182568BCB9
:200AC00087FB48BC0ADA243DAF087E3D9F58873D000000006A69EEBCC2FB6A3D151C1E3DB1
:200AE000000000007D410BBD42B115BD16889E3C4F089DBC64AF37BD738060BDFB3D313DC6
:200B0000F54798BCBEF64C3D2E04793D7097FDBC3E26523D8F8D403D6EDA4CBDB98A05BD7E
:200B2000F30442BD52D36EBD00000080C8D19C3C7C45373C0BD5CDBC96EB2D3D1553E93C69
:200B40004D486B3DC97553BD32AC22BD0AF7CA3B000000002D7BD23DEB1942BDCD56DEBCD0
:200B600000000080C381F03D9B92AC3DB189CCBB47E9123D7F14353D41F0F83C0CE5C4BC53
:200B80000723363DBF0F07BD4A792DBDAF09E93DD0ED85BD483441BD9B590B3DD39F7D3DBA
:200BA000FC6D8F3D59DA893D00000000384D9F3C8449713C51D9B0BBB6129A3DFDF50A3DC0
:200BC000499F563DD09B8ABBDC7E79BD53EA92BD00000000B760C93DB187F6BC2CF5ACBC3E
:200BE000000000801684F23C2F87BD3D1D9004BCA6483E3DFD851E3D18D2013E3A02B8BC71
:200C000002663E3DE23C1C390D8C3C3B1EFDCF3DB2D8A6BD999C5ABC59C1CF3DD0B58F3D98
:200C20001C98DC3D4E97E53D00000080CCD2CE3C3EB2B9BBFA26AD3D7F880DBD2F3281BCDB
:200C4000B9A72BBCF241AF3D21C8A13D4EF1783D00000080609460BD876B953D22503D3D32
:200C60000000000000CA5FBDD2A755BD15C4C03CBA85AEBCF86B32BD3D63DFBC8B70533D6D
:200C8000D2A9ABBCD978703D938E723DF52D33BDE086183DF5A0803D9C1852BD890C2BBD45
:200CA00024D662BD392736BD000000800612943CCA8C373C7234C7BCA3049D3DB685E73C8F
:200CC0008716593D13EF80BD88812EBDAA6054BD00000000618C083E27F79BBD25B3FABC5C
:200CE0000000008080EFB63D9BE5923DC45B67BC7234473D6AA5503DFFCBD53D8CD992BC2C
:200D0000ECDA1E3DE86AABBC36AF6ABCC8EF6D3DB020CDBCA81912BD43FEF93DA8FDB63D95
:200D2000B4E51C3D7B10123E00000000882CD2BB6E8530BC8385133D0EDC41BD17D8E3BCF8
:200D40000DFA12BD5F0C253D96438B3D3D993F3D000000004A08B6BD253EF73CEFE1923C04
:200D600000000000859760BD94869ABD9D7F3BBC19E81ABD1E8997BD8C1294BD081E5F3C33
:200D8000E52715BD27A4353D8CF6383D957D57BD3E5A5C3D0E4E443DBE2D98BD1C0693BD5B
:200DA000209CAFBDFE98B6BD000000008C4BD53C765009BC3C4BD03D312728BD29089EBC33
:200DC0000D6D80BC124EAB3D36CBC53D63F0D03D000000808DB755BD0DC29C3D0D8E523D0A
:200DE00000000000399D84BD30D84DBD8D60E33CFFEBDCBC89CF1DBD64E76DBD13658F3D51
:200E00008544DABCAD876F3D861B703DA8E331BD340F803D69E3883DFE282ABD661275BD04
:200E2000268D91BDB744AEBD0000000005BF8D3C47E43BBBA4C42E3D99848BBC912BF5BBFA
:200E400017F19DBB92E64F3D118D2E3D08E9693D000000007E1BE2BCFCA5053D6EDCE23C0C
:200E6000000000009AEF20BDC9E795BCC284513CF12D2CBCC72CFBBCF629C7BC4F58223DE0
:200E8000CF833BBC9DA00D3D75E8343D1DE7B6BC4739983D8D7F1F3D1B2C1CBD083E86BCD9
:200EA0004299C6BCD2C7FCBC000000809259BD3CF10E70BBC138983D5246DCBCED4534BCD6
:200EC000E8DCEDBB82A89B3DF75B9B3D4D84AD3D0000008044A33BBD27A4953D07612E3DF0
:200EE00000000000D31401BDA56910BD2D439C3CD9CE77BC9622F9BC59FD11BD7A56523D60
:200F00003A048EBC8197593DE1248D3DBEC117BD8E74863D71CC723D069D10BD239F17BDC2
:200F20006C2534BD172D40BD00000000603FC4BB03249A3B341437BDE49E2E3D5C759D3C01
:200F4000A1DAE03CFC00A4BD937382BD45BA9FBD000000008446303C83C280BD6EBE11BD4B
:200F600000000080EE7CBF3C902D8B3D5B246DBC2BC1E23C37C60E3D2828C53D80B740BD87
:200F8000AED8DF3C91B546BD93DFA2BC4375333D7FC18EBD1B13E2BC6FF59C3D096E243D03
:200FA00059884E3DF7721F3D0000000081242C3D1781B1BB8196AE3DE2E5E9BC045864BC04
:200FC000F35748BB9275F83D07B3A93D560BEC3D00000000E75006BDAF5AD93D696F703DC0
:200FE00000000000F64196BCB60F79BDC30DF83C0BB691BCEF58ECBC868D72BDF226BF3D16
:20100000511292BCC173AF3DFD2EEC3DC2FC15BD87DFAD3D098D803DD19548BDF243A5BC77
:2010200036EA21BD467D92BC0000000042EB613C92088DBB7E1C0D3DE7FBA9BC09F920BCEC
:2010400077A1B9BBD690B83CD1CDFE3C1840783D00000000C0B428BC52F13F3DB2BE013D00
:2010600000000080E33404BDFD4E93BC15E03B3CB51751BC1EFAEEBC313FB7BC79B1B03C7E
:20108000986B51BC5D8AAB3C075F583DF59C74BC4513883DE0649B3C3140A2BC84D5D8BCC2
:2010A000FA62EFBCDD97B3BC0000000003B6033D1492CCBB2996DB3D6CAF45BDE35295BCA6
:2010C000DC9B5FBC7DE7D73D740AF23DA3E7063E0000008041F098BDB1FBEE3D6990823DF6
:2010E00000000000A0329EBD1B4A8DBD064CE03CF697DDBC99F176BD492A93BDA2CFA73DAB
:20110000BC3FDEBC170EA43DC45ADC3DC3646ABD6589CE3D5986B83DDFDE95BD5A2A6FBD23
:201120007BBB85BDBCCEA6BD0000000058FFE73A8EC9E23B4240BEBC3465273D1A4E993C28
:2011400082C5E13C4948A4BC72DF2ABDDBFC3FBC000000802BFB2E3DCB125DBDB58993BC9B
:2011600000000000CFDA2D3D32E92F3DD6566CBC9739DD3CE2AC083D45F6413DEBE6E2BC9D
:2011800030DAE33C5ED81ABD3EB0E3BC4E7F363DC47C39BDDE72F5BC7A1B9B3DA680343D11
:2011A000C328883DACE0773D00000000F2D1E23CA6D590BB6938A53D22FBA0BCD52222BCC7
:2011C000CF68ABBBBDE56A3DC3EFA63D4FE7EA3D000000000B9A16BD9B72A53DE17E403DF4
:2011E00000000000EF8F77BD00C849BDACC4BC3C2E0178BC8D9819BDE7555DBD5B5D4E3D10
:20120000575E72BC77BA733DDB50713D284701BDFB059B3DCB2FA33D174850BD46B1DCBC57
:20122000E21E4BBD268D51BD0000008012FA99BBDD7B38BC9F71E13D265791BDFE5FF5BCB2
:201240009CFC16BDB3B4133DD0B4C43DA585CB3C0000008078612BBDB935293D7902213D48
:20126000000000809C1AC8BD7A549CBD404E98BB8B1620BDF1F535BDA5DAA7BDD6C82E3D69
:201280006F9E2ABD5298773DFE44653DD9068EBDA4FF853DC6F8903D2B1594BD95619CBDDE
:2012A0002F8587BD6745D4BD00000000F52A923D2447BA3D4E263E3EE2757D3D45D9FB3D52
:2012C000D7A3903D4C6D693D03602C3E4304BC3D2DD1093E82E392BD99115E3D6BD82F3D6E
:2012E00037FDB9BD09C2953DAED3083E022B073D0708C63DA46EE73C185FF43D213E903D54
:20130000DC48193D177E703D685DC33DB2B98A3D7E8D143E000000008DD5263D7460F93DEE
:2013200000000000ADA7B63D47E77CBCFB5A97BBB70DA3BBEDBBA23CE5B4A7BB904FC83CD3
:2013400086048CBBFFCE76BB1D94B03C2CD49ABB0857C03C00000000137C53BB425DA4BBD6
:2013600000000000C03FA5BB8C9FC63CCA33EF3D1DAA193EBC037CBD397B573E0A68A2BD88
:20138000D3FAFB3D10CFD23DB95079BD800C1D3EF86DE8BD0000000090DCBA3D4F93393E6E
:2013A00000000080A1DAE03D9A98AEBD7FA107BDAE8303BD5A0DE93DDE7380BDC878443EC6
:2013C000047289BC7EE4D6BC47E6313ECF3160BD9BE7283E00000000768CABBC0C0657BB30
:2013E000000000007A008BBCB001913DEA935CBC1E377CBC0F095F3D56F572BC15557F3D38
:20140000A6634EBC94FA32BC91F1683D1F6885BCF720843D000000801BA11FBC4CA860BC4F
:2014200000000080DA1C67BC4CE1813DCF66553DF12F823C3A03A33D8753E6BBC87D8B3DDE
:201440008BFED03CD4D6883A64CFFE3DC138383DC79F283E000000002EAB303CC05EE13C63
:20146000000000009BAF123D137E093E2EE2DB3DAE9C1D3E73A172BDAF054D3E832FACBD91
:201480007BFA183E2767E83D41F28EBD82AD323EEA788CBD000000007633C33D4DF30E3ED1
:2014A000000000001A19343E7C4838BD9AB5F43DD4D7333E3179A3BD05A8E93D713AE9BD04
:2014C000F12A2B3E4D13F63DB681DBBD89D0083ECC9B03BE00000000D864CD3DC05F4C3E70
:2014E000000000008BDE293E7F30B0BDBEBF013EFE26343E94F686BD86550C3EE6B2B1BDB6
:201500009BCBED3D3E5ADC3D213DC5BD7E6E083E45F215BE000000004DDCCA3D342C463E5A
:20152000000000007C625D3E950ED6BD00000000000000000000000000000080000000007C
:2015400000000000000000800000008000000080000000800000000000000080000000000B
:20156000000000800000008000000000FB7913BDC49749BD5ED5493E59858DBDFB74FC3D3C
:20158000AC1999BC87A6ECBC492E3F3E695480BD3C84413E000000002DEDD4BC20D28FBD47
:2015A000000000002D077ABD616D4C3E9692E53D5ABB1D3EBCC96FBDC1AB553EF69A5EBD53
:2015C00017F1FD3D884AE33D4C4FB8BD6006333E282CF1BD00000000672AC43D25E9DA3D37
:2015E00000000000C85D443EED28AEBD8FFCC13D6EA5D73D992B43BD0BD4823DE40F86BD7C
:201600000A30CC3DFCC6973D126B71BDAA0BB83D8E57A0BC00000080D15C873D207EDE3D31
:20162000000000008E75F13D1B2F1DBD000000000000000000000000000000000000000055
:2016400000000080000000000000000000000000000000800000000000000080000000808A
:20166000000000800000000000000000F2B5E7BC74B2543CF2083E3E4F7548BC4969363E86
:20168000600237BD7501AFBC3DB87B3EB48E6ABD36AD543E00000000E1B6B6BCF4A537BDF1
:2016A00000000000064AAABDCE88323E63601DBD7C6348BD0D891B3E3CDB233C6EA2463E33
:2016C000BEA2DBBC4D10F5BCA69CEF3D755776BDB9AB673E00000000C782C2BCEB3688BD62
:2016E000000000004F5822BDDFFA403E6AD91A3DCD022D3D91F1A8BCF92E653DADF6B0BC7C
:201700002D27213D3FC7073D3239B5BC22C32A3DE76ED7BC00000000B79AF53C4888323DFC
:20172000000000006ADE313D7095A7BCFCE4A8BC40C1C5BC8D96A33DEBC5D0BCA94FB23D9F
:201740009DBE9EBC4B2190BC884BAE3D4852D2BCE8A1B63D00000080EE047BBCD658C2BC65
:2017600000000080DDB2C3BC4D69BD3D2E1AB2BCBA8358BD3FAA113ED02A93BD427B653E41
:20178000E54225BDB9FFC8BC732AF93D3F1ACEBCCDAD103E000000000470B3BCE9D1D4BC59
:2017A00000000000E97F39BD7443433ECCD038BD8A5B85BD185E293EBBD39DBD809A7A3E44
:2017C000B3795CBD18420EBD19AFF93D57B479BDB1A3213E00000000EAB4EEBC2103F9BC8C
:2017E00000000080463F9ABD020C7B3E9E28C93DE5D1CD3DB4CC62BDA015D83DC5AE8DBD14
:20180000075CD73DBF65AE3D96CE87BD22C7F63D6E31BFBD000000802A719D3D55BFF23D2B
:20182000000000001E880C3ED7FB8DBDDF8783BC14419CBC76E1A73D2AABE9BBDAABCF3D05
:201840007FDD69BC5E4972BCC823B83DA54EC0BC9E26B33D00000000B2674FBCB22AC2BCB1
:2018600000000000B728B3BCE144B43D5F0ACF3D50C8CE3D910D64BD529B183E205FA2BD8C
:201880005D32CE3DE0D7A83D1BBB84BD45D8D03DCAA69CBD00000000EDF0973DD3C1BA3DCC
:2018A000000000001F4DD53DE4839EBDB0AF153E239FF73D795A7EBDE7A7283E16F674BD01
:2018C000AA9D113EB1DDDD3D69AB92BDE3FDF83D9D0D09BE00000080B551BD3DFE9C123E77
:2018E00000000080B1864B3E23BD28BD459C0EBDA8C34ABD8C10DE3D1422E0BA7C46723ECC
:20190000486B4CBD3DF3F2BC5F7A1B3E113892BCAF07333E000000008BC2AEBC378856BCB5
:201920000000000073B8D6BC7F2F553E45F0FF3D103B233E30668BBD2731683E21E692BD5A
:201940003E211B3E0AF3DE3DADBE7ABD3AEA383E1D01BCBD00000000C7D5C83DEE432E3EA6
:2019600000000000126A463EF2B5C7BD7520EB3D8731E93D0D8C7CBD05323B3EB1A3D1BD3D
:20198000C092CB3D2D43BC3D024AA3BD47E3003E4C1CF9BC000000000F43AB3D9A7D0E3EB6
:2019A00000000000FB020A3E2DB388BDB08C4DBD1F666FBD6C424A3EAEBA8EBDA1687E3E18
:2019C000AE2990BC8A3AF3BC44DD373E715684BDE09E273E000000005B40E8BC7711A6BCC7
:2019E0000000000000AEE4BC3D0B523EC4780DBD740A32BDE8A4073EF86B92BD172A2F3E1D
:201A0000A724EBBC7EE3EBBC38694A3E4D9EB2BC88D7253E0000000093A6C1BC4C8879BD48
:201A200000000000B5E25BBDD522123E35790ABD547484BD0306493E919B61BC85430F3E44
:201A400098305ABD00E1C3BCA4A8433E1EF903BC855E3F3E000000004852D2BCBCB2ABBD46
:201A6000000000001E3390BDBD546C3EF0181EBD80634FBDE63C333E6B9BA2BD800D683E10
:201A800031B1F9BC13F116BD48E1823E1763A0BDD82A413E00000000D3BCE3BC9754EDBCD5
:201AA00000000000B39AAEBC34645C3E0000008000000080000000800000000000000000BD
:201AC000000000800000000000000000000000000000000000000000000000800000000006
:201AE000000000800000000000000000D1B008BEF376FC3E2D0B123FFF4005BFB7D0453FE5
:201B0000EAB139BF6021073F4776DD3E25781FBFE272183F878748BFC51F553E51F4C03E9E
:201B20002159243F8A3E033F7C0E2C3F433832BF40000000230000002CCF01002CCE010003
:201B4000010000002000000040000000ACF201002CF2010001000000100000002000000035
:201B6000EC120200AC120200010000000100000010000000F01A0200EC1A0200020000007D
:201B80004576656E742074696D657200259700001D9700006195000000000000000000009C
:201BA000284E554C4C204C4C206164647229000025303278000000004D51497364700000F9
:201BC0004D5154542070726F63657373000000004D515454204D6F64756C65004D5154548E
:201BE00020446973636F6E6E65637465640000004D51545420627566666572206F76657236
:201C0000666C6F77212044726F7070696E6720636F7272757074656420667261676D656E90
:201C200074732E00666430303A3A31006E524635323834302049454545000000546F6F202D
:201C40006C6F6E673A2025752062797465732C206D61782025750A0054583A20746F6F20CB
:201C60006C6F6E6720282575206279746573290A000000006E52463532383430204945455C
:201C8000452052462064726976657200C5CA0000A1C70000D1C90000B1CA000049C6000080
:201CA0007DC8000031C5000051CB000055C8000049C300006DC30000D9C8000099C5000075
:201CC00099C400000000000002030405060708090B00000008010C011001140118011C01FE
:201CE000200124012C0100000C0D0E0F10111213140000003001340138013C01400144017F
:201D000048014C0150010000F1D7000025D80000D1DF0000E1E0000025E1000069E1000056
:201D2000ADE1000059E000009DE0000015E00000A5DA000055DF000081EB0000E9E2000080
:201D4000F1E100006DE2000061E30000DDE3000059E4000071DE0000EDDE000029D8000006
:201D6000E9D80000DDEC0000D5DD00004A6F696E000000004C6F63616C2072657061697209
:201D800000000000506F69736F6E20726F757465730000005369676E69666963616E74207A
:201DA00072616E6B2075706461746500476F7420706172656E7400004865617264206F6C21
:201DC000642076657273696F6E2066726F6D20726F6F74004D756C7469636173742044495E
:201DE00053000000526561636861626C65000000496E697420726F6F7400000044414F20AD
:201E00006D6178207274780052504C204C69746500000000081E0200DD20010085FF0000B8
:201E20009DFF00001D000100ED0201004D210100710301007120010089200100ED030100E7
:201E400001040100B9090100750A01003109010071080100010801001D210100A520010075
:201E60007D210100A920010053656E736F72730053657269616C2064726976657200000000
:201E8000736963736C6F7770616E0000002B2C3CFE800000801E0200A125010069320100EB
:201EA000AD2A0100000140FF008882800F2822200F252321537461636B0000004368656326
:201EC0006B206661696C65643A2025752076732E2025750A00000000537461636B20636842
:201EE00065636B0030313233343536373839616263646566000000003031323334353637B1
:201F000038394142434445460000000030580000307800002D0000002B0000002000000013
:201F2000286E756C6C290000250000002020202020202020202020202020202030303030B0
:201F400030303030303030303030303054435020736F636B65742070726F63657373000092
:201F60005443502F495020737461636B0000000054656D706572617475726500701F02005D
:201F8000E1520100C9520100DD520100284E554C4C20495020616464722900003A3A4646C1
:201FA00046463A25752E25752E25752E257500003A3A00003A00000025780000483C00207A
:201FC00018BE0100010200000F000000000000001001000060030020583C0020117E010040
:201FE000743C0020ACBD01000200010601020482810100000000010181000000657E01002C
:202000004305002000000000F97E01000000000001000000D0070000060000000000003FC3
:20202000000000BF8071313F807131BFD1F71737D1F717B77403002035000000CEFBFFFF60
:20204000CB030000010000000000000034000000CEFBFFFFCB0300000100000000000000E7
:202060004A230200B32102004505002005000000190000007D000000000000000000000016
:20208000000000000000000000000000000000000000000000000000000000000000000040
:2020A000000000000000000000000000000000000000000000000000000000000000000020
:2020C000000000000000000000000000000000000000000000000000015245454E54206DF4
:2020E000616C6C6F6320737563636565646564002F6D6E742F776F726B73706163652F77EE
:202100006F726B73706163652F4743432D392D706970656C696E652F6A656E6B696E732D34
:202120004743432D392D706970656C696E652D3230305F32303230303532315F3135393011
:202140003035333337342F7372632F6E65776C69622F6E65776C69622F6C6962632F737493
:20216000646C69622F72616E642E63006E6600696E69747900616E002C2066756E637469BA
:202180006F6E3A2000617373657274696F6E2022257322206661696C65643A2066696C65B5
:2021A00020222573222C206C696E65202564257325730A00002020202020202020202828DC
:2021C00028282820202020202020202020202020202020202088101010101010101010101F
:2021E00010101010100404040404040404040410101010101010414141414141010101016D
:202200000101010101010101010101010101010110101010101042424242424202020202BA
:2022200002020202020202020202020202020202101010102000000000000000000000001E
:2022400000000000000000000000000000000000000000000000000000000000000000007E
:2022600000000000000000000000000000000000000000000000000000000000000000005E
:2022800000000000000000000000000000000000000000000000000000000000000000003E
:2022A00000000000000000000000000000000000000000000042616C6C6F63207375636303
:2022C0006565646564002F6D6E742F776F726B73706163652F776F726B73706163652F4717
:2022E00043432D392D706970656C696E652F6A656E6B696E732D4743432D392D7069706513
:202300006C696E652D3230305F32303230303532315F313539303035333337342F73726390
:202320002F6E65776C69622F6E65776C69622F6C6962632F7374646C69622F6764746F6185
:202340002D6765746865782E63002E004300504F534958002F6D6E742F776F726B73706182
:2023600063652F776F726B73706163652F4743432D392D706970656C696E652F6A656E6BDB
:20238000696E732D4743432D392D706970656C696E652D3230305F32303230303532315F07
:2023A000313539303035333337342F7372632F6E65776C69622F6E65776C69622F6C6962DB
:2023C000632F7374646C69622F6D707265632E6300232D302B2000686C4C0065666745466A
:2023E0004700303132333435363738394142434445460030313233343536373839616263C1
:20240000646566000000000098FBFD7F0100000000000000A92000000000000000000000B4
:2024200000000000000000000000000000000000000000000000000000000000000000009C
:20244000000000000000000000000000000000000000000000000000B4BE01000100000008
:202460000101060000000000100000200000000000000000CCBE0100B54A0000000000009A
:20248000600003004C0D0020500500200000000000000000000000004CBF0100F156000098
:2024A000000000000000000000000000000000000000000054BF0100A11200000000000055
:2024C000080104006C0D002078060020000000007CBF0100F15B000000000000701C0200A2
:2024E00000000000000000000000000034C20100CD680000000000000000000000000000B0
:202500000000000000000000000000000000000014C2010000000000196900000000000062
:202520000000000000000000000000000000000000000000D0C1010000000000116A00008E
:20254000000000000000000000000000000000000000000000000000F4C1010000000000C5
:20256000B56900000000000000000000000000000C000800100F0020B00E002038000200D2
:202580008C0F00201C0F00200C000800F00F0020900F002000000000F0C30100E976000030
:2025A0000000000070C4010004000000301B0200CC110020CC12002040000000000000005A
:2025C00090CC0100197A0000000000000000000078CC0100517F00000000000000000000F6
:2025E000801B02004D8F000000000000000000000C000000000000005416002003000000C9
:2026000000000000C01B0200A1A20000000000000C0010007C240020BC23002000000000BF
:20262000741C020031C700000000000000001A01021402147C1F020000000000B5FA00007D
:202640000000000004000800F0290020D0290020AA000800482F0020F82900200000000092
:20266000290D01009B03000000000000690D01009B02000000000000990E01009B0100002D
:20268000000000002D1101009B000000A5150100B51501007116010089160100C9150100D3
:2026A00041160100B5160100A915010001000000AC02002000000000080000000000000060
:2026C000602F002000000000681E02008D2301000000000000000000701E020081240100DC
:2026E0000000000000000000D81E0200C53C010000000000F04A00200090D0030000000023
:202700004C1F0200494A01000000000000000000601F020095500100000000000000000051
:202720001200000000000000D438002020000200383A0020F839002000000000F55C010004
:2027400081FF0000000000005D5D010080FF0000000000001D60010087FF00001800100093
:20276000103C0020903A0020436F6E74696B692D4E472044465500007403002000000000DA
:2027800098200200B82002007820020000000000000000000000000000000000000000000B
:2027A000000000000000000000000000000000000000000000000000000000000000000019
:2027C0000000000000000000000000000000000000000000000000000000000043000000B6
:2027E000000000000000000000000000000000000000000000000000000000004300000096
:20280000000000000000000000000000000000000000000000000000000000004300000075
:20282000000000000000000000000000000000000000000000000000000000004300000055
:20284000000000000000000000000000000000000000000000000000000000004300000035
:20286000000000000000000000000000000000000000000000000000000000004300000015
:202880000000000000000000000000000000000000000000000000000000000043000000F5
:2028A000000000000000000000000000000000000000000000000000000000008DBA0100D0
:2028C00059B7010000000000B42102004A230200B3210200B3210200B3210200B321020049
:2028E000B3210200B3210200B3210200B3210200B3210200FFFFFFFFFFFFFFFFFFFFFFFFB6
:20290000FFFF0000010041534349490000000000000000000000000000000000000000004F
:2029200000000000000041534349490000000000000000000000000000000000000000002E
:182940000000000000000000CDAB0110FFFF0000851F0000611F0000D4
:040000050000972D33
:00000001FF
