:020000040000FA
:2010000000000420699B0000919B0000939B0000959B0000979B0000999B000000000000B8
:201020000000000000000000000000009B9B00009D9B0000000000009F9B0000A19B0000CC
:2010400075D9000075CF0000455C0100A39B0000A39B0000A39B000011D60000A39B00007D
:20106000A92B0100A39B0000A39B000085DA0000A39B000085D90000A39B0000A39B0000A8
:2010800091FA0000A39B0000A39B0000A39B0000A39B0000A39B0000A39B0000A39B000013
:2010A000A39B0000A39B0000A39B0000A39B0000A39B0000A39B00000000000000000000BC
:2010C000A39B0000A39B0000A39B0000A39B0000A39B0000A39B0000A39B000075F20000F7
:2010E000A39B0000A39B0000A39B00000000000000000000A39B000000000000A39B0000BA
:201100000000000000000000000000000000000000000000000000000000000000000000CF
:201120000000000000000000000000000000000000000000000000000000000000000000AF
:2011400000000000000000000000000000000000000000000000000000000000000000008F
:2011600000000000000000000000000000000000000000000000000000000000000000006F
:2011800000000000000000000000000000000000000000000000000000000000000000004F
:2011A00000000000000000000000000000000000000000000000000000000000000000002F
:2011C00000000000000000000000000000000000000000000000000000000000000000000F
:2011E0000000000000000000000000000000000000000000000000000000000000000000EF
:2012000001F0FF01102A2BDB10F0070F08D010F8013B013A8B422DD010F0070F42B3F6D194
:20122000F0B441EA012141EA014122F007047FF000070023F0E80256083C85EA010586EA41
:20124000010685FA47F5A3FA87F586FA47F6A5FA87F68EB9EED1F0BC01F0FF0102F007023C
:2012600032B110F8013B013A83EA010313B1F8D10020704701387047002D06BF354603389F
:20128000073815F0010F07D1013015F4807F02BF013015F4C03F0130F0BC0138704700BF63
:2012A000D0B5038804463BB15C2B0DD188290FD082290DD00120D0BD80211D4808F002F9C4
:2012C0005C2323800120D0BD002303800320D0BD05F034FAE8B905F015FA02460B4652EA4B
:2012E000030116D010A7D7E90067D90141EA5261D0018F4208BF86420FD3002908BFB0F5C6
:201300007A7F0DD34FF47A72002319F047F80146D3E708480FF05AF9D2E74FF4F051CCE7C7
:201320000121CAE7AFF30080E7337500000000008C0B0020A800002038B52DED068BB0EE74
:20134000408AF0EE608A0FF0C9F907EE900A9FED2A9AF8EE677AC7EE899A0FF0BFF99FED79
:20136000277A07EE900AF4EEC79AF8EE677AF1EE10FA87EE89AA32D919EE900A18F08EFC64
:2013800041EC100B00F090F800224FF0404351EC100B18F0DBFC41EC100B17F0CDFA1AEE54
:2013A000100A55EC104B18F079FC0FA3D3E9002318F0CCFC41EC100B00F022F8204653ECA2
:2013C000102B294618F0C2FC18F098FF07EE900A27EEA80A30EE080ABDEC068B38BD9FEDBD
:2013E000040BCFE7AFF30080182D4454FB211940000000E0E2361A3F00FF7F4717B7D138C7
:2014000000B551EC100B264A21F00043934285B01EDD244A934209DD10EE102A0B4618F03C
:20142000DDFA41EC100B05B05DF804FB684600F08FFA00F00300012811D0022825D0E8B1A8
:201440009DED021B9DED000B012001F021FAEAE79FED111B00F0B4FC05B05DF804FB9DED67
:20146000021B9DED000B01F013FA53EC102B03F1004300EE903A05B05DF804FB9DED021BA3
:201480009DED000B00F09CFCCDE79DED021B9DED000B00F095FCE8E70000000000000000EF
:2014A000FB21E93FFFFFEF7F38B52DED028B55EC104B00F041F81E4BB0EE408AF0EE608A8A
:2014C00093F9003001331AD022462B462046294618F0D6FE98B9002200232046294618F035
:2014E000C5FE60B9204629460022002318F096FE60B117F029FB9FED0C8B22230360B0EEB5
:20150000480AF0EE680ABDEC028B38BD17F01CFBBDEC028B21230360BDE83840054801F0A8
:20152000FBBA00BFAFF30080000000000000F0FF7F03002068AE01002DE9F04F51EC100BC0
:201540002DED028BB1F5801F83B00B4657DA21F00042024300F0FE800029C0F23E81E44B1B
:20156000002218F0F3FBE34A0B4693426FF035074ADCC3F3130505F5152606F6647606F46C
:20158000801686F07F5282F4401242EA05011C150022D94B18F022FAAB1CA4F2FF34C3F393
:2015A00013033C44022B04EB165482468B464FF0000234DC002318F031FE002800F0D7805C
:2015C000002C00F06681204618F056FBB2A3D3E9002306460F4618F0B9FBB1A3D3E9002385
:2015E00004460D463046394618F0B0FB02460B462046294618F0F4F941EC100B0AE0BD4A0A
:2016000093424FF00007B4DD02460B4618F0E8F941EC100B03B0BDEC028BBDE8F08F4FF008
:20162000804318F0DDF902460B465046594618F0B7FC02460B46204643EC182B18F01CFBF0
:2016400053EC182B06460F4651EC180BCDE9006718F07CFB02460B468046894618F076FBC4
:2016600091A3D3E9002306460F4618F06FFB90A3D3E9002318F0B4F932463B4618F066FB1B
:201680008DA3D3E9002318F0ABF932463B4618F05DFB8BA3D3E9002318F0A2F942464B466D
:2016A00018F054FB88A3D3E90023804689463046394618F04BFB86A3D3E9002318F090F958
:2016C00032463B4618F042FB83A3D3E9002318F087F932463B4618F039FB0B4602464946E2
:2016E000404618F07DF9A5F5C223C5F5D725A3F27A4351351D43002D06460F465FDD7F4BA5
:2017000000225046594618F021FB52465B4618F01DFB80468946002C6AD142464B4630466A
:20172000394618F05DF953EC182B18F00FFB02460B464046494618F051F902460B46504609
:20174000594618F04BF941EC100B03B0BDEC028BBDE8F08F002200236949002018F020FC0E
:2017600041EC100B03B0BDEC028BBDE8F08F5CA3D3E900235046594618F0E8FA02460B467E
:2017800000205E4918F02AF9524606460F465B465046594618F0DAFA02460B4630463946DE
:2017A00018F0D4FA06460F46002C5AD102460B465046594618F012F941EC100B2AE7002CF5
:2017C00040F0A08002460B465046594618F006F953EC182B18F0BAFAAFE710EE102A18F0D0
:2017E000FDF80022002318F0DBFB41EC100B11E729A3D3E90023DDE9000118F0A7FA4246EE
:201800004B4604460D463046394618F0E9F853EC182B18F09BFA22A3D3E9002306460F4658
:20182000DDE9000118F092FA02460B463046394618F0D6F802460B464046494618F0CEF86D
:2018400052465B4618F0CAF802460B462046294618F0C4F841EC100B03B0BDEC028BBDE87D
:20186000F08F204618F008FA0BA3D3E900238046894618F06BFA0AA3D3E9002304460D46C1
:201880004046494618F062FA02460B4630463946D4E79FED150BBDE60000E0FE422EE63FC4
:2018A000763C7935EF39EA3D44523EDF12F1C23FDE03CB966446C73F599322942449D23FB0
:2018C000935555555555E53F9FC678D0099AC33FAF788E1DC571CC3F04FA97999999D93FCB
:2018E000555555555555D53F000000000000000000005043FFFFEF7F0000F03F0000E03F89
:20190000000050C3DDE900890DA3D3E900234046494618F01BFA32463B4604460D46504678
:20192000594618F05BF853EC182B18F00FFA06A3D3E9002306460F46A2E700BFAFF3008087
:201940000000E0FE422EE63F763C7935EF39EA3D2DE9F04F53EC102B2DED048B924923F0FF
:2019600000458D4289B0044640F38F808F498D429B462DDCBBF1000F194610EE100A80A3A8
:20198000D3E9002340F3C78118F028F8884B9D4206460F4600F091807BA3D3E9002318F06C
:2019A0001DF802460B46C4E900233046394618F015F875A3D3E9002318F010F8C4E90201E8
:2019C0004FF0010A504609B0BDEC048BBDE8F08F78498D4240F3948077498D4210EE100A94
:2019E00061DC4FEA255AAAF2164AA5EB0A5116460F4618F05BFC18F03FF9804689463046B0
:201A0000394642464B46CDE9028917F0E7FF6B4B002218F09BF90F46064618F047FC054655
:201A200018F02AF902460B4630463946CDE9042317F0D4FF614B002218F088F902460B4646
:201A4000CDE906230022002318F0E8FB002800F06081002D0CBF01230223594A01920221E4
:201A60005246009102A8214600F0EAFABBF1000F8246A7DA6268E36802F1004203F10043D3
:201A8000C0F1000A6260E3609CE7002000214FF0000AC4E90201504684ED000B09B0BDEC55
:201AA000048BBDE8F08F194617F098FF4FF0000AC4E90201C4E9000184E735A3D3E90023AD
:201AC00017F08CFF34A3D3E9002306460F4617F085FF02460B46C4E900233046394617F02D
:201AE0007DFF2DA3D3E9002317F078FF4FF0010AC4E90201504609B0BDEC048BBDE8F08F98
:201B000017F018F857EC106B10EE100A24A3D3E90023394618F01AF92A4B002217F060FF9B
:201B200018F0C4FB824618F0A7F815A3D3E900238046894618F00AF902460B4630463946AA
:201B400017F04CFF10A3D3E9002306460F464046494618F0FBF8BAF11F0F49EC198B47EC0B
:201B6000186B8046894631DC174B0AF1FF3253F82230AB422AD002460B4630463946A4E01C
:201B800000004054FB21F93F3163621A61B4D03D0000601A61B4D03D7370032E8A19A33BFA
:201BA00083C8C96D305FE43FFB21E93F7BD90240FB21F93FFB213941FFFFEF7F0000704111
:201BC00090C201000000E03F10C2010042464B4651EC180B17F002FF0A46C2F30A53C3EB2F
:201BE0001553102B0146064617464FEA255573DD69A3D3E9002351EC190B18F0A7F859EC17
:201C0000188B06460F4632463B4618EE100A494617F0E4FE41EC180B404653EC182B494608
:201C200017F0DCFE32463B4617F0D8FE5CA3D3E9002306460F4651EC190B18F087F832460E
:201C40003B4617F0CBFE8046894642464B4651EC180B17F0C3FE0A46C2F30A53ED1A312D96
:201C600001460646174637DD50A3D3E9002351EC190B18F06BF856EC185B804689464246F0
:201C80004B4618EE100A314617F0A8FE41EC180B314653EC182B284617F0A0FE42464B46FA
:201CA00017F09CFE43A3D3E9002306460F4651EC190B18F04BF832463B4617F08FFE80461E
:201CC000894651EC180B42464B4617F087FEC4E9000106460F4601E0C4E9001232463B4648
:201CE00051EC180B17F07AFE42464B4617F076FEBBF1000FC4E90201BFF664AE07F1004502
:201D000001F10043C4E90065C4E90203CAF1000A58E60323A1E617F063FE234B9D42064619
:201D20000F4616D01AA3D3E9002317F059FE02460B46C4E900233046394617F04FFE14A305
:201D4000D3E9002317F04CFE4FF0FF3AC4E9020138E611A3D3E9002317F042FE10A3D3E9C4
:201D6000002306460F4617F03BFE02460B46C4E900233046394617F031FE09A3D3E9002340
:201D800017F02EFE4FF0FF3AC4E902011AE600BF3163621A61B4D03D0000601A61B4D03D5B
:201DA0007370032E8A19A33BFB21F93F0000002E8A19A33BC14920259A837B39000000006B
:201DC0002DE9F84F57EC106B27F00049B9F1795F2DED048B5BEC11AB71DA10EE100A394678
:201DE00018F064FA002800F0F68032463B463046394617F0ABFF7CA3D3E9002304460D46B5
:201E000017F0A4FF7AA3D3E9002317F0E9FD22462B4617F09BFF78A3D3E9002317F0DEFDD9
:201E200022462B4617F092FF75A3D3E9002317F0D7FD22462B4617F089FF73A3D3E9002302
:201E400017F0CCFD22462B4617F080FF70A3D3E9002317F0C5FD22462B4617F077FF41EC15
:201E6000180B714B00222046294617F06FFF53EC182B804689462046294617F067FF524626
:201E80005B4604460D463046394617F05FFF02460B462046294617F0A1FD02460B46404678
:201EA000494617F09BFD02460B4600205F4917F095FDBDEC048B41EC100BBDE8F88F10EE50
:201EC000102A10EE100A3B46394617F03FFF46A3D3E9002304460D4617F038FF44A3D3E925
:201EE000002317F07DFD22462B4617F02FFF42A3D3E9002317F072FD22462B4617F026FFF1
:201F00003FA3D3E9002317F06BFD22462B4617F01DFF3DA3D3E9002317F060FD22462B4699
:201F200017F014FF3AA3D3E9002317F059FD2B46224617F00BFF3E4B994541EC180B90DD60
:201F40003C4B99453CDC0022A9F50013374900209046994617F042FD41EC190B324B0022A6
:201F60002046294617F0F2FE42464B4617F036FD53EC182B804689462046294617F0E6FE6B
:201F800052465B4604460D463046394617F0DEFE02460B462046294617F020FD02460B4668
:201FA0004046494617F01AFD02460B4651EC190B17F014FDBDEC048B41EC100BBDE8F88F30
:201FC0009FED157BDFF87090B0EE479AF0EE679A4FF00008C2E7BDEC048B9FED110BBDE83B
:201FE000F88F00BFAFF30080D43888BEE9FAA8BDC4B1B4BD9EEE213EAD529C804F7E923E56
:202000009015CB19A001FA3E7751C1166CC1563F4C5555555555A53F000000000000E73FFE
:20202000000000000000F03F0000E03F0000F03F3233D33F0000E93F0000D23F0000000073
:202040002DE9F04FADF5197DBB4CA29D089354F825400594013B12F1140F04900B910393A0
:20206000C0F22683B549D31E81FB0301DB17C3EBA10307930133A3EB8303DB00D318069311
:20208000079A039BD41A059AD6181AD40136A39F4FF000084FF00009264420AD08E057F822
:2020A000240017F0E9FD0134B442E5E8020108D0002CF4DA013440464946B442E5E8020132
:2020C000F6D1059B002BC0F2C883089BDDF80C90DA000292059A1A440192049A20A901EB0C
:2020E000C30A0DF5E07B02EBC308039B002B4FF000044FF0000511DB049E574677E90223FE
:20210000F6E8020117F022FE02460B462046294617F066FC464504460D46EFD1019B09F162
:2021200001099945EBE802450AF1080ADDD1059A04980CA901EB820302990144083B8B468D
:202140000BA90993134601EB82020A920193019A98A901EBC203002A53E928452ADD0DF5CD
:20216000E07909EBC2080DF1300A754B00222046294617F0EBFD18F099F817F07DFD714B94
:20218000002206460F4617F0E1FD02460B462046294617F023FC18F089F8044678E90223AA
:2021A0004AF8044B3046394617F01AFCC84504460D46DAD1DDF8189045EC104B484600F0A0
:2021C000B3FC55EC104B00224FF07F5310EE100A294617F0BBFD41EC100B00F019FC5A4B49
:2021E00051EC100B002217F0B1FD02460B462046294617F0F3FB0D46044618F057F8804693
:2022000017F03AFD0B4602462946204617F0E6FB4B46002B06460F4640F39880019A0CA932
:20222000013AC9F1180351F8225045FA03F101FA03F3EB1AC9F117050CA843FA05F5002DBC
:2022400040F82230884400F38B80002200233046394617F0E3FF002800F05682019B059ADC
:2022600003F1FF3A524510DC03F180430CAA013B0A9802EB8303002253F80419834242EA75
:202280000102F9D1002A40F0DC80059B0CAA013B52F82330002B40F0CF80099A012352F8D1
:2022A000041901330029FAD001994A1CCB1802939146079B089902EB030A019B0B44984685
:2022C00020AB0AF1804A03EBC808A39B0AF1FF3A03EB8A0A70AB03EBC20301935AF8040FF5
:2022E00017F0CAFC0B46039902460029C8E9002347464FF0000408F108084FF0000511DBD6
:20230000049E01E077E90223F6E8020117F01EFD02460B462046294617F062FB5E450446F3
:202320000D46EFD1019BE3E802450193029B09F101099945D2DD09E798C30100ABAAAA2AA5
:202340000000703E00007041000020406BD1019B0CAA013B52F82350ED15002D7FF775AF6E
:20236000019B002B08F1010840F3CC810C9C002C51D1019B012B20D00CAB012253F8044FEE
:20238000002C4BD0531C0CA9C4F1807441F822400199994210DD0CAA0CA852F8232000EB4A
:2023A000830300EB81006FF07F4100E01A688A1A43F8042B8342F9D10124069B002B0EDD31
:2023C000012B00F06A81022B09D1019B5A1E0CAB0CA953F82230C3F3150341F82230022D4A
:2023E0007FF433AF32463B46B949002017F0F6FA06460F46002C3FF428AF06989FEDB00BBA
:2024000000F092FB3046394653EC102B17F0E6FA06460F4619E701230022B4E7019901329A
:202420008A42ABD1C9E7AB4B002217F015FF002840F05681054608E7019B5A1C914602928B
:2024400037E70CAB069A53F82A30CDF81C80183A0395069273B9019B03F18043023B0CA90E
:2024600001EB830353F804190AF1FF3A183A0029F8D006929FED920B069800F055FBBAF1C1
:20248000000F55EC104BC0F2DE8170AB03EBCA0B0CAA0AF10103069302EB83084FEACA03D6
:2024A0000BF10809049358F8040D17F0E5FB22462B4617F04BFC06460F46874B20462946C1
:2024C00069E90267002217F041FC0CAB984504460D46E8D148ABCDE9013ADDF814A0BAF1D9
:2024E000000F4FF000092CDB77A3D3E90023DFF8EC815F4600240025002603E0B14510DB69
:20250000F8E80223F7E8020117F020FC02460B462046294617F064FA0136B24504460D4613
:20252000ECDA019B029A03EBC9034A45C3E90045ABF1080B09F1010306D0BAF1000F994647
:20254000D2DA00240025ECE7A29BDDF808A0022B1EDC002B00F30F8113D1049C019D0834C6
:20256000002000212C4474E9022317F039FAA542F9D1039B13B101F1004319460B9BC3E9F5
:202580000001079B03F007000DF5197DBDE8F08FA29B032BF5D1BAF1000F00F07081019A7B
:2025A000049BD318D3E9004502EBCA0B7BE902672046294632463B4617F012FAA046A9464B
:2025C00004460D4622462B463046394617F006FA4B46424617F004FA019B5B45CBE9004536
:2025E000CBE90201E2D1BAF1010F40F34881019A049B0AF1005A0AF1FF3A13444FEACA019C
:20260000D3E9004501F1080A029192440DF5947B7AE902672046294632463B4617F0E0F9C1
:20262000A046A94604460D4622462B463046394617F0D4F942464B4617F0D2F9D345CAE9D0
:202640000045CAE90201E3D1029C019B0026002710341C4403F110053046394674E9022320
:2026600017F0BEF9A542F9D106460F46039B002B40F0BF80019A0B99D2E90045D2E90223F3
:20268000C1E90223079B03F00700C1E90467C1E900450DF5197DBDE8F08F019B5A1E0CAB44
:2026A0000CA953F82230C3F3160341F8223096E600216FF017030791E0E400BFAFF300801B
:2026C000000000000000F03F00000040FB21F93F0000F03F0000E03F0000703E70AA010020
:2026E000019B002B08F10108C8BF02253FF73EAE32463B466349002017F070F90225064699
:202700000F46A2E5002458E6069B0395584247EC106BCDF81C8000F007FA55EC104B5A4B67
:2027200010EE100A0022294617F096FD002856D0564B00222046294617F008FB17F0B6FDAC
:20274000064617F099FA504B002217F0FFFA0B4602462946204617F041F917F0A7FD069BDB
:20276000019C183304F1010A06930CAB43F8240043F82A607EE6019D069A002005EBC20485
:20278000002174E9022317F02BF9A542F9D1039B002B48D10B9BC3E900010B460199024652
:2027A000D1E9000117F01AF9BAF1000F0DDD4AAD0124F5E80223013417F012F9A245F8DA82
:2027C000039B13B101F1004319460B9BC3E90201079B03F007000DF5197DBDE8F08F2046F0
:2027E000294617F063FD019B0CAA9A4642F8230040E6019B19465A68DB680D688C680B9941
:2028000003F10043CB60079B0D6002F100424A6003F0070007F100428C600E614A610DF52C
:20282000197DBDE8F08F0B9C01F10043C4E900030B4601990246D1E9000117F0CFF8BAF1EB
:20284000000FB4DCBEE7A29B022B0ADC002B11DC7FF497AE002000218BE6089BDB0002934F
:2028600065E4A29B032B7FF48CAE48AB002600270193FBE648AB00200021019387E70026E6
:202880000027F3E60000F03F000070410000703E2DE9F04F55EC104B85B025F00043B3F188
:2028A000795F8DED001B039007DA10EE100A294617F0FCFC002800F0898022462B46204651
:2028C000294617F043FA06460F4632463B462046294617F03BFA43A3D3E9002382468B463C
:2028E0003046394617F032FA40A3D3E9002317F075F832463B4617F029FA3EA3D3E9002397
:2029000017F06EF832463B4617F020FA3BA3D3E9002317F063F832463B4617F017FA39A324
:20292000D3E9002317F05CF8039B80468946ABB3DDE900012A4B002217F008FA42464B464C
:20294000804689465046594617F000FA02460B464046494617F042F832463B4617F0F6F9CE
:20296000DDE9002317F03AF81BA3D3E9002306460F465046594617F0E9F902460B463046CA
:20298000394617F02DF802460B462046294617F025F841EC100B05B0BDE8F08F02460B4640
:2029A0003046394617F0D2F90BA3D3E9002317F015F852465B4617F0C9F922462B4617F0CD
:2029C0000FF841EC100B05B0BDE8F08F45EC104B05B0BDE8F08F00BF495555555555C53FB5
:2029E0000000E03F7CD5CF5A3AD9E53DEB9C2B8AE6E55A3E7DFEB157E31DC73ED561C119D2
:202A0000A0012A3FA6F810111111813F0000000051EC100BF8B5C1F30A53A3F2FF35132DEC
:202A200010EE106A0C4620DC002D3DDB384F2F4101EA070303431DD033A3D3E9002316F0B1
:202A4000CFFF0022002317F011FC48B1002C04DA4FF4801343FA05F52C4424EA0704002690
:202A60002346324643EC102BF8BD332D05DDB5F5806F29D041EC100BF8BDA3F213434FF05B
:202A8000FF37DF400742F5D01FA3D3E9002316F0A7FF0022002317F0E9FB0028E0D0002C52
:202AA00023DB26EA0706DBE717A3D3E9002316F097FF0022002317F0D9FB0028D0D0002CF0
:202AC0000ADB00263446CBE710EE102A0B4616F087FF41EC100BF8BD24F000430D4A1E439E
:202AE000002E18BF14460026BAE7142D08D00123C5F1340503FA05F5AE1928BFE418D0E72C
:202B00000134CEE7AFF300809C7500883CE4377EFFFF0F000000F0BF9FED010B704700BF71
:202B2000000000000000F87F38B553EC102BC3F30A511C46054681BB10EE101A23F000443E
:202B4000214329D0194600223D4B3E4C10EE100A17F0FCF8A54202460B4616DB0C46C1F3FB
:202B60000A513639294440F2FE70814221DC002947DC11F1350F34DA4CF250318D4218DC9C
:202B8000002B27A1D1E9000144DB25A3D3E9002317F0DCF841EC100B38BD40F2FF70814245
:202BA000E0D110EE100A194616F01AFF41EC100B38BD002B1CA1D1E9000107DB1AA3D3E993
:202BC000002317F0C3F841EC100B38BD18A1D1E9000115A3D3E9002317F0B8F841EC100BC9
:202BE000F3E724F0FF4424F4E004363144EA0153104619460022144B17F0A8F841EC100B9A
:202C000038BD24F0FF4424F4E00444EA015343EC102B38BD08A1D1E90001B6E7AFF3008068
:202C200059F3F8C21F6EA5019C7500883CE4377E9C7500883CE437FE59F3F8C21F6EA58146
:202C400000005043B03CFFFF0000903C10B5054C237833B9044B13B10448AFF300800123E9
:202C6000237010BDD00800200000000010C5010008B5034B1BB103490348AFF3008008BDD1
:202C800000000000D408002010C50100A3F5803A704700BF174B002B08BF134B9D46FFF70F
:202CA000F5FF00218B460F461348144A121A17F027FD0E4B002B00D098470D4B002B00D043
:202CC00098470020002104000D000D48002802D00C48AFF3008015F051FF2000290004F06C
:202CE00065FE15F037FF00BF000008000000000000000000000004208803002060430020DD
:202D0000000000000000000000B585B00346002101AA44F20100CDE90111039300F004F833
:202D200005B05DF804FB00BF72B6094B1B68DB0700D500BEBFF34F8F0649074BCA6802F4FE
:202D4000E0621343CB60BFF34F8F00BFFDE700BFF0ED00E000ED00E00400FA050378052B86
:202D600002D0094B1B681847084BD3F88424D3F8803413F0FF0FF4D1054BD2B2052A08BF66
:202D80001846014B1B681847EC08002000700240C0AA0100014B02481B681847EC080020EA
:202DA000C4AA0100012803D0022809D020B17047054B06481B681847034B05481B68184720
:202DC000014B04481B681847EC080020B8AA0100B4AA0100BCAA01002DE9F04F87B000258B
:202DE00004460F4690469946029500E001356268012356682146002202A8B0470028F5D10E
:202E00008DF80600049065B3824683460AE09DF806306668023B7668B0479DF806309B44AB
:202E20005D451ED962680123566821460DF1060204A8B04762680123566821460DF1070223
:202E400004A8B0479DF80730BB424FF00002214604A8DCD1D04508D00AF1010A5FFA8AFA35
:202E6000D5E7052007B0BDE8F08F109A9DF80630136089F8003089F801706168023B4D6850
:202E800009F102022146A847002007B0BDE8F08FF0B5054683B03B480BF018FD044610B122
:202EA000204603B0F0BD384A3849394B14700C604822214637481C6017F022FC36482146FF
:202EC000482217F01DFC002D54D095E80700334B83E80700002847D000200AF045F908B153
:202EE000852844D12E4D2B7A002B49D0013BDBB205F10C024FF0030E6E68274FDFF894C018
:202F00001EFB032E05F109046378EBB1A278611C1144013B51FA83F1224408E003F00F03B3
:202F200007EBC30391421D60306858600CD012F8013B1806F2D503F00F030CEBC30391429D
:202F40001D6030685860F2D103347445DCD10B238DF804301248336801A99847044600286D
:202F60009ED00BF0F5FC9BE70E4A1A60B4E7FFF7CBFEB7E7094B0B4A5D601D721A60ABE7AA
:202F80006E68E4E75D2D000045360020880900208C090020F808002040090020EC08002068
:202FA000F0AA01006D33000010B50BF0EBFD68B10BF0F0FD044648B906480AF0E9F8034670
:202FC00028B1FFF7A1FE2346184610BD0823184610BD00BFB0AA01000BF0C4BC0CF0C2BB8B
:202FE0004FF0804303E0D3F83824D10707D5D3F838249207F7D5024B02481B681847704755
:20300000EC080020C8AA010000B5054B83B082221B688DF8042001A8984703B05DF804FB92
:20302000EC0800202DE9F043057A83B0002D5ED005F1FF3E5FFA8EF300F10C024FF0030ECA
:2030400000F10901334FDFF8D4C01EFB032E0C4666780022964204EB020319D094F8028029
:2030600013F9089013F80830B9F1000F0BDB03F00F0307EBC3031B680132002BEAD0112041
:2030800003B0BDE8F08303F00F030CEBC303F2E70334A645DCD100261E4FDFF880C03246D9
:2030A00002EB42020A445378EBB1002423460CE003F00F0307EBC303186045682D685D607D
:2030C00055780134E3B29D420CD99578134413F905E05B5DBEF1000FEADA03F00F030CEB0A
:2030E000C303E9E7057A0136F2B29542D8D80A4A13681BB11A681368002BFBD110604368AF
:203100000B228DF804201B6801A9984703B0BDE8F08300BF4009002088090020F808002009
:20312000024B1878003818BF0120704744360020030710B5044604D52046BDE810400CF0E8
:20314000A9B90BF0C1FE20460CF0FCF92046BDE810400CF09FB900BF0CF0E2BB014B186829
:20316000704700BF88090020F0B40E4B1F688FB13E7A96B100231C463A4602E0DCB2A64208
:203180000BD9557A854203F1010302F10302F5D101B10C703846F0BC70473B681F68002F97
:2031A000E6D1F7E788090020436811461B68184700F00F03082B0AD802064CBF054A064A1C
:2031C00002EBC303186810B143681B6818471020704700BFF80800204009002038B5094BFE
:2031E0001C6864B1054602E023681C683CB1636829461B68204698470628F5D038BD0620FD
:2032000038BD00BF8809002038B50D4604460BF02DFD18B1054B1B78022B01D0082038BDD3
:2032200029462046BDE838400BF030BD4536002038B50D4604460BF019FD18B1054B1B78D2
:20324000022B01D0082038BD29462046BDE838400BF0AEBD45360020F8B543689B680546BA
:203260000C4616461BB19847062800D0F8BDEEB92B7AA3421CD9093504EB44042C44677858
:2032800097B133463A469A420BD9A378A2190136D05CFFF74DFFF3B2BB4205D262789A4283
:2032A000F3D800231B78FFDE0020F8BD0720F8BD7378FFDE70B54368DB6805460C4603B1D3
:2032C00098472B7AA3421AD9093504EB44042C4466789EB100252B46324693420BD2A378A5
:2032E00062190135D05C0CF01BFBEBB29E4205D962789342F3D300231B78FFDE70BD00232C
:203300005B78FFDE43681B6903B118471846704770B50A4B1D687DB12E7A4EB10024214647
:20332000013400222846FFF797FFE1B2B142F7D32B681D68002DEFD170BD00BF880900204A
:2033400070B5094B1D6875B12E7A46B10024214601342846FFF7AEFFE1B2B142F8D32B68F5
:203360001D68002DF0D170BD8809002070B503780446852B00F2BF80DFE813F00002B201B2
:20338000BE003A026602E300EA00BD00040117012A01BD00BD00BD00BD003D01BD00BD004D
:2033A000BD00BD00BD00BD00BD00BD00BD00BD00BD00BD00BD00BD00BD00BD00BD00BD003D
:2033C000BD00BD00BD00BD00BD00BD00BD00BD00BD00BD00BD00BD00BD00BD00BD00BD001D
:2033E000BD00BD00BD00BD00BD00BD00BD00BD00BD00BD00BD00BD00BD00BD00BD00BD00FD
:20340000BD00BD00BD00BD00BD00BD00BD00BD00BD00BD00BD00BD00BD00BD00BD00BD00DC
:20342000BD00BD00BD00BD00BD00BD00BD00BD00BD00BD00BD00BD00BD00BD00BD00BD00BC
:20344000BD00BD00BD00BD00BD00BD00BD00BD00BD00BD00BD00BD00BD00BD00BD00BD009C
:20346000BD00BD00BD00BD00BD00BD00BD00BD00BD00BD00BD00BD00BD00BD00510186001E
:2034800060011C02E301E3008C4B8D49D3E9000290478C4B1C684CB1894D636820461B68C2
:2034A0002946984723681C68002CF6D1864C63680BB10D209847FFF743FF01F075FB834BF0
:2034C0001B68002B00F0FD810120814D0BF028FB2A78931EDBB2062B00F215827D49CB5C3C
:2034E00013B109F027FE2A78022A40F00C820BF093FB01232B7070BD754D2A78931EDBB247
:20350000062B00F2CD817349CB5C13B109F012FE2A78022A40F0C4810BF07EFB6A4B5B685B
:2035200003222A700BB102209847664B1D6845B16B6828461B68214698472B681D68002D94
:20354000F6D15E4B2146D3E90002BDE87040104790F902308278002BB4BF5F4B574B02F099
:203560000F0203EBC203D3E90002214690470028C1D0A0780207BED00307BCD4BDE8704034
:203580000BF074BC504B5B680BB1082098474D4B1D68002DAFD06B6828461B68214698470C
:2035A0002B681D68002DF6D1A5E7474B5B680BB109209847434B1D68002D9CD06B6828466D
:2035C0001B68214698472B681D68002DF6D192E73D4B5B680BB10A2098473A4B1D68002D56
:2035E00089D06B6828461B68214698472B681D68002DF6D17FE7344B5B680BB10F209847EA
:20360000304B1D68002D3FF476AF6B6828461B68214698472B681D68002DF6D16BE72C4C45
:203620002378062B00F04F8103F0FD03052B7FF462AF0BF0FBFA0223237070BD244DFFF71B
:203640007FFE0CF083F82A78931EDBB2062B31D82049CB5C13B109F06DFD2A78022A29D1DD
:203660000BF0DAFA174B1C6800232B704CB11B4E636820461B683146984723681C68002C2C
:20368000F6D10E4B1549D3E9000290470E4B5B680BB10E2098472B78023BDBB2062B3FF65F
:2036A0002AAF0C4AD35C002B3FF425AFBDE8704009F040BD082AD5D1D2E700BF4009002076
:2036C000CCAA010088090020EC0800208C09002045360020A8AA0100F8080020D0AA010070
:2036E0009C4DFFF72DFE01F055FA2A78931EDBB2062B00F2D9809849CB5C002B00F0D480AD
:20370000022A03D0082A01D00BF090FA934B5B6802222A700BB101209847914B2146D3E908
:20372000000290478F4B1D68002D3FF4E4AE6B6828461B68214698472B681D68002DF6D149
:2037400070BD844D2B78032B00F0C6800BF02CFA00283FF4D0AE2A78931EDBB2062B40F227
:20376000EB80814809F0B8FC2A78022A01D0082A01D10BF051FA06232B7070BD754B1B783B
:20378000032B00F0A580082B00F0A280734B5B680BB100209847754B1D68002D3FF4ABAE67
:2037A0006B6828461B68214698472B685D68002DF6D170BD674D2B78032B7FF49CAE0CF048
:2037C00001F800283FF497AE2A78931EDBB2062B00F2BB806049CB5C13B109F0ABFC2A783C
:2037E000022A40F0B2800BF017FA04232B7070BD584D2A78082A5CD0931EDBB2062B00F23A
:2038000086805549CB5C002B00F08180022A00F0878005232B70514B5B680BB103209847BE
:203820004F4B2146D3E9000290474E4B1D68002D3FF461AE6B6828461B68214698472B68C8
:203840001D68002DF6D170BD444B5B680BB103209847434B4649D3E900029047414B1C68F0
:203860004CB1434D636820461B682946984723681C68002CF6D1374D2B78062B1ED0082B3E
:203880000BD09A1ED2B2062A4DD833498A5C002A49D0022B01D00BF0C9F902232B7070BD6F
:2038A000082A7FF43BAE37E62F4809F015FC2A7826E702232B700BF0C3F9ACE707232B705E
:2038C00070BD207A01E60BF0B1F90823237070BD2848FFF74BFD59E70BF074FF00283FF4F3
:2038E00035AF2A78931EDBB2062B2BD81A49CB5C13B109F01FFC2A78022A23D10BF08CF92C
:2039000004232B7022E7082A7FF4F3ADEFE5164809F0E2FB2B78022B02D0082B7FF479AF1F
:203920000BF07AF975E7104809F0D6FB2B78022BB3D0082BB1D0AEE70749CB5C002B7FF4EA
:2039400014AF0EE7082ADBD1D8E7082A7FF44DAF49E700BF45360020A8AA0100EC08002080
:203960004009002088090020080000208C090020D8AA0100D4AA01004360CA699A4205D3C4
:203980008A6902600B67CB610020704701F1280202608B6700207047F0B504680E7A002C51
:2039A00000F07284A4F212347C2C00F2C1827C2C00F2BE82DFE814F074020003DE02CF0299
:2039C000C7022A0307032303BC02BC02BC02BC02BC02BC026702D702BC02BC02BC02BC0213
:2039E000CC010F03E602BC02BC02BC02F401EE038C03BC02BC02BC02BC02FF00CB03480341
:203A0000BC02BC02BC02BC02BC02BC026402BC02BC02BC02BC0219019B039303AC0357037D
:203A2000BC02BC02C3038403B40339035F03BC02BC024103DB015003ED00BC02BC023203DB
:203A4000DB00F503BD00BC03BC02BC02BC02BC02BC02BC02BC02BC02BC02BC02BC02BC022F
:203A6000BC02BC02BC02BC02BC02BC02BC02C900D303BC02BC02BC026703BC02BC02BC0297
:203A8000BC02AC00BC02BC02BC02BC02AC00BC02BC02BC02BC02BC02BC027D00C002BC02A7
:203AA000BC02BC02BC02B800BC02BC02BC02BC02B80001240025002A00F0CD830779575584
:203AC000A3424FF00005057140F27C83171901343D70B04D0F7D2D682D78AF4200F0B0832D
:203AE0008F7DAF4209D10025A342057140F24D85254601340AB107795755DFF8A0C2A64FB6
:203B00009CF800503F780135EDB28CF800507BE1012500240AB1077917554024AB4204714E
:203B200040F289836C1CC6E701240025002AE2D1E3E701240025002A40F031848D7D057148
:203B4000A34240F262830134FFE001250024002A00F03D8307791755AB424FF0050404719B
:203B600040F27E83274602EB050C6C1CFDE201250024002A40F011840624AB42047140F249
:203B80003F8301350C7D0471AB4240F291836C1CD4E701250024002A40F003840524AB4278
:203BA000047140F228836C1C2425A342057140F27583651CE0E701240025002A00F0FA8334
:203BC000077957554FF0000CA34280F804C040F29084651C0027AB4202F804C0077140F20A
:203BE000F383541901352770F3E001250024002A00F0EF8307791755AB424FF024040471B7
:203C000040F2C183274605F1010C002463455755047140F2A98325460CF101071024BB42D2
:203C200002F80C50047140F29083254607F1010C01246345D555047140F2788325460CEB09
:203C400004070524BB4202F80C50047140F25D83254607F1010C24246345D555047140F225
:203C60004A8325460CF101070124BB4202F80C50047140F23683254607EB040C03246345F3
:203C8000D555047140F228830CF1010702F80C40BB4291F816C080F804C040F218837C1C60
:203CA0000425A34202F807C0057140F20B8302EB040C2F4601342425A3428CF800700571C0
:203CC00040F2FB822F46651C1755AB424FF00204047140F29F82274602EB050C6C1C0225BF
:203CE000A3428CF80070057140F2DD822F46651C1755AB424FF00504047140F27C8227463B
:203D000002EB050C6C1C2425A3428CF80070057140F2C4822F46651C1755AB424FF0060475
:203D2000047140F26D82571901353C700F7D0771AB4240F2BD826C1C5755A3428D7D0571A0
:203D400040F26382171901343D70124D2D6851E001270024002A00F04082057915559F4224
:203D60004FF00004047180F0F5827D1C39E101250024002A40F017830224AB42047140F2F9
:203D800049826C1C0225A342057140F28C82651C04E700BF900900204636002048360020F0
:203DA00001240025002A00F09883077957559C424FF00205057180F05883671C1555BB4289
:203DC0004C7E047140F2E48202EB070C7D1C8CF800400024AB42047140F221826C1C0AB111
:203DE00007795755C64D91F814C02D682F78BC4500F01A82DFF810E3DFF810C36F788EF87D
:203E0000007000258CF80050BD423FD3BD4F3D780135EDB23D70AE4240F2CA810925A34265
:203E2000057140F25583651C002A00F0128307791755AB424FF00404047140F2B682274666
:203E400002EB050C6C1C8CF800700F7AAD4D2D78AF4240F2AC8305EB450501F10907DFF85B
:203E6000A0C217F805E080F804E03D449C42CCF8005080F07E82671C002A7FF46EAFACE1E3
:203E800001240025ABE701250024CDE70725A342057140F29281651C002A7FF45BAE96E1DE
:203EA000002A00F0EB8204791470012B4FF00B04047140F2238302250127D455AB420F7DC2
:203EC000077140F25B8205F1010C022463455755047140F2448225460CF101070224BB42DE
:203EE00002F80C50047140F22B82254607F1010C02246345D555047140F213820CF101076F
:203F000002F80C40BB4291F819C080F804C040F2F7817C1C0025A34202F807C0057140F20B
:203F2000E581171901343D70764F00253D7072E7002303601846F0BD002A00F0F28205797C
:203F400017460124C4E5002A00F0F28205794FF0010C0027CCE7002A00F0EC8205790127D6
:203F60004FF0000CBAE7002A00F0FF8207799446012468E7002A00F0D78207794FF0010CAD
:203F80000025A2E75E4C002A00F0E68207792468944601258CF8007024780F7DA74200F046
:203FA000B9818F7DA7427FF414AF0A249D42047180F0F5826C1C00E6002A00F0D2820479DA
:203FC0000125002779E7002A00F0B08290F804C0012400279EE7002A00F0C18204790125CB
:203FE0000027DFF81CC1D455DCF80040AB426778077140F2A08102EB050C0135CAE7002A03
:2040000000F0B1820579174601248CE7002A00F08482047901274FF0000C71E7002A00F088
:20402000A7820779944601246DE6002A00F08E82047901274FF0000C28E6002A00F0A18220
:2040400007799446012436E6002A00F000821446077927700125BCE6002A00F08E82077946
:20406000944601243BE6002A00F07282057901274FF0000CE5E5002A00F0608290F804C00F
:20408000012400270CE61E4C0125276800241AB190F804C002F804C03C780F7DA74200F0B1
:2040A000E9808F7DA7427FF438AD0224AB42047140F270822C460135002A7FF42CAD2CE56F
:2040C000002A00F04782057901274FF0000CCBE5002A00F0BC8104799446012577E6002A01
:2040E00000F01682057901274FF0000C96E5002A00F0458207794FF0010C002585E500BFD1
:2041000090090020473600204636002048360020002A00F0308205794FF0010C002787E5E6
:20412000002A00F00F8205794FF0010C0027A5E5002A00F0F48105791746012404E6002AB6
:2041400000F0218205794FF0010C002783E5002A00F0F68190F804C0012500243AE5002A03
:2041600000F0EA810779944601248CF80070C14FC14D3F682D7897F801C0AC4540F21482FE
:2041800097F802C03D44A34215F80C5005716CD9651C7CE7002A00F0D78105790127002424
:2041A0000CE6002A00F0B681047917460125BCE540F2993303600120F0BD40F26D330360B7
:2041C0000120F0BD4FF4617303600120F0BD0524AB42047144D96C1CC9E79F42027180F025
:2041E000B9807D1CA34C2468AB426778077140F2A2800135D0E640F2553303600120F0BD03
:2042000040F2573303600120F0BD40F2593303600120F0BD40F2513303600120F0BD4FF498
:204220004F7303600120F0BD0525A342057140F21781651CDBE440F2833303600120F0BDE3
:204240000D6AA3422D7805713FF652AC40F2893303600120F0BDA3420271B3D9013438E460
:2042600040F26E3303600120F0BD40F2723303600120F0BD0324AB4204713FF61BAF40F278
:20428000773303600120F0BD08240471002B7FF407AE40F2123303600120F0BD40F25633EC
:2042A00003600120F0BD40F2523303600120F0BD4FF4567303600120F0BD4FF4547303603B
:2042C0000120F0BD40F24F3303600120F0BD4FF4537303600120F0BD40F24B3303600120BD
:2042E000F0BD40F24A3303600120F0BD40F2193303600120F0BD40F2493303600120F0BDA3
:204300004FF4467303600120F0BD4FF4527303600120F0BD02249D42047180F0F4806C1C51
:2043200040E540F2173303600120F0BD40F2453303600120F0BD4FF44A7303600120F0BD9F
:2043400040F2163303600120F0BD4FF4517303600120F0BD40F2273303600120F0BD40F28A
:20436000153303600120F0BD40F2433303600120F0BD40F2263303600120F0BD4FF4457334
:2043800003600120F0BD40F2423303600120F0BD40F22E3303600120F0BD0779BCE40779B0
:2043A000CAE40779A4E407798EE440F2213303600120F0BDA342027140F29B80013400259F
:2043C0009C420571C0F0938040F2353303600120F0BD2424AB420471D5D96C1C00259C4218
:2043E0000571C1D2013410259C420571ADD2013401259C42057199D22C4405259C4205716F
:2044000083D2013424259C420571BFF474AF013401259C420571BFF464AF2C4403259C42B4
:204420000571BFF459AF01348D7D05719C42BFF44EAF01340425A34205717FF643AF0134B3
:204440002425A34205717FF638AF651C94E40125BFE40424AB420471A7D90F7A6C1CF5E4A6
:2044600040F2413303600120F0BD40F22D3303600120F0BD90090020483600200B24012BF0
:2044800004713BD902240D7D05719C42BFF476AF01340225A34205717FF661AF013402251F
:2044A0009C420571BFF44CAF01340225A34205717FF637AF01344D7E05719C42BFF420AF12
:2044C000013400259C420571BFF410AF01342BE54FF4487303600120F0BD02259C420571CD
:2044E000C3D201344D7E05719C42BFF451AF651C6FE44FF44D7303600120F0BD40F21333A0
:2045000003600120F0BD4FF44B7303600120F0BD012468E70125FFF735BB0124CBE70124BC
:2045200013E40124FFF7D5BA0124B2E70124C8E70124BAE70124B2E7012418E6012479E71C
:2045400001243CE7012469E70124CBE701246BE7012452E701245BE7246801251CE50125B2
:2045600040E601248FE70124DEE4374601246DE40124FFF719BB01243AE7012402E401243B
:204580002CE701245CE701243CE740F28E3303600120F0BD4FF45F7303600120F0BD40F2BC
:2045A000333303600120F0BD00231B78FFDE024A002313601B78FFDE9009002070B90B682A
:2045C0001A7B202A01D0062070471A4652F80E1F9961918892799A7799837047032070479B
:2045E0004360CA699A4210D38A6910B40260C8690C6FC01A1C441A44C86100380C6718BF1E
:2046000001205DF8044B8A61704701F12802026000208B67704700BF2DE9F0470B7888B025
:204620000D4606460E2B14D8DFE803F008180808130D281313181308080808000024204689
:2046400008B0BDE8F0874B78DA0930D15B09012B4CD00624204608B0BDE8F0870368002440
:2046600003F134022046C3E91E44C3E920445A671C845C62DC6208B0BDE8F087027A8B78DC
:20468000002A00F06581817A0930002900F05E81F17A415C9942D1D01B061ED4EF7807F0F9
:2046A000FD03012BCAD0002F65D00324C7E713F0600FC3F3411200F09180012AC9D18B78B7
:2046C000212BC6D1B1F80720072AC2D10168681C183100F073FA0446B1E7EC78002C00F06E
:2046E0009D80032C14BF03240024A8E78B780768202B00F09B80222BABD1B1F80730002B25
:20470000A7D1B1F8035097F820303D8405F0010203F001039342154690D0C3691BB1C2F15B
:204720000301C9B29847002D88D1337A012B40F20B81737B06F10C04002B00F00381B37B3C
:20474000E05C0BF069F8337A012B40F2FD80737B012B40F2F780B37B23442C4658780BF0A4
:204760005BF807F13403C7E91E55C7E920557D62FD627B6763E73568012A05F10C0140F208
:20478000DF80727B012A06F10C0340F2D7800691B27B704905911344AC6A93F80180002C5B
:2047A00060D1EA6FEB6AAC67C5E91F42002B00F0B480296B1846002205F1240383E803000A
:2047C0004046EA6205A9FEF733FD0446F369002B3FF435AF30460021984730E703F01F03AA
:2047E000012B7FF436AF8C78062C7FF432AF05A8039200F0D5FC03AA00920746EA78297918
:2048000030463B46FEF7E8FA05283FF418AF039A3946681C00F0D2F9044610E7F369002B80
:204820003FF40CAF30460121984708E7B1F80720072A7FF40EAF3B73B1F80730DBB27B73EA
:2048400000200E37CDE90573079000F08BFF002005A9FEF7D9FC0446002867D0002000F063
:2048600089FFECE6D5F88490686A4C4528BF4C4605F1340A2246514615F01AFFE86FEA6A25
:20488000EF67A9EB04030AEB04010444C5E91D13C5F88040002A43D005F12C0797E80300A2
:2048A00005F12404002284E80300EA62002B3BD091461BE0696F686A15F0FAFED5E91D3241
:2048C000A96AC5F880100B44521AC5E91D32F36913B1002130469847EB6A13B397E803008D
:2048E00084E80300AB6FC5F82C90EBB1AA6A9342E0D2696F686A1A4615F0DAFED5E909329F
:20490000A96FE967521A0B44C5E9093253B1404605A9FEF78DFC044658E700236B6255E720
:2049200000236B62002451E76B6AEFE70A4B049603A9039300F020FC04468FE73B78FFDEF3
:204940007B78FFDE2B78FFDE6B78FFDE0B78FFDE5378FFDEE1450000BD45000010B50368E7
:204960001C8CE40784B015D50B46017A012916D9417B00F10C0481B1817B605C91060CBF98
:204980000124002401A9CDE901320394FEF73CFC04B010BD082004B010BD0B78FFDE0023CA
:2049A0005B78FFDE0368D3F880007047F0B50468238CDB0783B022D50546002016460F46F2
:2049C00000F0D0FEA26F42B9636AE3B11124002000F0D0FE204603B0F0BD964228BF1646B8
:2049E000616F3246384615F063FED4E91D239B1B3244C4E91D23C4F880600024E7E70824BB
:204A0000204603B0F0BDC4E909762A7A012A12D9697B012905F10C020FD9AB7B08490091E8
:204A200013440C34587801946946FEF701FC041E08BF9224CBE75B78FFDE1B78FFDE00BFA9
:204A400079390000002070472DE9F04F4B6885B0CDE900020C46002B71D00AF003FAE568D6
:204A6000019B9D4228BF1D468146002D7CD04FF0000A5646D3464FF00108D4E90113AB422D
:204A80001F4628BF2F46E9B13A4609EB060015F00FFED4E90223D21BDB1BC4E90223C4F8DC
:204AA00004B0ED1B3E442AB3002B08BF4FF00008002DE2D1009BC3F800905E60404605B0E3
:204AC000BDE8F08FABB120463B4650F8101B4A68D2F804A009EB0602D047D4E90223D21BFA
:204AE000DB1BC4E90223ED1B3E445AB14FF0010ADAE7E368BAF1000F04D15BB99846002D55
:204B0000BBD1D7E722681268126822604FF0010A002BF3D02168F1B1CDF808B003E0A3687D
:204B200021680133A3604B6800225F6802A80123B8470028F3D12061002D9ED1BAE70B682F
:204B40001B681B68002B88D18B68002B85D1036043609846B2E76160002EABD0019BB342DF
:204B600088BF4FF00008A5E72E464FF00108A1E7054B0528187004D0044A137823F002030D
:204B800013700348FEF7F2BB493600204A36002000AB010008B50020FEF7CAFABDE8084037
:204BA0008020FEF7C5BA00BF08B50020FEF7D4FABDE808408020FEF7CFBA00BF70B5C38848
:204BC00093421E4628BF1646934284B00D4612D8002400200394CDE9015600F0C3FD01A9D1
:204BE0008020FEF711FB044688B1002000F0C2FD204604B070BD802014460AF027F8B4FBB9
:204C0000F0F202FB1044B4FA84F46409E1E70AF003FA80280BD1094A094B92E8030083E8FC
:204C20000300002000F0A6FD204604B070BD002000F0A0FD1024204604B070BD38AB01006B
:204C4000B80900202DE9F04F0B780E2B89B018D8F3B1013B0D2B1BD8DFE803F01F0E281A05
:204C6000354C1A1A1A1A0E666F07B24B1B78012B02D00120FFF77CFF0024204609B0BDE859
:204C8000F08F852B04D1AB4B1B78032B00F040810624204609B0BDE8F08FA64B1B78032B89
:204CA000F6D00320FFF764FF0624E6E7A24808F097F90028E0D0A14B01221A60BFF36F8F38
:204CC000BFF34F8FD8E705230DF115008DF814300AF00AF99DF81530994E002203F01F048B
:204CE0003260032C00F2B980DFE814F0E800B90099008D00C87803280D46C9D0904E336866
:204D0000002B00F003810022716832609847044600287ED13368002B00F00581AB78002B3D
:204D2000AAD10AF003F9A8E7824B1B78002BA3D00020FFF71DFF00249FE74FF08043D3F8CC
:204D4000383413F0010F7B4B1B7806D0022B93D00220FFF70DFF00248FE7012B89D18BE75F
:204D6000BDF81B30002B00F0D880092B28BF09239946FEF7F3F90546002800F0DB81BB46F9
:204D80004FF0090ACDF80CB04FF0000801E008F101086A68012357682946002203A8B84726
:204DA0000028F4D12A682B7A15681C44C244E4B2002DE7D1634D644928464A4615F078FC9D
:204DC0002C71A5F802A0FEF7ABF918B1EB7943F02003EB71FEF7C2F95C4BBDF81B201860C0
:204DE0000020C3E90159DA6000F0BCFC58498020FEF71EFA0446002800F09F81002000F0CB
:204E0000B9FC062C05D105A8FEF7E8F90446002C73D00AF0F7F8204609B0BDE8F08F9DF8D8
:204E20001900020707D005A9FEF7C2F906280446EDD19DF8153013F0600F0ED19DF81630DF
:204E40003C4A9DF819401278012B00F0B980032B00F0A680002B00F0C6800624D9E79DF8DB
:204E6000190003A9FEF780F90546002859D09DF80C1005AAFEF798F906280446C7D19DF8D8
:204E8000152012F0600FC4D12A4B9DF80C101B78D20940F014819DF816200B2AB9D1052BC4
:204EA00040F0B280BDF81730FF2B00F2FC809DF817202846FEF7D0F90446A8E713F0600FB9
:204EC000C3F341179FD1DB0948D19DF81630032B00F09C80092B00F0A880012B93D1BDF8B1
:204EE0001730012B8FD1FEF71BF9002800F0D980184A137823F00203137033686BB10AF02C
:204F00008BF8044600287FF4B7AE0AE70E2480E70420FFF72DFE0624AFE60AF069F80024B7
:204F2000ABE6102475E70C4B1B68082B33D00AF05FF8A2E649360020C00900205C700240D1
:204F4000B8090020C409002004AB0100A009002040AB01004A360020300100109DF8162072
:204F6000062A00F08780082A73D0002A7FF44BAF7B497C4B09781A80890744BF02221A7017
:204F800078490DF115000222FFF718FE0446062C7FF43DAF37E7744B1B68002BC7D16BE6BE
:204FA00025073FF55AAFBDF81730002B7FF455AF052A01D0200727D1204609F057FF9CE793
:204FC00021073FF54AAFBDF81730002B7FF445AF052A01D0230717D1204609F075FF2046A3
:204FE0000AF0B0FA89E7052A01D027070CD1204609F048FF5B49034602220DF115000B803D
:20500000FFF7DCFD044602E7082402E7BDF81730012B7FF4F8AEFEF783F8002841D0504AF5
:20502000137843F00203137067E7504C2378043B012BE9D89DF81730BBB3012B33D1FEF70A
:2050400067F92378052B3FF458AF0520FFF790FD53E7464A1278052A47D0042A7FF4D3AE87
:20506000404B1F703F490DF115000122FFF7A6FD04468CE79DF81830022B3FF471AE032B78
:2050800036D0012B7FF4BFAEBDF81B30002B3FF444AF37490DF115001222FFF78FFD04461A
:2050A00075E70F24B5E60724B3E6FEF749F92378042B3FF422AF0420FFF75AFD1DE79DF8F3
:2050C00016705FB30A2F7FF4A4AE052B9CD128460192FEF717F92349019A03460B700DF1CE
:2050E0001500FFF76BFD044691E61E4A1370B9E7BDF81B30002B3FF410AFBDF819109DF861
:20510000170000F01DFB014600283FF47CAE0A780DF11500FFF752FD044638E7052B7FF4BE
:2051200073AF10490DF1150002220F80FFF746FD04466CE64FF0090A3CE609F06DFF8028D8
:2051400008D10C4B93E8030086E80300204600F011FBD2E6204600F00DFB102459E600BF86
:205160004A360020C4090020340100104936002024AB010038AB010038B505460C4609F087
:205180004BFFA84207D194E80300044A82E803000023184638BD1023184638BDB8090020EC
:2051A00008B1402303600148704700BFC4090020F0B40D7A0DB101F109050468002C59D01A
:2051C0006FF4AB763444142C00F24A81142C00F24781DFE814F05400E700EE00F500FC00F7
:2051E0000301090110011701450145011E0125012C0145013B0033012700390115003F010F
:2052000001250024002A40F0DB818A8AAB424FEA1222027140F2338140F26D130360012091
:20522000F0BC704701250024002A40F0CD814A8AAB424FEA1222027140F226816C1C8A8A03
:205240000271A34240F27B81651CDEE701250024002A40F0B7810A8AAB424FEA1222027145
:2052600040F217816C1C4A8A0271A34240F26C81651CDCE709240471002B00F0F680002AF0
:2052800000F0A48104791470012B4FF00404047140F2F0800227012694559F422D78057139
:2052A00080F089817E1C0024B342D555047140F27D812546771C0024BB429555047140F242
:2052C000708125467E1CFF24B342D555047140F263812546771C0124BB429555047140F25A
:2052E000568125463E190124B342D555047140F249812546371900249F429555047180F0D1
:205300003C8125467E1C09249E42D555047180F02F812546771C21249F429555047180F00C
:20532000228126467C1C09259C42D655057180F015811619013435700E7C0671A34240F2F2
:205340000881651C16550E8A9D424FEA1626067180F09F8057196C1C3E708E7C06719C42E1
:2053600080F0F280651C16554E8A9D424FEA1626067180F0898057196C1C3E700E7D06719B
:20538000A34240F2DC80651C1655898A9D424FEA1121017173D22A44117040F26D13036096
:2053A00001203DE7002A00F0B38004790127002672E7002A00F0A58005790126002772E7D3
:2053C000002A00F0978005790127002673E7002A00F0898005790126002774E7002A5DD0D5
:2053E00005790127002676E7002A00F09E8005790126002777E7002A00F09580057901274D
:20540000002678E7002A00F08C8005790126002779E7002A00F083800579012700267AE76B
:20542000002A00F08A800679012400277BE7002A00F081800579164601247CE7002A78D02C
:2054400006791746012487E7002A70D006791746012492E7002A3FF4DFAE017911709CE791
:20546000002303601846F0BC704740F2571303600120F8E74FF4AC7303600120F3E740F2F4
:205480006B1303600120EEE740F2691303600120E9E740F2671303600120E4E701240122F0
:2054A000A342027173D914440122A342027169D9144400229C4202715FD2013409229C42F9
:2054C000027155D2013421229C4202714BD2013409229C42027141D201340A8A0271A34267
:2054E00037D9651CB7E60124FF229C42027153D20134D4E701240022A342027151D90134D4
:20550000F2E701240022A34202714FD90134F2E701242A780271A3424DD90134F2E7012465
:20552000D1E70124CAE70124C3E70124BCE7012485E6012497E60124CFE70124C8E74FF422
:20554000B573036001208EE74FF4B4730360012089E74FF4B3730360012084E74FF4B2730C
:20556000036001207FE740F26313036001207AE74FF4B1730360012075E740F25F13036066
:20558000012070E74FF4AF73036001206BE740F25D130360012066E74FF4AE7303600120FD
:2055A00061E740F25B13036001205CE74FF4AD730360012057E740F259130360012052E7BC
:2055C0000679E1E60679BDE60679CCE60422012B02717FF64FAF02249BE700BF0B780E2BD7
:2055E0000BD8DFE803F0080808080A0C080A0A0A0A08080808000020704706207047F0B52F
:205600004B78DA0985B00C46064611D15B09012B02D0062005B0F0BD8C78002CF9D10268E1
:205620001373036A002B3AD0214698472046F1E713F0600FC3F3411215D0012AE9D18B7876
:20564000072B07D0082BE4D1F268481CB169FFF7B5FADFE7B1F80720182ADAD1C169601CB3
:20566000FFF7ACFAD6E703F01F03012BD1D18D78062DCED103A80292FFF792FD02AA009215
:205680000746E278217930463B46FDF7A5FB0528BFD0029A3946601CFFF790FABAE718466C
:2056A000B8E700BF70B54FF0805286B0D2F8A830D2F8A42000926FEA83436FEA93430B4ABB
:2056C0000B4E9BB202A80D210EF0CEFE02AD002404E015F8013B06F8013B013402A815F064
:2056E00021F88442F5D306B070BD00BF5CAB01008436002038B5114B53F8204023780BB92C
:20570000A01C38BD0020FFF74BFD217891B12246C4F101055319DCB2234620F8141012F8D3
:20572000011F0029F6D101335B00DBB243F44073038038BD40F20233FAE700BFC4AB010064
:2057400040B1052808D8054A105C28B1044B53F820300BB1FFF7CEBF00207047DCAB01002F
:20576000C4AB010072B6024A1368013313607047040A0020034A1368013B136003B962B6F3
:20578000704700BF040A002010B50446006830B100210AF069FE54F8040F0028F8D110BD6E
:2057A0002DE9F043038883B0044643B1B3F5867F0CD1822910D0012003B0BDE8F0834FF460
:2057C00086730120238003B0BDE8F08300230380032003B0BDE8F08304F076FABFF35F8FA9
:2057E00019491A4B0E6800220A601F781A70FFB2BFF35F8F164D04F06BFA28680028DED04C
:20580000DFF85090DFF8508003E055F8040F0028D5D090F84A3026FA03F3DA07F5D590F8CF
:20582000493047FA03F3DB07EFD502F01BFD0028EBD02B68D9F80020009218464246022106
:2058400002F08CFCE1E700BF180A00204B36002060000020843800201559000010B50C4A7F
:2058600090F84B30126882B001330092044680F84B30084A03468021203002F06FFC064B3C
:2058800019782246002002B0BDE810400AF070BE843800205D5800004D43002010B4094AC8
:2058A000094C13681943116021780346012202FA03F30B43DBB2237004485DF8044B0AF0FC
:2058C00085BE00BF180A00204B36002068000020044B1B78834286BF034B53F82000002096
:2058E000704700BF0CC401006000002010B5044690F84A1090F8490004F0A8F910B994F835
:20590000480010BD01280ABF94F84800002080F0010010BD70B582B0044602F0A3FC08B95B
:2059200002B070BD04F12006304602F09BFC05462046FFF7DBFF01280FD00028F0D1002DCF
:20594000EED1304602F074FC0D4B22462846197802B0BDE870400AF00BBE002DE0D0094BF6
:20596000094A1B68009300253046234684F84B507E2102F0F3FB054B28462246E7E700BF71
:205980004C430020843800205D5800004E430020F8B50AF061FD304B304C18700AF05CFD3F
:2059A0002F4B304F18700AF057FD2F4922682F4B08700025FF2139727B60FD60002A42D0C0
:2059C0002B4E09E091F84A00F9683A72834054F8042F0B43FB60B2B392F84A3092F849104E
:2059E000526C03F01F0343EA41131F2BC6BF03F01F0331464FF0A04103F5E07342F08C02CD
:205A000041F82350236893F84A1093F8490004F0DBF8226892F84A3092F8490003F01F0359
:205A200043EA4010012107F04DFD2168387A91F8492082424FF00103C4D0FF28C2D054F8B9
:205A4000042F002AC8D10B4800210AF00DFDBDE8F840044804F00EB94E43002060000020C3
:205A60004C430020080A00204D4300209D580000000300506800002030B5174B83B0002229
:205A80001A6007F0DFFA00BB002007F0F7FA134B134A93E80300FF250090ADF80410062429
:205AA00000231048ADF8005069468DF802408DF8043007F07DFF58B901210A4807F0CCFF8D
:205AC000084807F0BDFF03B030BDFDF71DF9DBE7FDF71AF9F0E700BF1C0A002010AC0100B7
:205AE000155B000018AC0100014B1868704700BF1C0A002008B5064A13680133136003F0C7
:205B0000FFFC00B908BDBDE8084003F0D5BC00BF1C0A0020042800D07047FFF7EBBF00BF84
:205B2000014B1868C00970471C0A00204160806A0AF04CBDF0B5858C83B0044617461E4651
:205B40004DB36A2D22D182294AD14568002D62D00023009304F1180204F11401284601F0BB
:205B6000A7FCD4E90431227E101E18BF0120994284F8200046D0637E0133DBB26376002A98
:205B80003AD0032B0ED9042384F820300023A384032003B0F0BD244B4560C0E904551B688D
:205BA0000583836201F0C4F83946308100F008FE2060F0B11D4BC36323681C64216991B917
:205BC00021683046463101F0C9F82368A3F84400206800F00FFE6A230120A38403B0F0BD79
:205BE000012003B0F0BD80230022304601F078FCE6E7A0840220CCE7032BC4D8022384F853
:205C00002030C3E7089B606898472169227E637E01312161B3E7032380F820302846089BE8
:205C20009847A5840220B4E7843800202D5B000010B5846882B01CB194F90830002B01DBBF
:205C400002B010BD236A002BFAD01A68002AF7D00749097831B11B6A23B101909847236AC7
:205C600001981A68002302B0BDE8104000F036BD4C3600202DE9F047124C82B02468DDF87C
:205C800028A08CB106460F4691469846656843464A463946304625B1CDF800A0A847054659
:205CA00038B92468002CF1D10025284602B0BDE8F087B379012BF8D13A463146002000F0F0
:205CC0001DFBF2E7200A00202DE9F04F2DED028BB34CB44E8BB0054620460295884601F04A
:205CE000B7F9C4F8A0500346307008BBA279013A032A62D9636823F07F4323F0FF03002BFE
:205D00004FD06379032B00F02881208900F0DAFD074600284DD0D0E90F9700F0CFFDB9F1FA
:205D2000000F00F091809E493846C847337843B30027C22B2BD0DFF88892384600F0BEFD15
:205D40003278C32A69D0BF2A84BFA022327002212389934800F0F4FFD9F800100391084693
:205D600014F0E0FC039902468D4801F01BFC41468B4800F0F3FF414682B2029800F0B4FE4F
:205D8000337818460BB0BDEC028BBDE8F08F384600F094FD337818460BB0BDEC028BBDE847
:205DA000F08FC3232089337000F08CFD07460028B1D13378002BE4D0BBE7039002992089BF
:205DC00000F0FEFC0746002842D0039B62790893CDE906338023ADF8163062BB238972483E
:205DE0004522022100F0ACFFA27A002A40F0B08007AB00936A480DF11603002206A901F008
:205E000057FB70B9089B002B2ADADFF8B491674BC9F80030822333708FE7002232700321D0
:205E200096E7BDF81620079B0893802A28BF8022ADF81620E7E700F07BFF452203460121A5
:205E4000594800F07DFFCFE73378002B99D06FE7DFF86C91564BC9F80030A32333706CE7C8
:205E6000BDF8163050494E4808AD07F18402009508EE903A08EE102AFFF7FCFE03460028DF
:205E80004DD14748099309A901F0ECFA494BD3F800908246B9F1000F67D0099B03979B466A
:205EA000029B4D4699460AE006DD2A7AD10603D51BF800202F2A08D02D68002D52D06F6894
:205EC000384614F02FFC8245EED102465946384614F030FC0028EFD1A279039F4B4602932F
:205EE000511E0123012AA94603FA01F300F0C1809A0740F1A980D9F814A0BAF1000F00F0A9
:205F0000A38008AB2849009318EE102A18EE903A2348D04799F80830590600F1C080337811
:205F2000002B7FF406AFA37D1A0759D5DFF8789099F90630002B53DB99F816301B074FD483
:205F4000DFF87C901C4BC9F80030A1233370F4E61A49154801F072FA4AE72189029800F043
:205F6000ADF9D2E6039FCDF808900F48842101F05FFA0D48842101F05BFA3378002B7FF4F5
:205F8000D8AE094807F1460100F0E8FE80B2A7F84400B8B9C123DFF828903370CDE600BF07
:205FA000280A00204E360020D40A002020AC010040AC0100240A002030AC0100330A0020AB
:205FC000D40000203378002B7FF4B3AE384600F011FC337818460BB0BDEC028BBDE8F08F8A
:205FE000637D089AD91115D1002ACAD0DFF80891013218BF01224846802301F071FAB9F8B0
:20600000A420D9F8A810802A28BF8022484601F0C9FAB2E7079B9A4232D00132069944D0BF
:20602000BDF81630DFF8D0900122334801F058FABDF81620B9F8A43093429ED9D9F8A81008
:206040002D4801F0AFFA98E75D0705D5D9F818A0BAF1000F7FF455AF180705D5D9F81CA034
:20606000BAF1000F7FF44DAF8521234801F0E0F97FE7D5F810A0BAF1000F7FF442AF37E7FD
:20608000DFF87490B9F8A400824219D382231B4989F8063048460F2201F084FA6DE7164A7E
:2060A0001749484600F02AF939E7DFF84C90BDF81630B9F8A4209A4294BF00220122B4E78D
:2060C000BDF816300699821A9A4294BF00220122484601F005FA0798B9F8A430BDF8162089
:2060E000D9F8A8101B1A9A42014428BF1A46484601F058FA41E700BFD40A002020AC0100F7
:20610000280A002010B50446416001460C4803F09FFF94F90830002B00DB10BD206A002807
:20612000FBD0036A002BF8D00268002AF5D0054BC0E903340830BDE81040002300F0CEBAE3
:20614000240A0020315C000038B50A4A137803B138BD094C094D236009490A482B6001246D
:206160001470FFF7CFFF00F0B9FCBDE8384000F0D7BD00BF4C360020200A0020240A002098
:2061800050AC010084000020014B1868704700BF240A002000B10068704700BF00B583B057
:2061A00001460190044804F0C9F80199034803B05DF804EB03F098BF78000020800B00209D
:2061C00070B50D4B1C68A4B10546002601E024686CB1294604F1180000F0E4FB0028F6D035
:2061E0002046FFF7DBFF24680136002CF1D1304670BD2646304670BD800B00202DE9F04114
:20620000164B1C682CB305460F4616464FF0000801E02468D4B1294604F1180000F0C2FB5C
:206220000028F6D094F82C30B342F2D13246394604F12D0014F02EFA0028EAD12046FFF74C
:20624000ADFF246808F10108002CE4D14046BDE8F081A0464046BDE8F08100BF800B00209B
:206260002DE9F041144B1C680CB306460F464FF00008251D314604F1180016B100F092FB43
:2062800078B1BD42284607D014F04CFA39460246284614F0FFF920B92046FFF77FFF08F16A
:2062A00001082468002CE4D14046BDE8F081A0464046BDE8F08100BF800B0020F8B50E4BDA
:2062C0001C68ACB105460E460027294604F1180000F068FB10B1E38EB34204D02468002C95
:2062E000F3D13846F8BD2046FFF758FF0137F5E727463846F8BD00BF800B00208B79012BA6
:2063000000D070472DE9F04792F90630002B82B0154650DBCB7C5B060C464CD5D1F8A07011
:20632000002F48D04B6E4BB1012B44D18A7A38460B3102B0BDE8F047FFF760BF096E0191B6
:20634000384694F80AA0D4F85C80FFF789FF204803F0D8FF064688B3B8F1120FC146C4BF56
:206360004FF01308C146B144424601994FF00008043014F09DF9394606F1180089F80480FD
:2063800000F000FB524604F10B0186F82CA006F12D0014F08DF90F48A6F83680314603F06C
:2063A00057FEB16B4B1CB363284601F079F8B36B23F07F43B36302B0BDE8F0870649A32333
:2063C00028461022AB7102B0BDE8F04701F0EAB878000020800B002064AC01002DE9F04F37
:2063E0002DED028B83B008EE101ADDF8389001929846FFF7C9FE002800F0B6800025D9F894
:2064000000B006462C46A34508D8454512D2019B4FF03C025A55D9F800B00135631C5B453A
:2064200008D3454506D2019B4FF02F025A55D9F800B00135D6F804A0504614F073F90234FF
:2064400027185F4558D801D145456DD3D6F80CB07C1CBBF1000F17D09BF80030A3B1D9F8E1
:2064600000A0A24509D8454507D2019A3B235355D6F80CB0D9F800A00135584614F052F992
:2064800002373C18544512D8454504D9D9F80030621B9A4271D83046FFF77CFE0646002888
:2064A00047D0DCB9D9F800B0A345B7D8ADE70198384AAAEB070308F10101002BACBF5B44BA
:2064C0000BF10003491B28440DF0CEFF0544454553D83046FFF75EFE0646B8B3D9F800B025
:2064E000A34507D8454505D2019A2C235355D9F800B00135013486E70198264AABEB040BDB
:2065000008F10101BBF1000FACBF0AEB0B030AF10003491B28440DF0A7FF0544454508D239
:20652000D9F800309F4291D3019A3E23535501358CE715BB5CB9BEB1D9F800304344C9F82B
:20654000003003B0BDEC028BBDE8F08FADB9822118EE100A00F06CFF18EE100A0E490F22D2
:2065600001F020F8002EE7D14FF0FF33C9F8003003B0BDEC028BBDE8F08F019918EE100A03
:206580002A4601F00FF818EE100A282100F062FFD1E700BF78AC010020AC010001480AF02D
:2065A00015B800BFA80000202DE93048FFF79CFA0E4B1A68821A04D10D4BD3E90001BDE867
:2065C00030880B4C18604FF47A71A2FB01BCD4E900254FEADB1040EA4C6080184FEADC1112
:2065E00045EB0101C4E90001BDE83088880B0020A80400200148002109F036BFA8000020BF
:20660000074B0848084A1B6810B4002101240470116013B15DF8044B18475DF8044B7047F2
:2066200098AC01004D3600209C0B00202DE9F0471E4B1B7882B0054643B3DFF874A0294695
:206640005046DAF8007003F04FFDDAF8001019B3D5E90489002603E00C680E46F4B121464D
:20666000D1E90423994508BF9045F5D22A461048314603F05DFDDAF80050AF4209D00D4B28
:206680009B68019302B0BDE8F0471847FFF7B8FFD3E702B0BDE8F087002DEED02A4604489A
:2066A00003F046FDDAF80050E7E700BF4D3600209C0B002098AC0100064B10B55B68044623
:2066C0009847C4E9040121460348BDE8104003F00BBD00BF98AC01009C0B0020084970B586
:2066E000496805461E4614468847241846EB0101C5E904412846BDE87040FFF797BF00BFE1
:2067000098AC010038B50B4B1C687CB10A4B5B689847D4E90445A94208BFA04202D30020BA
:20672000014638BD201A65EB010138BD4EF66020002138BD9C0B002098AC0100F8B5134FA7
:20674000134E7C68A04735683DB102460B46D5E904018B4208BF824201D20020F8BD2946B7
:20676000304603F0C1FC6B680BB128469847BB6898473368002BF0D0D3E90467A047B94286
:2067800008BFB0422CBF01200020F8BD98AC01009C0B002000B583B0014608300191FFF764
:2067A0008BFF0199044803F09FFC0199034803B05DF804EB03F0C2BDA00B0020B8000020EA
:2067C00070B5064609480D4603F09CFD044658B10023868080F824302946263000F0D2F851
:2067E0000348214603F034FC204670BDB8000020A00B00202DE9F04190F8463013F0300F07
:206800000446C3F3011526D190F82430042B13D8B0F8442000F14601263000F065F994F801
:20682000243023B3226A5200226204F108000023BDE8F041FFF752BFD0E90F672630FFF754
:20684000BFFC2046FFF7A6FF46B3294638463346BDE8F0411847B0F8442000F1460126304E
:2068600000F042F92046BDE8F041FFF793BF0C4BC4E9033409F032FF0A4BA3FB00239B0A49
:2068800040F2DD5202FB130202F6B832226204F108000023BDE8F041FFF720BFBDE8F0813E
:2068A000A9680000B76FA5AE806830B190F82430013380F82430FFF79DBF704708B1FFF7F1
:2068C00069BF7047044B02E09A88824202D01B68002BF9D118467047A00B0020F8B5028861
:2068E000044662B140F2B9139A4217D11D4B1B788B4217D040F2B91323800120F8BD1146FC
:2069000010460EF017FF184B186038B343F21633038240F2B91323800120EFE70023038006
:206920000320F8BD114B1B789B07E3D5104E114F114DB7F800C0114F96E80F00203685E8FB
:206940000F003CF806C00E4E3A883168A5F810C000232846AB74FFF7B7F9CBE72080022040
:20696000F8BD00BF55430020BC0B0020844000208C3B002042360020A80B0020703B002003
:206980008C4000208B684A6830B40C68CD68C5600460426083600B8A03828B7C837430BCC7
:2069A000704700BF38B5102205460C4613F072FE58B92A8A238A9A4200D038BDA87CA37CDC
:2069C000C01AB0FA80F0400938BD002038BD00BF2DE9F0470C1E8AB08046174636DD034681
:2069E000002502E00135AC4230D0994613F8012B5B2AF7D1AC4229DD08EB05032E46B246AE
:206A00000136B44222D013F8012F5D2AF7D131490622404613F08EFEB0FA80F04009AE42C3
:206A2000B8741CDD4846394611F028FDB8B10AF1020A08EB0A0018F80A303A2B2CD0BB7CAF
:206A40001BB343F216433B8201200BE021490622404613F06FFEB0FA80F35B09BB74272C86
:206A600003D900200AB0BDE8F08741462246684613F01EFE0AAB1C4468460023394604F827
:206A8000283C11F0FBFC0028ECD043F2163301203B820AB0BDE8F087023CA61BCFD00022C4
:206AA000114604E001318E4203EB4C0209D010F8013F303BDDB2092D02EB820CF2D900299D
:206AC000BDD0054BC2F3072103EA02230B433B820120C7E7A4AC010000FFFF000148002157
:206AE00009F0C2BCC400002070B582B0B8B11446028848F2FE039A420E46054603D00A4BB9
:206B00005B6A984758B1094A2B8A10680093314622462B4610F046F9204602B070BD4FF0A2
:206B2000FF34204602B070BD14C00100BC0B00200C2830B440D9B0F5867F94BF6FF02F0461
:206B40006FF01F040C2935D9B1F5867F94BF0D230E232343B0F5867F137016D96FF4867531
:206B600043191B0A0D385370907002230320B1F5867F15D96FF486740C19D518240A0D39C8
:206B80001454A970D81C30BC70470C280FD90D38B1F5867F50704FF001034FF00200E9D8CC
:206BA0000C29F0D90D39115430BC0130704701200023DCE74BB2CCE703015CB2C2E700BF27
:206BC0002DE9F0411E0C13F07F474FEA06461C4615460B4614BF01210021CEB1013124F00D
:206BE000FF080231C01A2A46FFF7A2FFCFB1230E2B54421C1EB3230CAB540230B8F1000F03
:206C000002D0230A2B5401302C540130BDE8F08134F0FF08E5D14CB9BDE8F041C01AFFF772
:206C200087BF6EB1230C2B540130EAE70131C01AFFF77EFF002FDAD1002CE7D0E4E71046E2
:206C4000B8F1000FDDD1002CE0D0DDE7F8B50E689DF818700C461D4616B902602360F8BDD0
:206C600003689F550B6801330B600068114618442A4613F02BFD23682B442360F8BD00BFFC
:206C8000F8B5069D401A29461F46FFF751FF3946044610182A4613F00BFD2819F8BD00BF0F
:206CA0002DE9F04F83B092460C9A9DF83440019401320024984683469946009227462546E9
:206CC0008E4604E0009B01349C42274623D818F807C0019B08EB0706A6EB09069C450AEBFD
:206CE0000502ABEB0E00314602D00C9BBB42E9D1FFF71EFF054449460AEB0500324613F0E2
:206D0000D7FC0134009B08EB040901349C423544DE462746DBD9284603B0BDE8F08F00BFFB
:206D200008B509F0DBFC014B188008BD34360020024B1888013080B218807047343600206A
:206D4000F8B504460F4616461D46AC22002113F0D7FC6771A6712581F8BD00BFF0B5012292
:206D60000023016002710B7002680F461378017943EA811313700268437911781B0103F0DB
:206D800030030B4313700268837A117803F00F030B431370036882795A70038902681B0ADE
:206DA000937003680289DA70837983B00446002B00F040810368827A1D1D62B16FF0030124
:206DC000C91A00F10B0313F8012B05F8012BA67A6A189642F7D8E37C9807C3F340010CD552
:206DE00094F86A3000932A4604F16B0300210120FFF746FFE37C054401211A0709D5236C32
:206E00000093636C2A460320FFF73AFFE37C05440321DE060BD594F8243000932A4604F1E6
:206E200025030420FFF72CFFE37C05440421980607D500232A460520FFF7C2FEE37C054488
:206E400005215A0607D5636E2A460620FFF7B8FEE37C05440621DB0907D02A46B4F8503097
:206E60000720FFF7ADFE07210544237DDE070BD5A36C2F22CDE900320820E36C2A46FFF74F
:206E80000FFF237D0544082118070BD5E36D2F22CDE900320B20236E2A46FFF701FF237D88
:206EA00005440B21DA0607D5A38B2A460C20FFF787FE237D05440C215E0607D5236A2A4609
:206EC0000E20FFF77DFE237D05440E21DB090CD0D4F894302622CDE900320F202A46D4F810
:206EE0009830FFF7DDFE0F210544637D980708D5B4F868302A461120FFF762FE637D0544C0
:206F00001121DA060BD5636D2622CDE900321420A36D2A46FFF7C4FE637D05441421DB09D1
:206F20001AD0636F94F878201B01002A40F08580B4F87A2000201209461C52088446B0B28D
:206F4000FAD118B10CF00F0C43EA0C032A461720FFF736FE17210544A37D1E071BD5D4F8F7
:206F6000803094F884201B01002A69D1B4F8862000201209461C52088446B0B2FAD118B1A8
:206F80000CF00F0C43EA0C032A461B20FFF718FEA37D05441B21D80607D52A46D4F88C3090
:206FA0001C20FFF70DFE1C210544E37D1A0709D5236B0093636B2A462320FFF761FEE37D58
:206FC00005442321DB0908D0A36B00932A46E36B2720FFF755FE27210544A37EDB0611D401
:206FE0002368EB1A3E2B18DCB4F8A420E2B9D4F8A810284613F06AFBB4F8A400ED1B28447B
:2070000003B0F0BDD4F890302A463C20FFF7D8FD23680544EB1A3E2BE6DD0B4B0B4A00201D
:2070200020601A6003B0F0BDFF2305F8013BB4F8A420DCE7042003B0F0BD43F0080377E748
:2070400043F0080392E700BFD4000020B8AC0100032A40F2CC802DE9F04704460D4682B09A
:20706000002191460430A82213F04AFB256095F800804FEA981884F804802B78C3F30113EA
:2070800063712A7802F00F02A2726B78A371A978EB78B8F1010F43EA012323817CD1082ABB
:2070A00000F2AC80291D8E1805EB090A564576D804F10B0013F0FCFA00275645C4F81370E0
:2070C000C4F8177080F0A580337803F0F002F02A00F08781711C8A454FEA131003F00F0379
:2070E0005DD90D285FD00E2868D00D2B62D00E2B70D0CE18B24552D307443C2F4FD804EBD7
:20710000D70C07F007029CF8130008FA02F20243781E8CF8132002463B2A74D8DFE812F09B
:207120007B0073008600890094009700A400B30073007300BD00C7007300D500E2007300C9
:20714000EC0073007300FB00730073000501730073007300240145017300730073007300E6
:207160007300730069007300730073006900730073007300730073007300730073007300F3
:20718000730073007300730073007300730073007300730073005301A04BA14A1A608020BA
:2071A00002B0BDE8F0877078B11C0D308A45F6D90D2B9CD111F8013B0D339AE77078B21C10
:2071C00092454FEA0020EAD9B27802F20D121044F11CEBE70E4616F8013BB2454FEA032358
:2071E000DDD94A7802F20D121344023181E7802070478A4B8B4A1A60A520D1E7874B8A4A74
:207200001A608020CCE7FB0700F10281B2453FF65BAF0020C4E7082B28BF08231A4684F809
:207220006A3004F16B0013F043FAEFE7C4E91031ECE7082B28BF08231A4684F8243004F113
:20724000250013F035FAE1E784F89C80DEE74BB1013BC8180139002311F8012F884242EA0E
:207260000323F9D16366D1E753B1013BC8180139002311F8012F884242EA0323F9D19BB2B4
:20728000A4F85030C2E72F200A46009004F1480104F14C00FFF7DAFCB8E72F200A460090E1
:2072A00004F15C0104F16000FFF7D0FCAEE753B1013BC8180139002311F8012F884242EA24
:2072C0000323F9D19BB2A383A0E74BB1013BC8180139002311F8012F884242EA0323F9D130
:2072E000236293E726200A46009004F1940104F19800FFF7ABFC89E753B1013BC8180139EB
:20730000002311F8012F884242EA0323F9D19BB2A4F868307AE726200A46009004F15401D9
:2073200004F15800FFF792FC70E7002B6CD0013B0B440020013911F8012F8B4242EA002087
:20734000F9D100F00703102120F00F02994089B202FA03F3C0F3C002000984F87820A4F8E3
:207360007A10E367606751E7002B49D0013B0B440020013911F8012F8B4242EA0020F9D1F5
:2073800000F00703102120F00F02994089B202FA03F3C0F3C002000984F88420A4F88610CB
:2073A000C4F88830C4F8800030E74BB1013BC8180139002311F8012F884242EA0323F9D172
:2073C000C4F88C3022E74BB1013BC8180139002311F8012F884242EA0323F9D1C4F890301C
:2073E00014E70136751BA9EB0505ADB2802D88BF80250020C4F8A860A4F8A4507055CFE647
:20740000184610211A46C7E7184610211A46A4E7024B064A1A608220C2E600BFD400002041
:20742000E8AC010028AD010000AD010050AD0100FF299ABF817101200020704710B5082AD3
:2074400028BF0822144682720B3013F031F9204610BD00BF037D818343F010030375012010
:20746000704700BF037DC3F3C0021B0702D5036E0B60C26D104670470B782F2B10B50446A1
:2074800003D111F8013F2F2BFBD02166084613F049F9237DE06543F00803237510BD00BF49
:2074A000C37C416643F04003C3740120704700BF30B40446407DC0110FD009B1656F0D600C
:2074C00012B194F87810117013B1B4F87A201A80029B13B1029AE36F136030BC704700BF8C
:2074E00010B4A3F11004B4F5FE6F02D8B1F5801F03D300205DF8044B7047447D4167003AF7
:2075000064F07F0118BF012280F87820A0F87A3041755DF8044B0120704700BF30B4857D74
:207520000446C5F3C0002D0711D511B1D4F880500D6012B194F88410117013B1B4F886202A
:207540001A80029B1BB1029AD4F88830136030BC704700BF10B4A3F11004B4F5FE6F02D8D7
:20756000B1F5801F03D300205DF8044B7047847DC0F8801044F0080180F88420A0F8863085
:2075800081755DF8044B0120704700BF11B1D0F8A8300B60D0F8A83013B1B0F8A400704786
:2075A000184670470346802A28BF80221046A3F8A420C3F8A810704770B50D4601F098FE5C
:2075C000044601F09BFEFCB1022C174A064601D0042C1AD11549164808F0A2FE314615483B
:2075E00008F09EFE45212846FFF722FF00212846FFF730FF304613F095F831460246284625
:20760000BDE87040FFF7CEBF70BD0B49084808F087FE3146094808F083FE2846A321BDE82C
:207620007040FFF705BF00BF6CAD0100CCAD010080AD0100D4AD010078AD010090AD010079
:20764000F0B587B0002407460E4603948DF80940ADF80A40049401F04BFE022812D0354AD8
:2076600035490546354808F05BFE284601F046FE0146334808F054FE3046A321FFF7D8FEBE
:2076800007B0F0BD04AB00930DF109020DF10A0303A93846FFF742FF10B305A93846059447
:2076A000FFF774FF044601F041FE224A2549234808F036FE03992448224608F031FE9DF84A
:2076C0000930DBB15F213046FFF7B2FEBDF80A309DF8092003993046FFF73CFF07B0F0BDF5
:2076E000144A1549154808F01BFE184808F07EFF30468021FFF79CFE07B0F0BD0D4A1149CF
:207700000E4808F00DFE124808F070FF44213046FFF78EFEBDF80A309DF809200399304633
:20772000FFF718FF042001F0F5FD01F007FE07B0F0BD00BF6CAD010078AD010080AD0100AE
:207740000CAE0100CCAD010044AE010088AE01006CAE010008B505490548FEF7D3FCBDE8EE
:20776000084004490448FEF7CDBC00BFB8AE0100D8000020C0AE0100FC000020F8B504460A
:207780000E4617461F48802200211D4612F0B8FF0CB321467F221B4812F0DEFF1A4A1B4822
:2077A0001521FFF715F9FFF7C3FA3A460446034631461748FFF7C4FA1DB115482946FFF7AF
:2077C0005BFE104812F0AEFF0E4902461048FFF7E9FE2046F8BD0C4A0C481521FFF7F8F894
:2077E000FFF7A6FA3A460446034631460848FFF7A7FA002DEDD029460548FFF73DFE204645
:20780000F8BD00BFC00B002040370020C8AE01009436002070B592B0002601A904460196F9
:20782000FFF7B4FE054601F063FDA0B1002C3FD0A379254A03F0FD03412B0ED023492448D8
:2078400008F06EFDA179234808F06AFD002D19DC032001F05FFD12B070BD1F491C4808F09C
:207860005FFD1E4A1E4BA1791E4841290CBF1146194608F055FD022001F04CFD01F04CFD90
:2078800012B070BD3F2D28BF3F2501992A4602A812F00EFF12AB1D440B4A0C490C4805F866
:2078A000406C08F03DFD02A90F4808F039FDCFE7054A0649064808F033FD0C4808F096FE10
:2078C000032001F027FDC6E76CAD0100F8AE010080AD010024AF0100CCAD0100E0AE0100F7
:2078E000F0AE010014AF010048AF0100FCAE010070B592B0002601A904460196FFF746FE30
:20790000054601F0F5FC48B3002C31D0A3791F4A442B25D01E491F4808F002FDA1791E48E4
:2079200008F0FEFC002D14DD3F2D28BF3F252A46019902A812F0BCFE12AB1D441449134A38
:20794000144805F8406C08F0EBFC144802A908F0E7FC01F0F9FC022001F0DCFC12B070BDA1
:207960000F490C4808F0DCFC0E4808F03FFEF0E7064A0749074808F0D3FC0B4808F036FEF4
:20798000022001F0C7FC01F0DFFCE7E76CAD0100F8AE010080AD010084AF010048AF01005C
:2079A000CCAD010064AF0100FCAE01002DE9F04108F03CFAFEF760F80BF0B6F808F076FDB8
:2079C00000216648664FDFF8EC81664D664C674E08F04AFD00F0B4FB10F070FF0CF060FD1F
:2079E00008F02CFA08F010FE614B1B6898477B689847D8F804309847A979EB79226803EBB2
:207A00000123022A338025DC5A4B29686A6819605A605948002108F027FD4FF0FF300EF0DD
:207A200023FB2368022B054600F3818008F028FAFEF78AFB5148FDF7A7FE10F069FF08F00B
:207A40003BFD044610F06CFF14F0FF0FF7D108F01DFAF4E74A4A4B494B4808F061FC4B48D2
:207A600008F0C4FD2368022BCEDD454A4549464808F056FC464B4748196808F051FC236884
:207A8000022BC1DD3E4A3F493F4808F049FCD8F80010414808F044FC2368022BB4DD384ADB
:207AA0003849394808F03CFC39683C4808F038FC2368022BA8DD324A3249334808F030FC70
:207AC00037484AF6CD3108F02BFC2368022B9BDD2B4A2C492C4808F023FC32481A2108F078
:207AE0001FFC2368022B8FDD254A2649264808F017FC31882C4808F013FC2368022B83DDA4
:207B00001F4A2049204808F00BFC284808F008FC2368022B7FF778AF284602F04FFB236836
:207B2000022B7FF771AF0A2008F05EFD6CE7144A1449154808F0F4FB1D4808F0F1FB2368DF
:207B4000022B7FF773AF284602F028FB2368022B7FF76CAF0A2008F047FD67E77801002047
:207B6000ECB00100743700209801002036360020C0BD01007C3B0020AC02002088BC0100F0
:207B8000F4AF0100CCAD010080AD0100FCAF010014C0010034B0010044B0010050B001003D
:207BA0005CB0010078B0010098B00100A8B00100C0B001008CC0010030B590F82D50012D17
:207BC00083B0044611D91F2508F088FD094BB0FBF5F11B68009301FB1501074A234604F1C1
:207BE0000C0000F0BBFA03B030BDE91C01258D40013DE9E7843800207D7C00002DE9F0470C
:207C00000D468B6892F82C708146506BD3E90068144602F069FA686808F032FDA968134840
:207C200002F08CFB1248294602F088FB636B1B6873B10023A3852046FFF7BEFF36B13A464D
:207C4000494640463346BDE8F0471847BDE8F08704F10C0000F0ECFA2146064802F044FA83
:207C60002146054802F06AFBE8E700BF2001002038010020A80C00202C010020F8B12DE9F1
:207C8000F047436B1D6882B00446ADB1686808F00DFD63490C2008F0B1F80121072008F014
:207CA000A1F800F059F900280ADAAB6823B1052022462946FFF7A2FF02B0BDE8F0877047DE
:207CC00007F0EAFFDFF85C8190F80290D8F8047007F0E2FF064607F0E9FF01463046B847F3
:207CE00008F09CF8D8F818600746B04770BB002F50D1D8F81CA0D04740BBD8F8087007F014
:207D0000D5FFB84700285CD002281FD0AB68002BD2D00420CCE70AF03BFF6FF028031E1A76
:207D200003E00AF035FFC64202D5D0470028F8D0D04700285DD0D8F81030032101A8984724
:207D4000032803D19DF806304B452AD0AA68002AB2D094F82D300133DBB2052B84F82D305E
:207D600094F82C3006D90133DBB2002184F82C3084F82D10127A9A4205D82246294601208C
:207D8000FFF73CFF98E72046FFF716FF686808F071FC91E7D8F8086007F088FFB047002840
:207DA000B2D1AB68002B87D094F82C3000200133294684F82C3084F82D002246FFF71EFF04
:207DC0007AE70AF0E5FE6FF018073F1A03E00AF0DFFEC74202D5D0470028F8D0B0470028CE
:207DE00099D1D047002896D1D8F814309847002891D0A96800293FF45FAF94F82C30013360
:207E0000DBB2002284F82C3084F82D200A7A9A42B9D8224629460220FFF7F0FE4CE700BF52
:207E200074370020C0BD01002DE9F04105460D200F4607F0EBFF064602F0F0F901210B2090
:207E400007F0D0FF374B1C6814B914E0246894B13146201D02F0F4F80028F7D0606B02F086
:207E60005DF907281EDDDDB138462B460122BDE8F041062118472C4802F044FA0446002870
:207E8000F1D03146201D02F0D5F8002304F13002C4E90C322348A385214602F0D9F8DDE7F8
:207EA000BDE8F081214802F02DFA064660B3204802F028FAB06018B308F0BAFB7060D8B16E
:207EC0000520D6F8088007F093FFC8E9005710F0FF0006BF082388F8083088F80800606B9C
:207EE000314602F0B5F8636B1B689E42D8D12046BDE8F041FFF760BEB1680D4802F01EFACA
:207F00000A48314602F01AFA606B02F007F90028A9D12146034802F0E7F82146024802F00D
:207F20000DFAA0E7A80C00202C010020380100202001002008B5054802F0D2F9044802F0F3
:207F4000CFF9BDE80840034802F0CAB938010020200100202C01002010B501210B2007F0BC
:207F600041FF024BBDE810405B6818479CBC0100014B9B68184700BF9CBC0100014B1B6A6D
:207F8000184700BFC0BD0100014B5B6A184700BFC0BD010010B50D4B82B01B6898470C4B90
:207FA00004469B6A01A91920984701280BD0002C0198B8BF15248028D4BFC4EB0000C4F198
:207FC000800002B010BD002002B010BD9CBC0100C0BD0100FFF728BF00B583B007F060FE12
:207FE000032802D103B05DF804FBFFF7C1FF0028F8DB0D2007F00AFF1F4902F021F8E8B192
:208000000C2007F003FF1C4902F01AF80028E9D102F00EF9B8B1072007F0EAFE0028E1D0AF
:208020000223ADF8043007F037FE144B8278DB688DF80620032101A89847D3E707F0EEFE86
:208040000028DDD1CEE702F019F9072007F0D0FE18B90B4B9B689847C4E70223ADF80430F3
:2080600007F01AFE054B8278DB688DF80620032101A89847EDE700BF74370020C0BD010031
:208080008CC0010030B50D4C83B0A56A69461920A84748B901A90420A84738B102F0B6F8F5
:2080A000FFF748FF236A984703B030BD0199E36A21F00201019104209847EFE7C0BD010093
:2080C000F8B5038805462BB14A2B14D1882916D00120F8BD174B1C6834B1A168201D01F078
:2080E000F1F92468002CF8D1134B01221A704A232B800120F8BD002303800320F8BD0D4B46
:208100001C68002CF3D0231D9A4205D02468231D002CECD09A42F9D10648084E214601F0A5
:20812000E3FFD4E90523376832600BB1E06998473760DCE7880D00204F36002084380020D3
:20814000034A044B044800211170196008F08CB94F360020880D00204401002070B50E4CA1
:20816000049E25784661C0E90623044635B9A1600A482146BDE8704001F06ABF084D094B3D
:208180002E682B60043001F09DF92E6021460348BDE8704001F05CBF4F360020880D002008
:2081A000843800204401002070B50C4B1B7804462BB921460A48BDE8704001F049BF094DE4
:2081C000094B2E682B60043001F086F92E6021460348BDE8704001F03BBF00BF4F360020A2
:2081E000880D0020843800204401002070B50C4B1B7804462BB921460A48BDE8704001F04D
:2082000027BF094D094B2E682B60043001F06EF92E6021460348BDE8704001F019BF00BF04
:208220004F360020880D0020843800204401002010B50A4B1B7804463BB9C0E90333214672
:208240000748BDE8104001F04FBF043001F060F921460348BDE8104001F046BF4F3600201B
:20826000880D0020094B1A7842B9094B01E0984209D01B68002BFAD1012070470069B0FA1C
:2082800080F0400970470020704700BF4F360020880D002010B50446C0B210F0D5FA0A2CF8
:2082A00001D0204610BD10F09FFA204610BD00BFF8B588B10F46461E002500E0013516F847
:2082C000014F20464CB1AF4207D010F0BDFA0A2CF4D110F089FAF1E7054610F085FA2846DE
:2082E000F8BD00BF38B5294C2378834225D0284D20700F202B7001F029FD207801281ED0BE
:2083000002281BD0042832D008B1032804D1214801F0FEF803F08AFF1F4A2049204807F064
:20832000FFFF23781F48042B96BF1F4A1F4952F82310BDE8384007F0F3BF38BD102001F08F
:20834000CBFC2078042812D00228DDD12B78042BE2D1114A1149124807F0E2FF144808F018
:2083600045F90C484FF4F06101F0ACF8D4E7094801F0CEF803F066FF02460028CCD10D4BC2
:208380000D48197808F0F4F8C6E700BF5036002051360020F00E002020B10100CCAD0100F0
:2083A00080AD010068B101005CBB010018B1010030B1010050430020680100202DE9F0412E
:2083C00003888AB00446B3B1BA2B63D1834B1B788B420E46154667D0814B1B78B3427ED05B
:2083E000872E00F0A88010F0FFF9BA23012023800AB0BDE8F0817B4A7B497C487C4D07F03A
:208400008FFF7C4808F0F2F87B4810F047FA0F2001F062FC2B880BB1013B9BB2774A78482D
:2084200020210CF021F82B889A1E012A38D91A1F012A01D9DB0733D4724B734A1A60734B66
:20844000734E684A6849694800251D70357007F067FF7048704E08F0C9F8FDF799FA28466F
:20846000FDF736FA5F4A6D493060002870D05F4807F056FF33686A4893F84A20196C07F0D0
:208480004FFF584A6549594807F04AFF654808F0ADF8AAE70023038003200AB0BDE8F081E9
:2084A000584B614A1A60CAE74E4A4F494F485F4F07F036FF5E4808F099F897F80080B8F1BB
:2084C000000F4CD10120FFF70DFF5A48414607F0CBFF012357483B7008F078F87CE74E4B91
:2084E0001B68002B3FF47CAF002D6AD0AB427FF477AF3C4A50493D4807F012FF95F84B10EF
:208500004E4807F00DFF95F84B0001287FF468AF0DF0D4FD002858D002462821684610F0DA
:2085200017F8304A3049314807F0FAFE6946444807F0F6FE54E73F4B9D4229D0294A414911
:208540002A4807F0EDFE69683F4807F0E9FE4AE7264807F0E5FE3D4808F048F845E7214AC4
:208560002E49224807F0DCFE394808F03FF81D4A1D491E4807F0D4FE254B36481B78042BED
:2085800096BF354A354952F8231007F0C9FE23E7144A2249154807F0C3FE314808F026F8D7
:2085A000224B00251D7007F00FFD2846FFF79AFE0C4A0D490D4807F0B3FE2A4808F016F87C
:2085C00011E7872E7FF40FAFB8E7064A0649074807F0A6FE244808F009F801E74E43002097
:2085E0004D43002020B10100CCAD010080AD01003636002074B10100812D01009CB10100A2
:20860000440E002054010020B8B101005136002050360020C0B101003C0E002078AD0100BA
:20862000CCB10100F8B10100ACB101005336002058B2010068010020C4B20100C8B2010085
:20864000ECB20100F8AE010088B301003CB2010078B2010068B101005CBB010018B1010082
:208660002CB3010048B3010008B301002DE9F04F2DED108B058840F243139D42C9B00446A1
:208680000E46174600F0FD80B5F5A27F3ED2B5F5847F00F0898140F22F139D4265D19D4BC9
:2086A00000939D4A9D4B9E483146FDF743FA012840F2F2809B4D2B78012B00F0F980032BAF
:2086C00040F0F080882E40F0F080974B9F4240F0EC80964A9649974807F022FE964807F0BB
:2086E00085FF964B964802220021FFF747F88F4A8F49904807F014FE924807F077FF924A08
:20870000002140F28F139184238008E0B5F5C17F00F0F08040F28F139D4240F0B9818B4B87
:2087200000937D4A7D4B88483146FDF703FA012840F2B2807B4B1B78022B00F0B6807B4AE1
:208740007B497C4807F0ECFD814807F04FFF774A7749784807F0E4FD7E4807F047FF7248CD
:208760004FF4A06100F0AEFE9FE0002D40F090816E4A6F496F4807F0D3FD774807F036FF53
:208780007649774803F00EFDFEF7E4FF2846FDF79FF8744B1860002800F08281724A734BC0
:2087A00012686748CDE900234FF480716B4B704A0BF05AFE4FF484730120238049B0BDEC20
:2087C000108BBDE8F08F6B4BDFF8D8B1D3ED007ABDEEE78AB8EEC87A77EEC77AF0EEE77AA1
:2087E00017EE900A11F05AFA634B002211F0AEFA11F05CFD594B0290604A8DED018A824605
:20880000CDF800B028A880210BF02EFE97F84B30012B40F2C784023B022B3FF64CAF58495D
:20882000584611F075FF8146002800F0DC845549584611F06DFF00287FF43DAF3B4A3C49AC
:208840003C4807F06DFD504807F0D0FE1999434B4E4ACDF804A04FF000088DED008A28A87A
:2088600081F8008080210BF0FFFD494B022228A84146FEF783FF474A40F24313A2F824808A
:208880002380244B0093244A244B42483146FDF751F901283FF60EAF002049B0BDEC108B9F
:2088A000BDE8F08F042B00F019810FF09DFF81E7822EFAD11D4A1E491E4807F031FD364886
:2088C00007F094FE07F0F4FA07F06AFB1B4B1C4802220021FEF752FF144A1549154807F069
:2088E0001FFD2E4807F082FE2D4A00214FF4C17391842380154B0093074A084B284831462A
:20890000FDF718F90128C7D9064B1B78032BCCD11DE700BFF178000040370020943600202D
:208920008C0D0020503600203012002020B10100CCAD010080AD010028B70100E4B6010081
:208940003011002060B70100100E00201578000074B7010014B70100ACB30100440E002009
:2089600068010020400E00205401002034B40100F0B30100F41200200000594084B4010006
:208980001CB5010068B5010074B50100B8B501000CB50100B80D0020A8B60100F4B601009E
:2089A000E40D002010110020944B1B788B4200F0CB80882900F0DA80914D924B1B78B342AD
:2089C00077D0914B1B78B3427FF475AE8F4B1B68002B3FF470AE002F3FF46DAEBB427FF490
:2089E0006AAE8B4A8B498C4807F09AFC97F84B108A4807F095FC97F84B30042B2B787FF6C0
:208A00005BAE002B3FF451AF814A8549824807F087FC844807F0EAFD2B78042B00F0FC8327
:208A2000814B022201210020FEF7A8FE7F49FDF7C7FE0546002800F0ED8300F146017C4819
:208A40007C4EFEF78BF9A5F844002846FDF7D2FE03F0ECFB0F2001F079F977487749784A13
:208A600000250023057077480D601570336000F04FFD754800F04CFD744800F049FD744815
:208A800000F046FD2846FFF72DFC2580022004E700230320238049B0BDEC108BBDE8F08F1A
:208AA0005B4A6C495C4807F03BFC6B4807F09EFD74E6564B1B68002B3FF4FDAD002F3FF45D
:208AC000FAADBB427FF4F7AD2B78042B7FF4F4AD5B4B19931B78002B7FF475AE822E5CD073
:208AE000882E7FF4E2AE594DAF4200F0C780564B9F427FF4DAAE464A4949474807F010FCBE
:208B0000564807F073FD4D4B00260F201E6001F01DF9112001F0E0F8284600F0F9FC464B00
:208B20001E7007F051FA464B4D494E48012510221D7011F011FE364A3949374807F0F0FB50
:208B4000494807F053FDB0E603F07CFB2C4D00287FF433AF2B78042B7FF42FAF03F040FBF6
:208B600042484FF4A06100F0ADFC26E73F4B9A42EAD0374B224D9A427FF41FAF2B78042B81
:208B80003FF41BAF224A2649234807F0C9FB384807F02CFD03F04AFB0FE71D4A20491E48D3
:208BA000264D254F07F0BCFB324807F01FFD2B68204903EB830200204FF0000C1F2A4FEA37
:208BC000521687F800C0086015D8A3B1802701260F4A1349104807F0A3FB2A68264831465E
:208BE00007F09EFB3946184800F06CFC1748802100F068FC59E6F701EAE700BF50430020E0
:208C0000503600204C4300204D430020400E002020B10100C4B2010080AD010004B60100AF
:208C2000CCAD010030B601009CB601004037002094360020F412002052360020F01200200F
:208C400054360020301200202011002040120020F00E002078AD0100CCB3010094BA010032
:208C600068B5010010110020B4BA01000011002040B4010084B70100C0B70100CD4B199388
:208C80001B78002B7FF496AD012001F025F807F027F907F0ADF9B0EE60BAF0EE41AAF0EE1E
:208CA00040BA07F043FAB0EE609AF0EE418ACDED290A8DED2A1AF0EE409A8DED280A07F03F
:208CC000D3FAB0EE40AA07F0E7FAFDEEEBEABA4BB8EEEE7AD3ED007A3BEEC77A77EE807A91
:208CE000B0EEC77A17EE100AC3ED007AB0EE408ABDEECBFA10F0D2FFB04B002211F026F867
:208D000011F0D4FAF8EECF7A1C907BEE677AFDEEEAFAF0EEE77A17EE900A10F0BFFFA74B02
:208D2000002211F013F811F0C1FAF8EEEF7A1D907AEEE77ABDEEE9CAF0EEE77A17EE900A48
:208D400010F0ACFF9D4B002211F000F811F0AEFAF8EECC7A1E9079EEE77AFDEEC9CAF0EEBE
:208D6000E77A17EE900A10F099FF944B002210F0EDFF11F09BFAF8EEEC7A1F9079EE677A95
:208D8000BDEEE8DAF0EEE77A17EE900A10F086FF8A4B002210F0DAFF11F088FAF8EECD7A83
:208DA000209078EEE77AFDEECADAF0EEE77A17EE900A10F073FF814B002210F0C7FF11F0A8
:208DC00075FAF8EEED7A21907AEE677ABDEEC8EAF0EEE77A17EE900A10F060FF774B00225F
:208DE00010F0B4FF11F062FAF8EECE7A229078EE677AF0EEE77A17EE900A10F04FFF6F4B56
:208E0000002210F0A3FF11F051FAF5EEC0BAF1EE10FA239000F12781DFF8A491B5EEC0BA87
:208E2000F1EE10FA00F11681DFF894A1F5EEC0AAF1EE10FA00F10581DFF884B1F5EEC09ABF
:208E4000F1EE10FA00F1F4805D4B1A93B5EEC09AF1EE10FA00F1E380594B1B93F5EEC08AB6
:208E6000F1EE10FA00F1D380554EB5EEC0AAF1EE10FA00F1C480524FB5EEC08AF1EE10FA80
:208E800000F1B480DFF838814E4A4F494F4807F047FA1B9B09931F9B239D08931A9B069369
:208EA00014951E9B229D059311951D9B219D02931EEE902A1C9B0E954946209D4448CDF88B
:208EC00000A0CDED0ACA8DED07CACDED04FACDF80CB08DED01FA8DED13EACDF84880CDEDAD
:208EE00010DA0F978DED0DDA0C960B9507F018FA03F0A8F928BB374D374F2B785A1CD2B218
:208F000007EB8301052AC1ED00BA81ED05BAC1ED0AAAC1ED0F9A81ED149AC1ED198A2A7057
:208F200081ED1EAA81ED238A00F0A68007F038F8199B1B78002B7FF4B8AC284800F0CCFA34
:208F4000B3E4229D1495219D1195209D0E951B9D1D9B0C951F9D239905930B951C9B1A9D1F
:208F600002931791CDED07FACDF818B08DED04FACDF80CA0CDED01EACDF800908DED16EA0F
:208F8000CDF85480CDED13DA12978DED10DA0F96CDED0DCA8DED0ACA09951E9D104B114AF1
:208FA00008954FF4007110480BF05EFA0E4803F04FF9A0E754360020F412002000408F40BE
:208FC00068AE010020B10100CCAD010080AD010000B80100523600205012002040120020AB
:208FE000440E00208CB80100000F0020A64AA74B1EEE101A00290CBF9046984644E7A24FAF
:20900000A24B1DEE902A002A18BF1F4634E79E4E9E4B1DEE102A002A18BF1E4625E79A4AAE
:209020009A4B1CEE901A002918BF1A461B9215E7954A964D1CEE103A002B18BF2A461A925A
:2090400004E7914A914B1FEE901A00290CBF93469B46F3E68C4A8D4B1FEE101A00290CBF57
:2090600092469A46E2E6884A884B1EEE901A00290CBF91469946D1E6012000F067FE844A70
:2090800084498548854E9FED86AA07F049F9854807F0ACFABA460AF1A0091437B346F1EE3D
:2090A000049A57ED057AA7F1100377EE8A6AB0EE678AB0EE677AF0EE678A1A46B4EE478A9B
:2090C000F1EE10FAC8BFB0EE478ABA420BD0B2EC017AF4EE478AF1EE10FA76EE876A48BFC9
:2090E000F0EE478AEAE786EEA99A9F429FED6C7A77EEC97A78EEC8AA67EEA77A37EE277A2A
:2091000009D0F3EC017A77EEC97A9F4267EEA77A37EE277AF5D1C7EE297A14370BF1140BD3
:2091200017EE900A10F0BAFD41EC100B0FF004FC0BED059A51EC100B11F0E0F8B9454BF889
:20914000100C4BED038A0BED028A4BED01AAA8D1554A564B5649D6ED007AB2EC017AF3EC3A
:20916000016A77EEC77A87EEA67AA6EC017AB142F1D1474A4749484807F0D2F84D4807F089
:2091800035FA434A4349444807F0CAF84A4807F02DFADAF810304AF8143BD145F9D10123EB
:2091A0002B70C3E6454800F0B3F9454800F0B0F9444B374A3749384800251D6007F0B0F8CB
:2091C0005946414807F0ACF8199A404B157028A802222946FEF7D2FA3D4A40F22F139584D1
:2091E0002380FFF75CBA2A4A2A492B4807F098F8384807F0FBF90F2000F0A8FD199B2F4885
:2092000083F8009000F072F92D48494600F05AF9FFF751BA304E1BE42F4ED6ED007ABDEEBE
:20922000E78AB8EEC87A77EEC77AF0EEE77A17EE900A10F033FD294B002210F087FD11F006
:2092400035F8274B274A019080218DED008A28A80BF00AF91D4B0222012128A8FEF78EFAFF
:209260002149FDF7ADFA054600283FF4F1AB00F146011E48FDF772FDA5F844002846FDF763
:20928000B9FAFFF7E5BB00BFA8B3010068AE010020B10100CCAD010080AD0100640E002047
:2092A0000000000004BA010070BB0100FCBB0100F00E002040BA010068BA0100401200205D
:2092C00020110020F0120020CCB401000CB501008C0D002024B50100F41200200000594086
:2092E000440E002050B601004037002094360020014B1878704700BF5036002004289ABFF7
:20930000024B53F820000248704700BF5CBB010018B10100FEF7E6BF024B0348197800220E
:2093200007F026B95043002068010020024A136818441060704700BFF0120020014807F0B0
:2093400045B900BF68010020014B00221A7070475436002010B5FCF7C7FB0B4B1A68D2E961
:20936000003192680B44191A52B1D2E9003423441B1A9268994228BF1946002AF5D143184C
:20938000024A136010BD00BFFC120020F81200202DE9F843038805465BB3592B2CD18729C4
:2093A0002FD0822920D12C4FDFF8B4803C684FF00009CCB1002603E0A3682646A3B11C46ED
:2093C00020460CF0FFFB0028F6D0E0682246882107F0CEF803464046002B2AD007F0F6F854
:2093E000A3682646002BEAD159232B800120BDE8F883194A1360F7E7002303800320BDE886
:20940000F883154F3968002019B9EDE789680120D9B1CB689342F9D000B139608B68002B31
:20942000E2D0D868904207BF9B688B6019469B68F5E7E360A3686EB1B3603B68C4F80890FF
:209440002BB1FFF787FF3C68B3E73960CCE7034A1360C9E73B60F1E7FC120020F8120020EF
:209460007801002010B50446104807F0AFF81049E3680A684BB142B194420FD0134601E05A
:209480009C420BD09B68002BFAD10A4BA2601B68E3600C60BDE81040FFF75CBF054B1B68B8
:2094A000E360BDE81040FFF755BF00BF78010020FC12002084380020014807F087B800BFCA
:2094C0007801002010B504460CF060FB2046BDE81040FFF7C7BF00BF10B504460CF05EFB93
:2094E0002046BDE81040FFF7BDBF00BF10B504460CF062FB2046BDE81040FFF7B3BF00BFF6
:20950000024B1868003818BF01207047FC12002010B5124B19688142044614D00B462BB1A8
:209520009A68A24206D01346002BF9D10023C4E9023310BDA2689A6049B1FFF70BFF00232E
:20954000C4E9023310BD82681A60002AF5D1044B00221A600023C4E9023310BDFC1200201D
:20956000F8120020014B1888704700BF7C03002000283ED0037A022B30B410D00378022B74
:2095800015D00379B3B10024C37913F0030318BF012301B10C6002B1136030BC7047C5797D
:2095A000447A037965B90CB9012BF2D0DBB100231C46EEE7447A14F0030418BF0124E3E72B
:2095C000C4B1032D37D1032C2ED0022C24D143BB022D2DD00123032D24D1A4F10204B4FAD2
:2095E00084F46409D5E7023C012C8CBF00240124CFE770474BB9022D08BF0123EAD1A4F1F0
:209600000304B4FA84F46409C3E7032D01D0022D02D123461C46BCE7002BC8D1022DDAD1F7
:20962000EDE701230024B4E7002BC0D10123D4E701231C46ADE7022DC7D1002BF1D1022CDC
:209640004FF00103DBD11C46A3E700BF30B500230B608B80437DDB075CBF01230B70037E15
:20966000012B83B00D46044623D901AA694604F11000FFF77DFF009B0BB10223EB70019BAE
:209680000BB102236B70E37D03F00303022B03D0032B14BF00230823AB70637E03F0030371
:2096A000022B03D0032B14BF002308232B7103B030BDC37D13F0030309D0437E13F0030333
:2096C00005D0C38B828B9B1AB3FA83F35B092375CBE700BF02280CBF012307230B441A78F1
:2096E000FF2A184603F1FF3303D18142F7D1012070470020704700BF30B583B06946FFF733
:20970000A5FF9DF800309DF801509DF802409DF803109DF804209DF8050002332B4423441D
:209720000B441344184403B030BD00BF70B4437882780578C478DB00120102F0100203F051
:2097400008031343027905F0070564012B4304F020049201234302F0400213430B70437987
:209760008579467AC479027A03F001036D0043EA861305F00205A0002B4300F00C0012012F
:20978000034302F03002134370BC4B70704700BF70B582B00D4604466946FFF757FF04F1C8
:2097A00010002946FFF7C2FF9DF80030012B04BFA37EAB709DF801300CBF03200220022B80
:2097C00006D1A38B2B54A38B421C1B0AAB5402309DF8026056B1731E234429181A7801F861
:2097E000012BA34203F1FF33F8D130449DF80330022B06D1E38B2B54E38B421C1B0AAB544C
:2098000002309DF8046056B1F31D23442918073413F8012901F8012BA342F9D1304402B0F4
:2098200070BD00BF30B40278437802F00700C2F3C005C2F300140870C2F34010C2F3801223
:209840004D708C7003F00105C3F34004C8700A71C3F38100C3F301129B094D718C71C87111
:2098600030BC0A724B727047012943DD2DE9F04186B00F4603A914460546FFF7D3FF03AB29
:2098800003CB9DF811201B882383206161616AB3AE1C03A802AA01A9FFF76AFE9DF813803A
:2098A000B8F1000F43D0029B002B31D1B8F1020FA38367D0B8F1030F4DD09DF81580B8F151
:2098C000000F2CD0019BBBB9A38BE383B8F1020F4DD0B8F1030F31D0701B3B1A8742C4E9F0
:2098E0000E6300DA002006B0BDE8F081AB78A376EE1CCEE700207047717816F8023B029A8F
:2099000003EB01239BB2E383002ADFD1A383DDE7727816F8023B03EB02239BB2C6E71E4915
:2099200004F1080000F086FBA4F81E80D4E71A49204600F07FFBA4F81C80BEE706F10800B5
:20994000034604F1080213F8011D02F8011BB342F9D10646C0E706F108000346621E13F8FB
:20996000011D02F8011FB342F9D10646A5E70A4904F1080000F05EFB7378237216F8023BB4
:209980006372A9E70449204600F054FB7378237016F8023B637090E7A8BC010030B591B0D2
:2099A00006F06AF9044606F07BF96A4601462046FFF75AFF00283ED0044606F041F9D0B3BB
:2099C0009DF810100B2006F00DFA9DF81310072006F008FA9DF817308BB1BDF81C50FFF7A4
:2099E000C1FD854205D0BDF81C204FF6FF739A4221D19DF817006946FFF76CFEB0B102A9D0
:209A00000C2006F0FBF99DF815303BB14FF6FF71062006F0E7F9204611B030BD9DF81A10E6
:209A2000062006F0DFF9204611B030BD69460D2006F0E4F9E3E74FF0FF34ECE7F8B5054668
:209A40000B2014460E46A84700232074A37496B3E37463750820A847002701232376A075E8
:209A600067740620A847A076FFF77CFDE0830920A84701280CBF3B4603236376FFF772FD1D
:209A8000A0830A20A84701281AD066B90323E375637E022B0CD0E37DA3F10203B3FA83F3D4
:209AA0005B092375F8BD0223E375637E022BF2D101232375F8BD0720A8476675E074C9E741
:209AC000E775E5E730B591B00546FFF74BFD4FF6FF74A0423AD040220021684610F010FECC
:209AE00006F09CF96A4601461A48FFF7A7FF06F095F918B3ADF800400C2006F087F90146C9
:209B000002A800F097FA06F0B7F80E9006F0C8F8034668460F93FFF7EFFD044615B9204628
:209B200011B030BD06F05CF880B106F0B5F801466846FFF72DFE204611B030BD0D2006F00C
:209B400065F90146684600F075FAD5E74FF0FF34E5E700BFF1FD00000120FFF7B3BF00BF64
:209B60000020FFF7AFBF00BF0649074A074B9B1A03DD043BC858D050FBDC0BF071FAF9F76F
:209B800089F800001CC501000800002088030020FEE7FEE7FEE7FEE7FEE7FEE7FEE7FEE767
:209BA000FEE7FEE700F01F030121C0F34710994000F066B808B503F0E9FB00B108BDBDE807
:209BC000084003F099BB00BF30B583B01446022301F01F0100228DF8063014F00C0341EA74
:209BE0004015ADF8042006D0042B25D0082B27D00C2B02D103238DF8043014F0030304D05C
:209C0000022B15D0012B02D103238DF805300E4A01A9284603F0C4FB2306284603D403F0D0
:209C2000BDFC03B030BD012103F04CFC03B030BD01238DF80530EAE701238DF80430DCE77F
:209C400002238DF80430D8E7A59B000001F01F0141EA40101F28CABF054B4FF0A04300F069
:209C60001F00D3F8101521FA00F000F001007047000300500146014800F0EAB90013002079
:209C800070B50C4B1C689CB105460E4601E0246874B1237AAB42FAD1E36816EA0301F6D0DC
:209CA00063682846002BF2D098472468002CF0D170BD00BF00130020024B00221A60FFF728
:209CC00079BF00BF00130020EFF3108072B6704780F31088704700BF70B41A4A1A4D002376
:209CE000012440FA03F1C90712D59178B9B11178567801F01F0141EA46111F29C6BF01F03F
:209D00001F012E464FF0A04604FA01F1C6F80C150133042B02F10302E3D170BC7047117840
:209D2000567801F01F0141EA46111F29C6BF01F01F012E464FF0A04604FA01F1C6F8081580
:209D4000E6E700BFF0AB01000003005070B41A4A1A4D0023012440FA03F1C90712D5917863
:209D6000B9B11178567801F01F0141EA46111F29C6BF01F01F012E464FF0A04604FA01F128
:209D8000C6F808150133042B02F10302E3D170BC70471178567801F01F0141EA46111F29C4
:209DA000C6BF01F01F012E464FF0A04604FA01F1C6F80C15E6E700BFF0AB0100000300502A
:209DC0000E4A30B40E4D02F10C0403201378517803F01F0343EA41131F2BC6BF03F01F03F8
:209DE00029464FF0A04103F5E0730332944241F82300EBD130BC0F20FFF7A8BFF0AB010052
:209E00000003005010B50948FEF7CEF9084802F009FB50B1064C01460B7A5B080B72204672
:209E200002F0CCFA01460028F6D110BD54370020880100200146014802F022BB880100200B
:209E400080B110B50446FBF74FFE2368C01AB0F5963F05D2207A032894BF0020012010BDA7
:209E6000002010BD0020704770B50546144689B1022907D006290CD10146BDE870402A48FE
:209E800002F0FEBA0146284802F0FAFA0646002832D170BD0146244802F0F2FA06460028D2
:209EA00035D0FBF721FE337A30602344102BA8BF10233372FBF718FE3368C01AE401B0F567
:209EC000963FA4B208D2337A042BB38834BF19220A222BB9B48070BDB3881922002BF9D05D
:209EE00002FB04F41149C2F1640203FB0242A1FB02325209B28070BDFBF7F6FD337A30600C
:209F00002344102BA8BF102333720C34D2E7334605482946082202F013FB06460028B8D00C
:209F200047F6FF73C380BCE7880100201F85EB5138B50546042005F05BFF29460446214836
:209F400024B202F09DFA38B3B0F9063047F6FF7293422CD004EB840462005A251A4C818892
:209F600013FB052384FB0324DB17C3EB641424B2C48081B904F15A0212B222EAE2721E2ADC
:209F8000124BA8BF1E22D201A3FB0232120902F5807292B2828038BD0346294609480822A6
:209FA00002F0CEFA0028F6D047F6FF73C3808388C480002BEFD147F6FF739C42DAD14FF452
:209FC0008072E7E7880100201F85EB518988888838B5094802F026FA60B1074D04462146B1
:209FE000284602F01BFB2146284602F0E7F904460028F4D138BD00BF8801002000B50021DA
:20A0000083B0084802F0B8F9074B084A1B680093074800234FF4E131FEF7A0F803B05DF804
:20A0200004FB00BF8801002084380020059E0000543700200B684A6842600360704700BFEF
:20A0400008B5082210F026FBB0FA80F0400908BD0368DBB110B4002400E0134699420FD0FE
:20A060001A681C46002AF8D100230B600368CBB11A461B68002BFBD111605DF8044B7047EE
:20A080000A686CB1226000221A60EDE700230B6003684BB11A461B68002BFBD11160704748
:20A0A0000260F0E70160E8E70160704730B405684DB12B46002400E01346994207D01A68CE
:20A0C0001C46002AF8D10D6030BC016070470A683CB1226000221A6005680D6030BC016016
:20A0E00070470260F6E700BF03689BB110B4002400E0134699421A6805D01C46002AF8D14C
:20A100005DF8044B704734B1226000221A605DF8044B704770470260F7E700BF03682BB189
:20A1200000201B680130002BFBD170471846704730B479B1036843B1002500E023469A42D1
:20A1400017D01C681D46002CF8D10B6813600A6030BC7047056845B12B4600E023469A4250
:20A1600010D01C681946002CF8D11560026030BC704725B11068286000201860E5E71468F7
:20A180000460F9E739B114680C6000211960056815600260EBE711680160F6E700B58BB052
:20A1A0000246282168460EF0D3F96946024806F0B7F80BB05DF804FB78AC0100F0B170B5FE
:20A1C0000024104E054654B1E3070DD5295D304606F0A6F8072C10D00134002CF4D1297877
:20A1E000304606F09DF8F7E72E2006F0FDF9295D304606F095F8072CEED170BD024806F068
:20A200008FB800BFC0BC0100B0BC010008B506F065FA014B187008BD55360020034B197819
:20A2200006204A1C1A7005F0DDBD00BF55360020F8B5FBF759FC104E0746344600250C20A5
:20A2400005F0E4FD2146FFF7FBFE103420B90135102DF4D10020F8BD062006EB051505F082
:20A26000C7FD2B7B8342F5D1A868381AB0F5206F8CBF00200120F8BDC4130020F8B5174E09
:20A280000024374635460C2005F0C0FD2946FFF7D7FE1035F8B90134102CF4D10F2407EB39
:20A2A0000414254654F8100D6168A268E368A6420FC5F6D1062005F09BFD3873FBF714FCB1
:20A2C0000346BB600C2005F0A1FDBDE8F84001460248FFF7AFBE002CE1D1EBE7C4130020E3
:20A2E00010B5044642884068002110F009FA23886288A06802FB03F2BDE81040002110F014
:20A30000FFB900BF30B44588ADB14368002202E00132AA420CD0194601330C78002CF7D102
:20A3200001230B700588806802FB050030BC7047002030BC70472846F8E700BF30B44488E5
:20A34000826854B18A420CD00588002301E0914208D00133A3422A44F9D14FF0FF3030BC7F
:20A36000704700234268D15C0029F6D00020D05430BC704783688B4208D84288008800FB71
:20A38000023081422CBF00200120704700207047418849B143680020194413F8012B02B931
:20A3A00001308B42F9D170470846704710B5436E04469847034BE06E1978BDE81040002236
:20A3C00006F0D6B84F430020F0B501230025062285B0044680F86020A0F86830A0F89C5204
:20A3E00080F8385029464FF4087200F5956010F087F90F4F0F4B84F8745204F2347604F138
:20A40000740203934FF400730092214604F2A622CDE9013730460BF095F8B4F8302730465E
:20A4200004F5E46105B0BDE8F0400BF0C5B800BFC5BB000099A5000070B500F17403044688
:20A44000002503672946242204F2347680F86A5000F51E7010F054F930460BF0F5F8304642
:20A460000BF0FEF830462946342210F049F9042384F8603070BD00BF08B5026F00F51D739C
:20A480009A4205D01170036F01330367002008BD00F174018A4209D0002380F87432521ADD
:20A4A00000F234700BF0B2F8012008BD012380F87432184608BD00BF70B50446D0F8A0324E
:20A4C000006F154604F51D76321AEE1A964228BF1646B6B23246194410F0EAF8D4F8A0022A
:20A4E000226F304432448542C4F8A002226713D004F174018A420BD00023521A84F874328E
:20A5000004F234700BF082F8D4F8A002281A70BD012384F87432F9E70020C4F8A00270BD7E
:20A5200010B50446042100F5D962FFF73FFF94F81637B4F81A17012B04BF002384F81637F2
:20A5400009B1002010BD04F595604FF4087210F0D7F8002010BD00BF90F83830024623B91A
:20A560000B4B0C48197806F003B810B5022300F2347480F8603020460BF066F820460BF043
:20A580006FF820463422BDE81040002110F0B8B85C3600209C01002010B582B0032A8DF8FA
:20A5A00007200C460ED8F2B91D4B1E4819780722012384F8602084F87432224605F0D8FF93
:20A5C00002B010BD042AFBD1B1F856372BB9012201F1740381F874220B6704F11800FDF7DA
:20A5E00005FE02B010BD104B0E481978224605F0BFFF042384F8603004F11800FDF718FE32
:20A600000DF1070201212046FFF7D0FE2046FFF713FF637D012BD3D12046FFF7D5FECFE7E4
:20A62000593600209C0100205736002008B505F013FF1B4A1B4B1070187005F00DFF1A4B04
:20A64000187005F009FF194B187005F005FF184B187005F001FF174B187005F0FDFE164B75
:20A66000187005F0F9FE154B187005F0F5FE144B187005F0F1FE134A134B1070187005F013
:20A68000EBFE124B187005F0E7FE114B11480021196005F0E9FE104B01221A7008BD00BF5B
:20A6A0005A36002061360020593600205B3600205E3600205F3600205D3600205C36002005
:20A6C0004F430020573600206036002058360020C81400209C010020563600202DE9F04705
:20A6E00082B003888DF8071040F296618B420546144600F0B78149D840F276618B4200F057
:20A70000208240F29F8040F284618B4240F01382A94B9DF807101B788B4200F0D687A74B5E
:20A720001B788B4240F26687A54B1B788B4240F00483DFF8B092D9F8006096F86030DFF854
:20A7400080A2DFF89C8240F28E27032B01F06681B6F89C32BB4200F0698700F264814BB1C9
:20A7600040F28D22934240F0FB8796F87432002B00F06981E0213046FFF77EFE002800F037
:20A780005A8740F28D23A6F89C32EEE7B3F5D66F00F0628240F2BD618B4240F09480864BC2
:20A7A0009DF807101B788B4200F07F87834B1B788B4240F21287824B1B788B4240F0C782F8
:20A7C000DFF82092D9F8004094F860307C4F4FF00008092B40F0D980B4F89C32002B01F05E
:20A7E0006380A3F26B339AB2252A00F2FB82252B00F2F882DFE813F0FE021903F602F602A7
:20A800007C03A903E703F602F602CE03FA03F602F602F602F602F602F602F602F602C302E0
:20A82000F602F602F602F602F602F602F602F602F602F602F602F602F602F602F602F60298
:20A84000F602D000002B00F0A08040F25F62934240F07181584B9DF807101B788B4200F06C
:20A860001887584B1B788B4200F0EF87564B1B788B4200F07787554F3B788B4200F0C18785
:20A88000534B1B788B4200F0A887524B1B788B4200F08F87504B1B788B4200F076874F4B16
:20A8A0001B788B4271D194F87432DFF83891012BC9F8004069D194F86030092B65D1002215
:20A8C000A4F89C2282E740F2A3618B4240F03381394B9DF807101B788B4200F0CA86374B7C
:20A8E0001B788B4240F29386354B1B788B4240F03882DFF8F090D9F8008098F86030304F9C
:20A90000374E092B41F06F80B8F89C32002B01F04380A3F531739AB21F2A7ED81F2B7CD83C
:20A92000DFE813F0BB02D5027B007B007B00CC03DD037B007B007B007B007B007B007B003C
:20A94000ED031404FE037B007B007B007B007B0027047B007B007B007B007B007B007B00FF
:20A960007B0062000CF8036094F884320133DBB2042B84F8843240F2B88700228121204694
:20A98000FFF714FD0023A4F89C3240F25F632B80012002B0BDE8F087261D94F89932012BCF
:20A9A00005D030460BF00EF9002800F0108330460BF008F90CE200BF57360020613600201C
:20A9C000583600205A360020593600205B3600205C3600205E3600205F3600205D360020EB
:20A9E00084380020C414002008F1040A98F89932012B05D050460BF0E5F8002800F06B82AD
:20AA000050460BF0DFF84FF40872002108F595600FF076FE002388F86A3000239DF807107F
:20AA2000A8F89C3236E740F29D22934240F0988696F87432002B40F08186301D0BF0C2F8DF
:20AA4000002840F07B869AF80010D8F80000002205F08EFD002800F07081D9F8006096F8C1
:20AA6000603072E69E4B9DF807101B788B4200F0DC869C4B1B788B4240F2A2859A4B1B788F
:20AA80008B4240F05F81DFF86C92D9F8006096F86030DFF854A2DFF8588240F2B137092BE9
:20AAA00040F0BE87B6F89C32BB4215D028D82BB1B3F56C7F39D196F8743293B1C02130467B
:20AAC000FFF7DAFC002800F010864FF46C73A6F89C32F0E7A6F89C7296F87432002B40F05C
:20AAE00004869AF80010D8F80000002205F040FD002800F02781D9F8006096F86030CEE742
:20AB0000B3F56F7F11D196F8B03423B9301D0BF059F80028E5D04FF40872002106F595602B
:20AB20000FF0EEFD002386F8383000239DF80710A6F89C32A9E6002303202B8002B0BDE810
:20AB4000F087674B9DF807101B788B4200F08686644B1B788B4240F22685634B1B788B42CA
:20AB600040F00481DFF88C91D9F80060B6F89C32DFF884810027002B00F05687A3F22B23A1
:20AB80009AB2422A61D8422B5FD8DFE813F023033B035E005E00550367037D0382033E042D
:20ABA0002E045E045E005E005E005E005E005E005E004E047204F3035E005E005E005E0039
:20ABC0005E005E005E005E00ED04CE04E8045E008004BB0491045E005E005E005E005E0042
:20ABE0005E005E005E00A404BD03D7035E005E005E005E00A303E00392035E005E005E0049
:20AC00005E005E005E005E005E005E005E005E005E00430006F1040A96F89932012B05D044
:20AC200050460AF0CFFF002800F0F08250460AF0C9FF002840F053872C4F4FF40872002149
:20AC400006F595600FF05CFD00E0284F9DF807100023A6F89C320FE6214B9DF807101B787A
:20AC60008B4200F00B861F4B1B788B4240F28E841D4B1B788B426FD1DFF87890D9F8006060
:20AC800096F86030DFF86080194F092B40F07586B6F89C32002B00F049866FF44572134441
:20ACA0009AB2182A43D8182B41D8DFE813F0C700E00040004000400035017801400040002F
:20ACC0004000400040004000B001F801C601400040004000400040004000400040002700DC
:20ACE0005736002061360020583600205B36002084380020C4140020C8BC010006F1040A33
:20AD000096F89932012B05D050460AF05BFF002800F0B18050460AF055FF4FF408720021E4
:20AD200006F595600FF0ECFC002386F86A3000239DF80710A6F89C32B1E540F284632B806C
:20AD4000012026E640F296632B80012021E640F2BD632B8001201CE64FF4D6632B80012060
:20AD600017E640F2A3632B80012012E640F276632B8001200DE640F27E33A4F89C3294F837
:20AD80007432002B00F02381B4F89422D4F890122046FFF791FB0028EDD1226F04F17401B5
:20ADA0008A4200F0B58684F87402521A04F234700AF02CFC261D30464FF4A0610AF0E6FEA7
:20ADC00094F89822002A00F0BA86012A00F0AA864FF40872002104F595600FF091FC00230D
:20ADE00084F86A300023A4F89C32CEE540F26B33A4F89C3294F87432002B00F0E88094F882
:20AE000078122046FFF738FB0028EFD1C4F8A00294F8842204F520712046FFF74DFB00284B
:20AE20006AD04FF45B73A4F89C3294F87432002BEED1CCE040F21533A6F89C3296F874327B
:20AE4000CBB196F878123046FFF716FB0028F1D1C6F8A00296F8842206F520713046FFF76B
:20AE60002BFB00285CD040F21633A6F89C3296F87432002BEED198F800103868002205F0FC
:20AE800077FB00283FF468AFD9F8006096F86030FBE64FF43173A8F89C3298F87432D3B18F
:20AEA00098F878124046FFF7E7FA0028F1D1C8F8A00298F8842208F520714046FFF7FCFA99
:20AEC000002800F0008140F2C523A8F89C3298F87432002BEDD139783068002205F048FB8F
:20AEE00000283FF43EAFD9F8008098F8603008E594F87432002B6AD0B4F88C122046090A52
:20AF0000FFF7BAFA28B340F26F33A4F89C3294F87432002BF0D15AE096F87432002BAAD03D
:20AF2000B6F886123046090AFFF7A6FA00283BD040F21A33A6F89C3296F87432002BEFD16F
:20AF400099E74FF45C73A4F89C3294F87432002B3DD094F88C122046FFF78EFA0028F0D194
:20AF6000C4F8A002B4F88C22D4F888122046FFF7A3FA20BB94F89832002B00F0C085B4F87D
:20AF800086122046090AFFF777FA98B34FF45D73A4F89C3294F87432002BF0D117E096F8CE
:20AFA0007432002B3FF467AF96F886123046FFF763FA88B340F21B33A6F89C32EFE740F259
:20AFC0007133A4F89C3294F87432002BCAD1CA4B39781868002205F0CBFA00283FF4B7AE89
:20AFE000D9F8004094F86030FFF7F3BB94F87432002BECD094F886122046FFF73DFA002888
:20B0000000F07D8540F27533A4F89C32EEE796F87432002B3FF42FAFB6F88C123046090AE0
:20B02000FFF72AFA00283FD040F22233A6F89C32EDE74FF44973A6F89C3296F87432002B2E
:20B040003FF419AFB6F88C22D6F888123046FFF733FA0028EDD1326F06F174018A4200F0E9
:20B06000528586F87402521A06F234700AF0CEFA06F1040A50464FF4A0610AF087FD4FF49B
:20B080000872002106F595600FF03AFB40F22D33A6F89C3234E640F22333A6F89C3296F857
:20B0A0007432002B3FF4E7AE96F88C123046FFF7E3F90028EFD1C6F8A002C3E798F874325B
:20B0C000002B3FF408AFB8F886124046090AFFF7D3F948B140F2C923A8F89C32EEE798F8CE
:20B0E0007432002B3FF4F7AE98F886124046FFF7C3F948B140F2CA23A8F89C32EFE798F85B
:20B100007432002B3FF4E7AEB8F88C124046090AFFF7B2F9F8B140F2D223A8F89C32EEE7FB
:20B1200098F87432002B3FF4D6AEB8F88C22D8F888124046FFF7C0F900B34FF43573A8F8BC
:20B140009C32EDE740F2D323A8F89C3298F87432002B3FF4C0AE98F88C124046FFF78CF986
:20B160000028EFD1C8F8A002DFE740F2DA23A8F89C3298F87432002B3FF4ADAE98F89812F9
:20B180004046FFF779F90028EFD1D8F8702008F174018A4200F0C18488F87402521A08F2AE
:20B1A00034700AF033FA08F1040A50464FF4A0610AF0ECFC4FF40872002108F595600FF032
:20B1C0009FFA40F2E323A8F89C320FE440F22B23A6F89C3296F87432C3B196F8781230461B
:20B1E000FFF74AF90028F1D1C6F8A00296F8842206F520713046FFF75FF908B34FF40B73CC
:20B20000A6F89C3296F87432002BEFD1D9F8003093F86030032B00F05E84384A364B1178FB
:20B220001868002205F0A4F900283FF49FADD9F80060B6F89C329EE496F87432002BE5D0F0
:20B2400000213046FFF718F960B140F22F23A6F89C32F1E74FF40C73A6F89C3296F8743215
:20B26000002BD3D006213046FFF706F90028F1D1C6F8A002062241463046FFF71DF960B1E2
:20B2800040F23123A6F89C3296F87432002BF1D1BCE796F87432002BB8D003213046FFF781
:20B2A000EBF8002800F0B68040F23223A6F89C32EFE796F87432002BA8D0B6F85C20B16D75
:20B2C0003046FFF7F9F800286CD04FF41873A6F89C32EEE796F87432002B97D0B6F85C10BE
:20B2E0003046090AFFF7C8F8002835D040F25E23A6F89C32EEE700BF8438002058360020A5
:20B300004FF41673A6F89C3296F87432002B3FF47DAF96F854103046FFF7AEF80028EFD14B
:20B32000C6F8A002B6F85420316D3046FFF7C4F8002834D040F25923A6F89C3296F874324B
:20B34000002BEFD162E740F25F23A6F89C3296F87432002B3FF45AAF96F85C103046FFF798
:20B360008BF80028EFD1C6F8A002A6E740F23F23A6F89C3296F87432002B3FF447AF328A31
:20B38000F1683046FFF798F80028EFD1337D580700F1EF8096F91430002BC0F2A180337D80
:20B3A00059069BD4326F06F174018A4200F0CE8386F87472521A06F234700AF027F90823F4
:20B3C00006F1040A86F8603050464FF4A0610AF0DDFB4FF40872002106F595600FF090F958
:20B3E00040F26D23A6F89C3216E496F87432002B3FF40CAFF18A3046090AFFF73DF848B3AE
:20B400004FF40D73A6F89C32EFE796F87432002B3FF4FCAE317D3046FFF72EF80028E9D0CA
:20B4200040F23323A6F89C32EFE796F87432002B3FF4ECAE318A3046090AFFF71DF8E8B12E
:20B4400040F23D23A6F89C32EFE796F87432002B3FF4DCAEB17D3046FFF70EF80028E9D07B
:20B4600040F23523A6F89C32EFE740F23E23A6F89C3296F87432002B3FF4C8AE317C3046D6
:20B48000FEF7FAFF0028F0D1C6F8A00277E796F87432002B3FF4BAAEB6F848103046090A8E
:20B4A000FEF7EAFF98B34FF41373A6F89C32EEE796F87432002B3FF4A9AEB6F84820716C7D
:20B4C0003046FEF7F9FF00283FF464AF40F24E23A6F89C32ECE796F87432002B3FF496AEE3
:20B4E000B6F854103046090AFEF7C6FF00283FF410AF40F25723A6F89C32ECE740F24D2350
:20B50000A6F89C3296F87432002B3FF47FAE96F848103046FEF7B0FF0028EFD1C6F8A002B8
:20B52000CBE740F24923A6F89C3296F87432002B3FF46CAE96F840103046FEF79DFF002896
:20B54000EFD1C6F8A002B6F84020F16B3046FEF7B3FF0028A0D040F24A23A6F89C3296F813
:20B560007432002BEFD151E696F87432002B3FF44DAEB6F840103046090AFEF77DFF002856
:20B58000D8D04FF41273A6F89C32EDE7C34B1B788B42FFF46DABC24B186804F0E9FF9DF884
:20B5A0000710FFF765BBBD4B1B788B42FFF4D5AABB4B186804F0DCFF9DF80710FFF7CDBA06
:20B5C000B64B1B788B42FFF459AAB54B186804F0CFFF9DF80710FFF751BAB04B1B788B42CA
:20B5E000FFF4E9A8AE4B186804F0C2FF9DF80710FFF7E1B8A94B1B788B42FFF495A8A84BE7
:20B60000186804F0B5FF9DF80710FFF78DB8A34B1B788B42FFF468A9A14B186804F0A8FFC2
:20B620009DF80710FFF760B9A6F89C7296F87432002B3FF408AA00213046FEF71DFF00288F
:20B64000F2D1326F06F174018A4200F03A8286F87402521A06F2347009F0D8FF4FF48071A2
:20B66000301D0AF093FA40F29D23A6F89C32FFF7DFB98C4B8A481B680068032683F8606012
:20B680000026A3F89C6204F073FF9DF80710FFF72BB9844B032284F8602020461C60FEF738
:20B6A000CBFE9DF80710FFF7DCB87E4B7C481B680068032483F860400024A3F89C4204F040
:20B6C00057FF9DF80710FFF776B8764B74481B680068032683F860600026A3F89C6204F0C5
:20B6E00047FF9DF80710FFF71FB800213046FEF7C3FE00287FF4EEA9326F06F174018A4233
:20B7000000F0E38186F87402521A06F2347009F07DFF012386F838304FF40872002106F581
:20B7200095600EF0EDFF4FF4A061301D0AF02EFA4FF46F73A6F89C32FFF7E5B9D9F8000081
:20B740000023A6F89C32FEF777FE0121D9F800000DF10702FEF72AFE9DF80710FFF790B8EF
:20B760003046EDE794F87432DFF83891B4F8A422C9F80040012BA4F85C277FF47CA8002335
:20B78000A4F89C322646FFF7F3B994F87432DFF81491012BC9F800407FF481A894F860309E
:20B7A000092B7FF47CA80022A4F89C222646FFF769BA94F87432DFF8EC90012BC9F800400B
:20B7C0007FF468A894F86030092B7FF463A80022A4F89C22A046FFF792B894F87432DFF86D
:20B7E000C490012BC9F800407FF44FA894F86030092B7FF44AA80022A4F89C222646FFF7CB
:20B8000048B994F86030DFF89C900A2BC9F800407FF436A894F87422012A40F0F38000226F
:20B82000A4F89C222646FEF78ABF1E4B1C481B680068032683F860600026A3F89C6204F035
:20B8400097FE9DF80710FFF719B9164B20461C60FEF7BAFD9DF80710FFF708B8114B1048DA
:20B860001B680068032683F860600026A3F89C6204F07EFE9DF80710FFF76FB9094B0848DC
:20B880001B680068032683F860600026A3F89C6204F06EFE9DF80710FFF7EAB9603600203F
:20B8A00084380020C414002094F8981294F89A224B0043F03003DBB2012A84F8783208BFE0
:20B8C00043F00103B4F88C2208BF84F87832D4F894321A44002940F09D800232C4F87C22F6
:20B8E00084F8848204F5207C002302F07F007F2A60F07F064FEAD2123FF634A80CF80300EA
:20B9000094F884320133DBB2042B84F884323FF634A894F8983294F87812002B7FF471AA8D
:20B9200001F0F70184F87812FFF76BBAB6F88C2286F884320432A221C6F87C2286F8781210
:20B9400006F5207C02F07F007F2A60F07F0E4FEAD21216D80CF8030096F884320133DBB242
:20B96000042B86F884327FF66CAA002281213046FEF71CFD0023A6F89C329DF80710FEF761
:20B980008EBF0CF803E096F884320133DBB2042B86F88432D6D9E8E7B8F88C2288F88432F9
:20B9A00005328221C8F87C2288F8781208F5207C02F07F007F2A60F07F0E4FEAD21216D8AA
:20B9C0000CF8030098F884320133DBB2042B88F884327FF665AA002281214046FEF7E6FC4F
:20B9E0000023A8F89C329DF80710FEF753BF0CF803E098F884320133DBB2042B88F88432B0
:20BA0000D6D9E8E75348224604F0B2FD9DF80710FEF736BF0432C4F87C2261E7304692E6A6
:20BA20009DF80710FEF731BF328A102386F87832002A4ED00E32B6F854300BB102331A4455
:20BA4000B6F85C300BB102331A44B6F840300BB102331A44B6F848300BB102331A44C6F8BD
:20BA60007C2286F8847206F5207C002302F07F007F2A60F07F0E4FEAD21217D80CF80300F0
:20BA800096F884320133DBB2042B86F884327FF6A4AB812100223046FEF788FC00239DF80F
:20BAA00007102D4FA6F89C32FEF7E6BE0CF803E096F884320133DBB2042B86F88432D5D9F1
:20BAC000E7E7012386F87432C8E5012386F874321FE60C22AFE79DF80710FEF7CCBE96F8D9
:20BAE00060301D4F092B7FF4A8A80A23397886F860303246174804F03BFDFFF79EB8C4F85C
:20BB0000A082FFF741B9012386F87432FFF7B0BA012384F87432FFF74DB9012388F87432DF
:20BB2000FFF741BB4FF40872002104F595600EF0E7FD4FF46473A4F89C32FEF72EBF074BAD
:20BB4000E06E197804F014FDFFF742B9012386F8743234E49C0100205B3600204F43002090
:20BB60002DE9F04182B00024DDF820C0019486462AB3146801270020451CA142E8B24FEA5A
:20BB8000C71804F1010616D91EF80450166005F07F0413B11E6801361E6005280BD0BCF8C8
:20BBA000006004FB0764ACF800402C065FFA88F702D51468E0E7002002B0BDE8F081144671
:20BBC00001AAD7E72DE9F04F87B000200490002B00F090801E4691F8B0340C461746002BE6
:20BBE00040F08C8091F8B134002B00F08E8094F8B634002B00F09A80B4F8B22494F8B10404
:20BC0000B2F5007F00F2AA8020F00F0300F0F001D4F8AC54501C854239D2302BDDF810B0E5
:20BC20004FF0010A4FF0000904F2BA4800F0AF80B4F8B804A6EB0B02C0F50075954228BF6D
:20BC4000154600F2BA402A4607EB0B0120440EF02FFDB4F8B834D4F8AC242B449BB2AB44C2
:20BC6000B3F5007F1544CDF810B0A4F8B834C4F8AC5400F0F080B4F8B2245E4502F10103FF
:20BC80007CD8AB4236D894F8B11401F0F00101F0D00304F2BA40902BC4F8BC0600F00181C3
:20BCA000402900F03C81402910D9902900F0258140F2EA80B0291AD1012384F8993204F20C
:20BCC000B44203212046FEF771FB10E0202900F0F78030290BD1B4F8B824C4F81007002330
:20BCE000A4F81427A4F81A372046FEF719FC012384F8B034002007B0BDE8F08F01464FF407
:20BD0000087204F595600EF0FBFC3A78D4F8AC3484F8B124012201339642C4F8AC340492B6
:20BD2000E8D094F8B634002B7FF466AF04F2B243009304AA04F2AC4331463846FFF710FF17
:20BD4000002800F00281B4F8B22494F8B1040123B2F5007F84F8B6347FF656AF00F0F0017A
:20BD6000302920F00F033FF453AFD4F8AC3401321E449642C4F8AC64BCD3B8E7AB4282D9B8
:20BD800094F8B13423F00F03302B7FF451AF94F8C536002B7FF44CAF94F8C436EBB9A4F859
:20BDA000C23617F80B300BF10102691C1B02B242A4F8C036C4F8AC1471D2BA5C84F8C4A65F
:20BDC00013430BF1020B0235402BA4F8C036CDF810B0C4F8AC543FF62BAFB4F8C456012D8C
:20BDE0007FF426AFB4F8C226B4F8C016A6EB0B008B1A834228BF034602F2CC6007EB0B0191
:20BE00009AB22044039302920EF052FCB4F8C2C6039BD4F8AC14029AB4F8C00663449BB29C
:20BE2000934483420A44CDF810B0C4F8AC24A4F8C2360DD1E21884F8C55682F8CC96B4F87C
:20BE4000B224023AD31A9BB2A4F81837A4F81A3784F816A7ECE6B4F81A27C4F81087A2F5DC
:20BE60000072A4F81437A4F81A272046FEF758FBC4F81087A4F8B89400287FF43BAFDDF849
:20BE800010B0D4F8AC54F6E6602902D0502B7FF42EAF002284212046FEF788FA27E7934689
:20BEA000C6E694F8BA6494F8BB54402945EA062504F2BC46A4F8B454C4F8BC663BD0F2E671
:20BEC000022A48D194F8BB54002D4DD12B4BE18A1B680093012384F8993204F1180023465F
:20BEE000274AC901FCF73AF90923294684F8603005AA2046FEF75AFAF9E6B4F8B424D4F8AD
:20BF0000BC36ADF81420012184F899121B788DF8163005AA02212046FEF748FAE7E694F8E7
:20BF2000BA1494F8BB3404F2BC4243EA0123A4F8B434C4F8BC26012384F8993204F2B442FA
:20BF400005212046FEF732FAD1E6024680212046FEF72CFACEE6204600228021FEF726FA21
:20BF60002046FEF769FAC2E6204604F2BB428221FEF71CFA2046FEF75FFAB8E68438002026
:20BF800059A500002DE9F8431578BDF820808DB30446164689464FF4ED6200211F460EF0A5
:20BFA000AFFBE66030460EF0BDFB0025012320826375A4F868306766C4F86C90A4F8A48227
:20BFC000A4F89C5284F8385029464FF4087204F595600EF095FB094B84F874521B7833B11E
:20BFE00007482146FEF734F80020BDE8F883FEF71DFBF5E78220BDE8F88300BF5636002014
:20C00000C814002070B5044690F8600084B004289DF8205031D804F17400E3820023C4F8B2
:20C020001C17A4F83027206784F89932C5B1237D6D4643F002030846237529460CF01EFAA2
:20C04000C0B195E80F000E4E04F5E46585E80F0031780C48224604F08BFA002004B070BDEA
:20C06000238A002BE3D06D46084629460CF006FA0028E6D1802004B070BD002004B070BD68
:20C080005A3600209C01002090F86030092B024600D07047034B044819780A2382F86030B6
:20C0A00004F066BA5B3600209C0100202DE9F843044690F860009DF824709DF828C00928A4
:20C0C00033D194F86A90B9F1000F29D1B4F8686084F89AC202369846B6B2012384F86A301F
:20C0E000C4F888221046A4F86860A4F886620D460EF018FB089BA4F88C02C4F89082C4F8E1
:20C10000943284F8987284F8999205B12E80094B09481978224604F02BFA4846BDE8F88363
:20C120004FF001094846BDE8F8834FF081094846BDE8F8835D3600209C01002010B541B16A
:20C14000012911D1104C23787BB9BDE81040FDF7E3B80E4A0E490F4804F0E2F80E4804F006
:20C1600045FA094B01221A7010BD084A0B49094804F0D6F80A4804F039FA00232370BDE825
:20C180001040FDF7C9B800BF62360020E0BC0100CCAD010080AD0100ECBC010078AD01004F
:20C1A00008BD010070B50A4C0A4D206084B0039104F052F92168084B039A4FF48074064664
:20C1C000009406482E70FFF7DDFE04B070BD00BFCC140020504300203DC10000D0140020B9
:20C1E00010B50C4C0C4A0D490D4882B004F098F8214640F25B720B4804F092F8012300937D
:20C200002146B42340F25B720748FFF7FBFE02B010BD00BF1CBD0100E0BC0100CCAD010074
:20C2200080AD010024BD0100D0140020034B1B7803B970470248FFF727BF00BF62360020F9
:20C24000D0140020014B1878704700BF623600200A4B1B7883B110B5044684B050B10EF072
:20C2600061FA00210090CDE90111054A05482346FFF71CFF04B010BD704700BF6236002025
:20C280004CBD0100D014002038B50D4B0D4D1C68002818BF05463CB1211D2846FDF7D0FEC8
:20C2A00028B92468002CF7D14FF0FF3038BD064A064B9068241AA01003FB00F038BD00BF91
:20C2C000681C0020A8BC0100AC010020ABAAAAAA2DE9F84F224CDFF89CA0DFF88C90214F9E
:20C2E0000546884604F1200B54F8043FBBB19E68AEB1A5B1D9F80820AA1A91100C3207FBB1
:20C3000001F10CD05A68D86802FB010038B11AF801201B6842FA03F3DB0700D5B0475C452F
:20C32000E2D1D5B1104B0F4A9B68EB1A9B1002FB03F30E490E480022CA5429460AF80320E9
:20C34000FDF7D2FEB8F1000F01D1BDE8F88F29460548BDE8F84FFDF7F1BF4FF0FF33E8E7D7
:20C36000341C0020ABAAAAAAAC010020581C0020681C0020401D002038B10368072B04D8C0
:20C380000C4A52F82330984210D00B4A1368072B0AD830B4074C03605D1C8160156044F867
:20C3A0002300012030BC70470020704781600120704700BF381C00203C1D0020F0B5164B54
:20C3C000164D9C68164E20B301B3C768D0F804C0C91B91FBFCF101EB4102013119D014EBAA
:20C3E000820314D054F82230A3EB040E4FEAAE0205FB02F20CFB02714BB11EF10C0F08D041
:20C4000021B1B35C02681341DB07DCD50B461846F0BD00231846F0BDAC010020ABAAAAAAEA
:20C42000401D0020124B1968F9B1124B9B68C91AD0B111F10C0F17D010B40F4B4468C2683B
:20C44000891003FB01F304FB032149B10B4C0268E35C1341DB0703D508465DF8044B70477D
:20C460005DF8044BFFF7AABF0021FFF7A7BF00BF681C0020AC010020ABAAAAAA401D0020E6
:20C4800010B504460846FFF7FFFE84B1431C02460DD06368E06803FB020038B1054B2168BE
:20C4A0009B5C0B4113F0010F08BF002010BD002010BD00BF401D00202DE9F84316460D4649
:20C4C000FFF7DEFF28B10024012006B13460BDE8F88304462846FFF7D7FE0130F3D114482C
:20C4E000FDF756FF0028EED1124B1D68F5B1DFF84C90DFF83C80104F06E02046291D05F058
:20C5000051FD04462D686DB1D8F80830EB1A9B1007FB03F319F80330002BF3D1002CECD104
:20C520002C1DEFE7201E18BF0120CEE72046CCE7AC010020681C0020ABAAAAAA581C00202A
:20C540002DE9F04182B060B32F4B0C46002908BF1C46214601AA0546FFF7AEFF08B3204610
:20C56000FFF792FE461C21D06A68EC6800FB0244002120460EF0C4F8EB686A68E31A93FB8A
:20C58000F2F35A1C06D021492D68C85C0122AA400243CA54204602B0BDE8F081B8F1000FF1
:20C5A0001DD10024204602B0BDE8F081184FDDF804803846FDF7A6FE06460028EED01548D6
:20C5C0003146FDF745FDBB682146301DF41AFDF731FD14F10C0F12D16A680024C8E7404679
:20C5E000FFF752FE411CDCD0BB6800EB400013EB8006D6D000213046FFF76AFEDFE7064B68
:20C60000A01003FB00F0AFE7A8BC0100401D0020AC010020681C0020ABAAAAAA18B319B353
:20C62000C3684268CB1A93FBF2F35A1C1CD070B40F4E0568F45C012202FA05F524EA0504FD
:20C64000F454C3684468CB1A93FBF4F3591C0DD0084C0068E15C02FA00F021EA0001E154E9
:20C66000104670BC70477047002070471046F8E7401D0020581C002098B199B1C268436845
:20C68000891A91FBF3F14B1C0CD010B4064A0368545C012000FA03F3234353545DF8044B53
:20C6A0007047704700207047581C0020A0B1A1B1C2684368891A91FBF3F14B1C0DD010B40E
:20C6C000074C0268635C012000FA02F223EA020363545DF8044B704770470020704700BF5E
:20C6E000581C002088B179B1C3684068C91A91FBF0F14B1C08D0054B986801EB410110EB68
:20C70000810002D00430704700207047AC01002070B50B4B1C685CB105460E46012D09D085
:20C720001DB963680BB1984718B92468002CF5D1002070BDA3683046002BF6D09847F3E7F6
:20C74000501D0020064B074A01211960D2F8503513F0FF03FAD1C2F8FC3F0120704700BF64
:20C760001010004000100040A1B1192810D8DFE800F00D770F0F6E65605B453F0F3A0F0FBC
:20C780000F36322E2A0F26221E1A17130020704701207047022070477D230B6000207047A7
:20C7A00000200860704710230B60002070470A230B600020704720230B60002070470323AB
:20C7C0000B600020704708230B6000207047D8230B60002070471A230B60002070470B23C0
:20C7E0000B6000207047244B1B780B6000207047224B93F900300B6000207047204B214A72
:20C80000012082B018601368002BFCD00020106012681D4B0192019AD3F8483503F07F037E
:20C820005B420B6002B07047184B5B790B6000207047164B5B780B6000207047134BDB78E7
:20C8400000200860002BA1D001230B6070470F4B1B7800200860002B98D004230B6070471D
:20C86000094B0B4AD3F80835A2FB03239B080A33DBB20B6000207047633600206436002022
:20C88000141000401C11004000100040C8010020CDCCCCCC0120704770B582B0FDF714FA2C
:20C8A000BFF35F8F1C4B1B78ABB11C4B1C4902224FF0FF34C1F80843C3F88021C3F8802065
:20C8C000BFF34F8FBFF36F8FBFF35F8F02B0BDE87040FDF7FDB9134903F0FF020A6009689C
:20C8E000114B019101991A601A680D490B4B00924FF0FF3502224FF44054009EC1F8085356
:20C90000C3F88021C1F804431A60BFF35F8F02B0BDE87040FDF7DCB9C801002000E100E067
:20C92000001000403011004034110040144BD3F8FC0F28B1D3F85035DBB2032B01D0002097
:20C940007047104B1B7803F0FF0073B10E4B1B78053B7A2BF3D80D4B1B68002BEFD10C4B63
:20C960001868B0FA80F040097047074A1378053B7A2BE5D892F8800080F00100704700BFAE
:20C9800000100040C8010020541D002030110040341100400D2801D001207047042A05D1E5
:20C9A00021B1034B1B680B600020704702207047D81D002070B51B4CD4F85055EDB2032DD8
:20C9C00082B028D0184B1948194AC4F804051949C3F8102501264FF00062C3F81415C3F888
:20C9E0000465C3F80425FFF757FFD4F8003243F01003C4F80032D4F80032022D43F40023E5
:20CA0000C4F8003209D00C4B0C4A002119601B680193019B166002B070BD094B1E6002B07C
:20CA200070BD00BF0010004000F00140541D0020381100404C800040581100400410004066
:20CA40000810004070B5304D304C314A00232B6084B02D680095009D236024680194019CFB
:20CA60001360146802942B4D029C42F8043C2C7852F8043C0393631F7A2B039A02D8023C01
:20CA8000A1420ADA8122002122480DF039FEFFF791FF0024204604B070BD2246691C0DF092
:20CAA00007FE2B191C4E5B781C4A3F2B9ABF9B00DBB2FF233370D2F84835194A03F07F03BB
:20CAC0005B425BB299B20420137003F08BF93178032003F087F9134B2A7813491A74D1F851
:20CAE0004C055860D1F8481599605200DA605D68084881220021023D1D600DF001FEFFF7FB
:20CB000059FF204604B070BD381100400C11004034110040541D0020633600200010004071
:20CB200064360020D81D00200080004010B5038804461BB340F2D332934224D1822901D081
:20CB4000012010BD124A1378053B7A2B16D8114B1B6813B992F8803083B10BF0E1FE03F047
:20CB6000D3F803F089F88021FFF76CFF002805DD80B203F07BF8084BDB68984740F2D33325
:20CB80002380012010BD00230380032010BD00BF541D002030110040ECB001007D2910B595
:20CBA0000C4609D801460A48A31C00F8013B22460DF07EFD002010BD064A0749074803F007
:20CBC000AFFB21467D22064803F0AAFB012010BDEC1D002060BD0100F8AE010080AD0100B5
:20CBE00070BD010070B4164B1649174C0F22C3F810258A780A3A02EB8202C3F8082508797F
:20CC0000CD798A794979120642EA0522024342EA0142C3F86C2640F2022600250B48C3F810
:20CC200034657F2140F20122C3F83845C3F83C55C3F81405C3F81815C3F8502670BC704712
:20CC400000100040C8010020211001000800000608B5084BD3F8FC2F1AB1FFF7ABFE0120CA
:20CC600008BD0122C3F8FC2FFFF7BCFFFFF7A2FE012008BD0010004030B585B0FFF7E8FF72
:20CC8000104A11491148124C0023136015680395039D0B600D680295029D03600368019366
:20CCA00001230198236001E00B6813B91368002BFAD0044A044B10681B68B0FA80F04009A9
:20CCC00005B030BD48110040441100404C1100402C10004010B5072867D8DFE800F01A2A3D
:20CCE000666648525A04364A3648C9B25171D0F8FC3F5BB11179D479937952791B0643EA2A
:20CD000004230B4343EA0243C0F86C360024204610BD01294FD000294AD12B4A294B0121E3
:20CD20001160D3F8504514F0FF04FAD1C3F8FC4FEDE7A1F10B030F2B3AD8214A214BC8B239
:20CD40009070D3F8FC2F002AE0D01F4A01201060D3F8504514F0FF04FAD10A3901EB810126
:20CD6000C3F8FC4FC3F80815FFF772FFCFE731F007041DD1124BC1F380011970FFF78CFD04
:20CD8000C5E731F0010413D10D4BC9B2D970204610BD0B4A0B4BC9B25170D3F8FC2F002A87
:20CDA000B4D0C3F80C150024B1E70124204610BD0224204610BDFFF74BFF0024A7E700BFF5
:20CDC000C8010020001000401010004010B57D2884B04BD82C4CFFF73BFFE378002B3FD1BB
:20CDE00063782A4A2A49DBB20120C2F80C350860D2F85035DBB2022BFAD12649264BC2F8F2
:20CE0000043500230B600868019001980B66086E029002988B648B6C0393039BD2F8003288
:20CE200023F01003C2F80032D2F80032012143F48023C2F80032116005F0AAFE6FF002038A
:20CE40001C1A05F0A5FEE042FBD4104AD2F85035DBB20B2BFAD0FFF7ADFD002004B010BD9C
:20CE6000FFF70AFF0028BBD10220F7E70B4A0C4904460C4803F054FA21460B4803F050FA7F
:20CE8000012004B010BD00BFC8010020001000400C1000400C110040EC1D002060BD0100F8
:20CEA000F8AE010080AD01008CBD010010B50C46FFF774FE2046BDE81040FFF787BF00BF7E
:20CEC00010B51A491A481B4A1B4C00230B6003704B6023708B6082B0CB600B741360136808
:20CEE00000934FF080430121009819601368002BFCD0002414601368019321460F48019BF7
:20CF000003F0B2FA214681220D480DF0F9FB0D4B0122C3F8FC2FFFF765FE0B4A1378DBB2FB
:20CF20001370FFF7B9FC204602B010BDD81D0020633600200001004064360020B80100203C
:20CF4000541D002000100040C8010020074A1378053B7A2B07D8064B1B6813B992F88000BD
:20CF60007047012070470020704700BF541D002030110040154B1B7803B1704700B503F074
:20CF8000FF02134B196883B029B9124B1A6882B903B05DF804FB1A601B6800930E480F4B3B
:20CFA000009A012283F8802003B05DF804EB03F00DBB19601B68019381220848019B0DF0CB
:20CFC0009FFB03B05DF804EBFFF7F4BCC80100203011004034110040B8010020541D0020C1
:20CFE00010B40346002253E8000F00EA020143E8001494F0000FF6D15DF8044B704700BF18
:20D0000010B568B90E4CA368012262703BB1D3E900230020A2609847A368002BF7D110BD39
:20D020000128FCD1064C2369A070002BF7D0D3E900230120226198472369002BF7D110BD6C
:20D040006C1E002010B50B4C237882B013B1852002B010BD08486360A3602361E36000F088
:20D06000B5F8019000F0BEF801980123237002B010BD00BF6C1E002001D0000038B5154D74
:20D08000AB78044673B110B14368012098470020F8F768FBEB680133EB600020BDE8384012
:20D0A000F8F768BB03F0FF00F8F75CFB64B12A6942B1944208D0134601E09C4204D01B686E
:20D0C000002BFAD122602C61EB68002BE2D100F09FF8DFE76C1E002038B5154D6B780446A7
:20D0E00073B110B14368002098470020F8F73AFB6B6801336B600020BDE83840F8F73ABB6A
:20D1000003F0FF00F8F72EFB64B1AA6842B1944208D0134601E09C4204D01B68002BFAD1D8
:20D120002260AC606B68002BE2D100F089F8DFE76C1E002038B50B4C0020F8F713FB6368A3
:20D14000013B6360656825B1BDE838400020F8F711BB00F087F865700020BDE83840F8F7C5
:20D1600009BB00BF6C1E002010B5074C23784BB9064B002808BF184600F044FB08B9012319
:20D18000237010BD852010BD65360020F8BD010000B583B0019000F069FB00F06FFB01988C
:20D1A00000F056FB00F05AFB002003B05DF804FB10B4034653E8000F00EA010243E800242F
:20D1C00094F0000FF6D15DF8044B7047044A137923B90121106091801846704785207047D0
:20D1E000801E0020084B1A68D20704D4C02283F8002301221A60054A4FF080410123C1F8A2
:20D2000018351370704700BF00E100E05143002010B4094B094A0021196083B01B68019304
:20D22000019C4FF0804102200123C1F80403136003B05DF8044B704704010040080000403D
:20D24000074B00221A6082B01B68019301994FF080430122C3F804231A6002B0704700BF54
:20D2600000010040074B01221A604FF08042D2F80C3403F00113B3F1011FF8D0024B002271
:20D280005A71704704000040801E002010B5174B1A6882B062B10021154A19601B685079D7
:20D2A00000934FF080410123009CC1F8083398B1104B1A68BAB100221A601B6801934FF0A4
:20D2C000804202210A4B0198C2F808131B68012002B0BDE810401847116853718847054BA0
:20D2E0001A68002AE7D102B010BD00BF00010040801E00200401004030B41F4C94F86A30D3
:20D3000082B0002B33D104F12F03204604F15F01FF2203F8012F8B42FBD14FF0FF322260F3
:20D320000123072B88BFE11803F1010340F8042F88BF81F858200C2BF3D11049104B0020ED
:20D34000C0228880606683F8062340221A600D4B0D4A18601B680193019D01214FF000431D
:20D3600084F86A10C2F8043302B030BC7047082002B030BC704700BF881E0020EC1E002045
:20D3800000E100E07C61004000600040034B93F86A00003818BF0120704700BF881E002060
:20D3A000F0B4454F3B1893F93030002B5DDA91F802C0CCF3400CBCF1000F0CBF0823002369
:20D3C00007EB8304A4F104040CBF0C26082602E001339E424CD954F8045F0135F8D13C18EF
:20D3E00047F8232084F83030BCF1000F4FD08A7854071AD4D5074ED41F284C7887BF2F4DDE
:20D4000000F01F0202464FF0A04502F5E072A40045F822402A4DC40800F0070C2E5D01220F
:20D4200002FA0CF232432A558A7812F0020222D09B0003F1804303F5C0430978D3F8104516
:20D4400024F44F3424F44074C3F8104502020904D3F8100501F4403102F47C520A430243A8
:20D46000C3F810250020F0BC70470820F0BC70470420F0BC7047083B1F44097897F86030E1
:20D4800043EA811387F860301046F0BC7047FA1882F85800ABE71F2887BF084A00F01F049B
:20D4A00004464FF0A04202EB8402D2F8004724F00204C2F80047ADE7881E002000030050B5
:20D4C000EC1E002070B4324C251883B095F93030072B22DD234493F858309B09032B46D08F
:20D4E000012B0CBF4FF400324FF440321F288ABF284B4FF0A04300F01F0003EB8000D0F8A1
:20D50000003723F44033C0F80037D0F800371A43C0F8002703B070BC7047DAB2072AF9D8FC
:20D52000980000F1804000F5C04003F140029200D0F8106592B202F1804202F5C04246F080
:20D540000106C0F810650020106012680192019A0029DFD095F9302054F82220002AD9D048
:20D560000D49012202FA03F3C1F80433D2E71F288ABF084A4FF0A04200F01F03D2F8102583
:20D5800098BF0346DA4002F0010202321204ADE7881E00200003005000600040194B03449A
:20D5A00093F93030072B13DD1F288ABF164B4FF0A04300F01F0003EB8000D0F8003723F4B7
:20D5C0004033C0F80037D0F80037C0F800377047DAB2072A14D810B49A0002F1804202F591
:20D5E000C0420A4CD2F81005012120F0010001FA03F3C2F81005C4F808335DF8044B7047AF
:20D60000704700BF881E002000030050006000402DE9F04F002289B0CDE90222164615469A
:20D62000704B714C7148012204E0043383424FEA420211D019680129F7D1D4F804131142AF
:20D64000F3D01D60196800910433834246EA020600994FEA4202EDD1654B1A68012A07D03C
:20D6600016F0FF0F17D1002E32DB09B0BDE8F08F00221A601B6801934FF0A042019BD2F85C
:20D6800010255C4B0292D3F81035039316F0FF0F1ED046F00046584F01250024A30003F16E
:20D6A00080432E4203F5C0434FEA45050BD0D3F8100557F82420D3F81015C0F30520C1F3EF
:20D6C000014102B190470134082CE7D1002ECCDA4FF0FF33494D0DF1100ACDE90633002259
:20D6E000CAF804200492A5F16408454C0027012614F9010B431C32D0C0F3C20E08AB03EB2F
:20D700000E0C00F007031CF8081C06FA03F31942C2B200F03F0022D008EB0009910999F9AF
:20D72000309058F82990B9F1000F4CD003294CD01F288BBFDFF8BCE04FF0A04E02F01F02BF
:20D7400002460EEB82021CF818ECD2F800C71EEA030FCCF3014C1BD1BCF1030F3CD0A54297
:20D76000C6D1002F81D04FF0A0430299D3F81035204A9942D2F8102503D1039991423FF40B
:20D7800074AFDDE90401CDE90232CDE90601ACE7BCF1020FE3D1032904D0B9F1000FDED088
:20D7A000C847DCE74FF4403CD2F8003723F44033C2F80037D2F8003701374CEA0303FFB236
:20D7C000C2F80037E9E70329C9D11AF80EB04BEA030B0AF80EB0ABE70329DED14FF4003C03
:20D7E000E2E700BF0061004000600040206100407C61004000030050881E0020EC1E00203F
:20D80000E81E0020104A1378DBB910B403780F494FF08044C3F34003C4F88035037803F0F7
:20D820000103C4F878350B68DB0704D4C02381F8003301230B600123137000205DF8044BC5
:20D8400070478520704700BF5243002000E100E0014B02681A607047FC1E00204FF080435D
:20D860004FF46072C3F80423704700BF4FF080434FF46072C3F80823704700BF014B00225A
:20D880001A607047FC1E002010B54FF0804386B0D3F80443620705D5D3F8082103F58473E8
:20D8A000002A4ED1A30603D52A4B1A68002A3FD1600603D5284B1A68002A2FD1210602D512
:20D8C000264B1A680ABBE20502D5254B1A6892B9A3050ED5234B1A685AB100221A601A68F1
:20D8E000214B0592059A1B68022006B0BDE81040184706B010BD00221A601B4A1B68049339
:20D9000001201368049A9847E2E700201860164A1B6803931368039A9847D4E700221A60C6
:20D92000124A1B68029301201368029A9847C5E7002018600D4A1B6801931368019A9847B5
:20D94000B6E700221A600A4A1B6800931368009A9847A7E714010040180100401C01004097
:20D960002001004024010040FC1E0020F81E0020F41E002008B5FFF787FFBDE80840FFF723
:20D9800085BC00BF074B0849084A0020186082B01B680193019BD1F808051368C0B202B0A0
:20D9A000184700BF00D1004000D00040001F002070B443791E4C1F4E03EB430546F823207B
:20D9C000655D8DBB90F904308A78002B24DB03F1604303F561435201D2B283F8002390F923
:20D9E0000430002B07DB144D03F01F0601225B09B24045F8232003680A88C3F808254379D3
:20DA00000879C97803EB4303E218012550709170E554002070BC7047084D03F00F03520146
:20DA20001D44D2B22A76DAE7082070BC704700BF041F0020081F002000E100E0FCEC00E0C3
:20DA40000368044A01211960437903EB43030221D1547047041F002010B403680022C3F834
:20DA6000002183B0D3F80031026801930123019CC2F8443311B10268C2F8043303B05DF841
:20DA8000044B70472DE9F041274F284EDFF8A08084B000244FF48035D7F804332B4211D0B2
:20DAA00056F824200023E0B262B1C7F84853C7F8085346F8243056F824300393D8F80030CE
:20DAC000039A98470134032C4FEA4505E4D1164BD3F80423D10702D5D3F80021C2B9124B68
:20DAE000D3F80423920710D5D3F804216AB10022C3F80421D3F804210D4B0192019A1B68B0
:20DB0000052004B0BDE8F041184704B0BDE8F0810022C3F80021064AD3F80031029304202A
:20DB20001368029A9847DAE700B0004040B10040081F0020084B09491B68094AA1FB031399
:20DB40009B0C916800FB03F09368CB1A23F07F438342F9D3704700BF9802002083DE1B4302
:20DB600010E000E030B44C689C4208D2002545600968016093420CD0002030BC70474360D2
:20DB80000D6805600868E41A18449342C1E90004F2D1201E18BF012030BC704710B4D1E944
:20DBA00000439A4228BF1A46C0E90042D1E90030801A1344C1E90030003818BF01205DF8DA
:20DBC000044B70474B689A4228BF1A4662B10B68C0E90032D1E90030801A1344C1E9003053
:20DBE000101E18BF012070471346F1E710B5094B09491A68094C82B0002301208DF80400D6
:20DC00008DF80730ADF8053001A823700B70904702B010BD34200020693600206636002072
:20DC2000704700BF00B583B00D4B0E4900228DF80420D3F82025ADF80620D3F8C0040A4A4E
:20DC40000968136800280CBF4FF480704FF00120034301A81360884703B05DF804FB00BF5B
:20DC60000070024034200020101F0020F8B54B680B4F934228BF13461D460C4606461A46FF
:20DC8000096838460CF014FDC6E90075D4E90030401B2B44C4E90030003818BF0120F8BDEB
:20DCA0003C20002070B54B68934228BF13460D461C4606465BB933607460D5E90032121B62
:20DCC0002344C5E90032201E18BF012070BD044B0968184622460CF0EBFC3060ECE700BF0F
:20DCE0003C20002010B5274BD3F80044C3F8004482B0BFF36F8FBFF34F8FBFF36F8FBFF38F
:20DD00004F8FE1050ED5204B20491A68022000238DF80730ADF805308DF80400012301A8D5
:20DD20000B709047A2050DD5174B18491A68032000238DF804008DF80730ADF8053001A8B5
:20DD40000B70904763051AD5104B1A78BAB10D4C0F48012100221A70C4F808150160BFF358
:20DD60006F8FBFF34F8F084BADF8052004211B688DF807208DF804100DEB0100984702B081
:20DD800010BD00BF0070024034200020663600205870024070B5394A0126136806FA01F4CC
:20DDA00023431360030682B0054610D4344B1B681C420AD1334B8DF8060006221B688DF8AC
:20DDC00007608DF8042001A8984702B070BD2E4B00F00F0133F8113003F1804303F51C33E9
:20DDE0001A68DAB100221A60BFF36F8FBFF34F8F264B80281B6822D0082B08BF244B2548D6
:20DE000008BF1A60244B03EB01120026927B0670032A4FEA011029D01B583BB3184B1968F3
:20DE20002140D2D1174B8DF8065006221B688DF807108DF8042001A8984702B070BD082B17
:20DE400008BF134B134908BF1A60144B93F89E200020032A087003D0D3F89030002BDDD15C
:20DE60006FF001010648FFF7A3F9D7E7012303FA01F1C9430248FFF79BF9CFE7101F0020AB
:20DE80000C1F00203420002008BE0100300100101C7C024067360020A41F0020141F0020EE
:20DEA000064B93F900201878002AB4BF0021102100F00F031944FFF76DBF00BF69360020E7
:20DEC0002DE9F04FDFF8F4A2DFF8F882DAF80040D8F80030234089B000F0C68013F0012423
:20DEE00000F0C58094FAA4F4002C00F0C580B4FA84F70F2F3D461BD8DFF8CCA24FEA071BE9
:20DF00000AEB07165AF80B30B289716806A8984767F07F09012302974FFA89F903FA07F75F
:20DF200008B94AF80B006FEA070B05F008072CE0A7F11003974A4FF0010BDDB20BFA07FBEB
:20DF40004FFA83F913F008032C4602EB05166FEA0B0B019340F0988003950022019205F5E2
:20DF600094738D4A52F82330B28971683768029306A8B847069A22B1079A029B934200F2B9
:20DF8000DB80019F029400B93060844B1B68082B02D1834B82221A60D8F80020B3680799B8
:20DFA00002EA0B020B44C8F800207E4AB360B9F1000F4FF001031370069A73DB002F00F0D2
:20DFC0008580754BC3F8A027C3F8A417734B1B68082B4FEA850540F08A80734B1B68002BA7
:20DFE00040F08580B9F1000FB4BF042328231D446E4A6F49029B6F4EDFF8D081EDB2B4BFE9
:20E000009146894605F1804509EB430905F51C35002701243760BFF36F8FBFF34F8F2C6065
:20E02000BFF36F8FBFF34F8F0220FFF783FD3368002BEFD01E20FFF77DFDD8F800309A0635
:20E0400006D40220FFF776FDD8F800309B06F8D50120FFF76FFDB9F8003003F1804303F5DA
:20E060001C331B68002BD4D009B0BDE8F08F93FAA3F4002C7FF43BAF1023464E0393994639
:20E080004FF0FF3B254668E7434BD3F8C034D9037DD5B28971683468019F029506A800231A
:20E0A000A04770E7002F61D105EB85039B0003F1804303F51C33AD00C3F80026C3F804164D
:20E0C000364B1B68082B5CD0042311E005EB85039B0003F1804303F51C33AD00C3F8002725
:20E0E000C3F804172D4B1B68082B3FF476AF28232B44DBB203F1804303F51C3301221A60E2
:20E10000BFF36F8FBFF34F8F284B294A2A4913EA290938BF9146029B39F8132002F18042B3
:20E1200002F51C3202E00B68002B9DD11368002BF9D009B0BDE8F08F02245946B4731F480D
:20E14000FFF736F81E4B03991B688DF8174006228DF816108DF8142005A89847DAF800301D
:20E16000D8F8004023407FF4B9AE7DE70A4BC3F8A026C3F8A416094B1B68082B4FEA8505D6
:20E18000A2D1094B1B68002B3FF42CAF9CE70395EAE600BF141F002000700240300100100C
:20E1A0001C7C0240673600203401001008BE010028BE010004710240007102400C1F002020
:20E1C00034200020101F0020A41F00207474024038B5214BD3F86C44C3F86C44BFF36F8F80
:20E1E000BFF34F8F1D4B1B68082B28D09CB1012594FAA4F3B3FA83F21146D3B10F2AA2F118
:20E20000100005FA02F30DDDC0B224EA0304FFF7C1FD002CECD1124B1B787BB9BDE83840AB
:20E22000FFF74EBE05FA02F224EA020441F08000EDE720211020FFF7ADFDD9E738BD094B36
:20E240001B68002BD2D1084A136803F0011123F0011311601C43C9E7007002403001001001
:20E2600067360020340100103820002010B5184B1B68082B82B002D1164B00221A60164BE3
:20E28000164C93F87E200021032A217005D01B6F6BB1FFF715FE02B010BD11486FF4000154
:20E2A000FEF786FF2378002BF3D002B010BD6FF400010B48FEF77CFF0A4B062107221B688D
:20E2C0008DF80410ADF8062001A89847EAE700BF300100101C7C0240141F00206736002097
:20E2E0000C1F002034200020134B1B68082B02D1124B00221A60124B124993F88E2000206E
:20E30000032A087002D0D3F8803003B1704700B56FF0807183B00C48FEF74AFF0B4B062159
:20E3200008221B688DF80410ADF8062001A8984703B05DF804FB00BF300100101C7C024063
:20E34000141F0020673600200C1F00203420002000B5184B1B68082B83B002D1164B002297
:20E360001A60164B164993F81E210020032A087005D0D3F8103153B103B05DF804FB6FF485
:20E3800080711048FEF714FF03B05DF804FB6FF480710C48FEF70CFF0B4B062188221B68D3
:20E3A0008DF80410ADF8062001A8984703B05DF804FB00BF300100101C7C0240141F00203D
:20E3C000673600200C1F0020342000200B4B1B68082B02D10A4B00221A600A4B0A4993F8BE
:20E3E0009E200020032A087003D0D3F8903003B1704706486FF00101FEF7DABE3001001054
:20E400001C7C0240141F0020673600200C1F00200B4B1B68082B02D10A4B00221A600A4BA2
:20E420000A4993F80E210020032A087003D0D3F8003103B1704706486FF08001FEF7B8BE37
:20E44000300100101C7C0240141F0020673600200C1F00200B4B1B68082B02D10A4B0022F0
:20E460001A600A4B0A4993F8EE200020032A087003D0D3F8E03003B1704706486FF0200135
:20E48000FEF796BE300100101C7C0240141F0020673600200C1F00200B4B1B68082B02D1DE
:20E4A0000A4B00221A600A4B0A4993F8FE200020032A087003D0D3F8F03003B170470648DE
:20E4C0006FF04001FEF774BE300100101C7C0240141F0020673600200C1F00200B4B1B6826
:20E4E000082B02D10A4B00221A600A4B0A4993F8AE200020032A087003D0D3F8A03003B13D
:20E50000704706486FF00201FEF752BE300100101C7C0240141F0020673600200C1F002019
:20E520000B4B1B68082B02D10A4B00221A600A4B0A4993F8BE200020032A087003D0D3F897
:20E54000B03003B1704706486FF00401FEF730BE300100101C7C0240141F002067360020B0
:20E560000C1F00200B4B1B68082B02D10A4B00221A600A4B0A4993F8CE200020032A08709A
:20E5800003D0D3F8C03003B1704706486FF00801FEF70EBE300100101C7C0240141F00209D
:20E5A000673600200C1F00200B4B1B68082B02D10A4B00221A600A4B0A4993F8DE20002032
:20E5C000032A087003D0D3F8D03003B1704706486FF01001FEF7ECBD300100101C7C024016
:20E5E000141F0020673600200C1F002010B5184B1B68082B82B002D1164B00221A60164B7F
:20E60000164C93F82E200021032A217005D01B6A6BB1FFF755FC02B010BD11486FF4802147
:20E62000FEF7C6FD2378002BF3D002B010BD6FF480210B48FEF7BCFD0A4B062102221B68F2
:20E640008DF80410ADF8062001A89847EAE700BF300100101C7C0240141F00206736002013
:20E660000C1F00203420002010B5184B1B68082B82B002D1164B00221A60164B164C93F8AD
:20E680003E200021032A217005D01B6B6BB1FFF717FC02B010BD11486FF40021FEF788FDE7
:20E6A0002378002BF3D002B010BD6FF400210B48FEF77EFD0A4B062103221B688DF804104E
:20E6C000ADF8062001A89847EAE700BF300100101C7C0240141F0020673600200C1F0020E1
:20E6E0003420002010B5174B1B68082B82B002D1154B00221A60154B154C9A7F0021032AA0
:20E70000217005D01B696BB1FFF7DAFB02B010BD10486FF40031FEF74BFD2378002BF3D0F7
:20E7200002B010BD6FF400310A48FEF741FD0A4B062101221B688DF80410ADF8062001A812
:20E740009847EAE7300100101C7C0240141F0020673600200C1F00203420002010B5184BF7
:20E760001B68082B82B002D1164B00221A60164B164C93F84E200021032A217005D01B6CEA
:20E780006BB1FFF79DFB02B010BD11486FF48011FEF70EFD2378002BF3D002B010BD6FF498
:20E7A00080110B48FEF704FD0A4B042206211B688DF80410ADF806200DEB02009847E9E74D
:20E7C000300100101C7C0240141F0020673600200C1F00203420002010B5184B1B68082B71
:20E7E00082B002D1164B00221A60164B164C93F85E200021032A217005D01B6D6BB1FFF7FD
:20E800005FFB02B010BD11486FF40011FEF7D0FC2378002BF3D002B010BD6FF400110B48C2
:20E82000FEF7C6FC0A4B062105221B688DF80410ADF8062001A89847EAE700BF300100103E
:20E840001C7C0240141F0020673600200C1F00203420002010B5174B1B68082B82B002D12D
:20E86000154B00221A60154B154C93F86E200021032A217005D01B6E6BB1FFF721FB02B0A5
:20E8800010BD10486FF48001FEF792FC2378002BF3D002B010BD6FF480010A48FEF788FC35
:20E8A000094A062312688DF80430ADF8063001A89047EBE7300100101C7C0240141F00200E
:20E8C000673600200C1F0020342000201D490B78002B34D130B41C4C1C4A206001240C70D0
:20E8E0001046194640251C4607E011F0080F00F1100014BF4FF4007540250131C9B20929CD
:20E90000A0F89C5080F89E40C0F89040C0F89840EBD14020002107E013F0080F02F11002C2
:20E9200014BF4FF4007040200133DBB2092B9081917311609160EFD1002030BC70470820DA
:20E94000704700BF6836002034200020141F00200249034A00230B601370704734200020E8
:20E960006836002038B5604B4FF40062C3F80024BFF36F8FBFF34F8F5C4B1B68082B62D0EE
:20E980000D2B11D10020F6F7EDFE594B1A68002A00F08780574B03221A600020F6F7EAFEE8
:20E9A000524B1B68082B52D04F4A0123C2F80035BFF36F8FBFF34F8FD2F800341B05FBD508
:20E9C0004FF40063C2F80034BFF36F8FBFF34F8F464B1B68082B48D0434A474D47484349C8
:20E9E0008024C2F81C45002340F2FF14C2F830352B6004600A68424D424C4349082A08BFCE
:20EA0000424A4FF0020008BF13600023374A2B70237008701368082B10D00D2B12D10020DC
:20EA2000F6F7A0FE324B1A68002A42D0314B00221A60BDE838400020F6F79CBE344B1B6872
:20EA4000002BECD138BD324B1B68002B9AD10020F6F788FE264B1A68002A3CD02D4BC0222D
:20EA60001A600020F6F786FE9EE70020F6F77AFE1F4B1A6842B3274B00221A600020F6F785
:20EA800079FE1A4B1B68082BA6D12349234B40F2E370402208601A60BFF36F8FBFF34F8F8A
:20EAA0009AE7144949F2753203201A6008601A6073E7104849F27531196002601960BDE88B
:20EAC00038400020F6F756BE124849F27531196002601960D2E70F4949F27532C0201A60C1
:20EAE00008601A60BDE700BF007002403001001000EC064014ED06400C1F0020101F0020CB
:20EB00006736002069360020683600201C7C02403401001014EC06400078024004780240DE
:20EB2000114B00221A7028B9104B1B68082B13D00F4900E00F49104B104AC3F80413C02100
:20EB400082F82713802151600122C3F80425BFF36F8FBFF34F8F7047094B06491A68044B3D
:20EB6000002A18BF1946E6E766360020300100100714C0010714E0010070024000E100E020
:20EB800034010010024B1878003818BF0120704768360020034B1878012894BF0020012013
:20EBA000704700BF6836002010B50020F6F7DAFD144B1B7803F0FF0453B1134AD2F82C3504
:20EBC0005BB1124B1B680021082BC2F82C150AD00020F6F7CFFD204610BD1C460020F6F7A5
:20EBE000C9FD204610BD0A4B1A683AB9094949F27532C0201A6008601A60E9E7054BC022E0
:20EC00001A60E5E766360020007002403001001000EC064014EC0640024B034AC3F8082307
:20EC2000704700BF0070024004148001024B034AC3F80423704700BF0070024004148001D6
:20EC4000014B00221A70704766360020064B10F0800FA3F1900200F00F0008BF134603EB36
:20EC600000139889704700BFA41F0020064A010600F00F034CBFD2F81005D2F81405D840C9
:20EC800000F00100704700BF007002402DE9F0414FFA80F8B8F1000F00F00F0504464FF00E
:20ECA0000000B4BF074610270E46F6F75BFD55B9324B1B78A34206D010240020F6F75AFD53
:20ECC0002046BDE8F0812E4BDFF8DCC01C68DCF80030E4432F440122A4B202FA07F71C43D8
:20ECE0003C4025D1B8F1000F29DB264A2649DFF8BC80280105EB450E42F8008001EB8E0E46
:20ED000002EB051896E80700204D1F43802600238EE80700C8E901E3CCF8007088F80E30C8
:20ED20000020C5F80461F6F725FD2046BDE8F08111240020F6F71EFD2046BDE8F081326893
:20ED40001349144802F0604205EB450EB2F1005F01EB051800EB8E0E4FEA051506D0B2684F
:20ED6000D20754BF0C4A0D4A4A51CBE7B268D00754BF0B4A0B4A4A51C4E700BF693600203B
:20ED8000101F0020141F0020EC37002000E100E0A41F0020803700206DDC0000A5DC000049
:20EDA0009DDB0000C5DB00000C1F002065DB00002DE9F04147B2002F00F00F0504464FF0B4
:20EDC0000000B4BF80464FF010080E46F6F7CAFC55B91F4B1B78A34206D010240020F6F795
:20EDE000C9FC2046BDE8F0811A4B1B491C680A68E443A8440123A4B203FA08F314431C40DB
:20EE00001FD11648DFF858E0A0F1900C10EA270738BF674607EB051C2D01CCF808403068B7
:20EE2000785113430B607268CCF8042080238CF80E400020CEF80431F6F79CFC2046BDE866
:20EE4000F08111240020F6F795FC2046BDE8F08169360020101F00200C1F0020A41F0020B6
:20EE600000E100E0004870473C200020044B40F48070C3F81805BFF36F8FBFF34F8F704714
:20EE800000700240010718D4020600F00F0309D40B4A9B001A445068A0F10100B0FA80F033
:20EEA00040097047074A03F5847352F82300A0F10100B0FA80F0400970470020704700BF63
:20EEC0004074024000700240064BC3F80C05BFF34F8F40F48070C3F80C05BFF36F8FBFF38B
:20EEE0004F8F7047007002400F4B002202604260D3F880240270D3F884244270D3F88824CE
:20EF0000D3F88C1442EA01224280D3F89024D3F8941442EA01228280D3F89824D3F89C3410
:20EF200042EA0323C380704700700240104B1B68082B07D00F4B01221A60BFF36F8FBFF392
:20EF40004F8F70470C4B1B68002BF3D1EFF3108172B6084B01221A60BFF36F8FBFF34F8F88
:20EF60001A60BFF36F8FBFF34F8F81F310887047300100104C7002403401001010B5164B6A
:20EF80001B68082B82B002D1144B00221A60144B14499A7B0020032A087015D01C681CB1EF
:20EFA000FFF7C4FF02B010BD6FF480310E48FEF7FFF80E4BADF8064006221B688DF804202B
:20EFC00001A8984702B010BD6FF480310648FEF7EFF802B010BD00BF300100101C7C024093
:20EFE000141F0020673600200C1F002034200020034B01221A60BFF36F8FBFF34F8F704760
:20F0000050700240034B01221A60BFF36F8FBFF34F8F704754700240014B1878704700BFB4
:20F020006936002070B5264B1B68082B044622D00020F6F797FB14F0800F224814BF0022F8
:20F04000102204F00F050368A91801228A4023EA020314F00804036008D11B4B05F5947596
:20F0600043F82540BFF36F8FBFF34F8FBDE870400020F6F77FBB154B1D68002DD8D12846EB
:20F08000F6F770FB14F0800F0E48114E114904F00F0414BF002210222244012303FA02F2CD
:20F0A000036823EA0203036040F2C57303EB440434600D6028460B68BDE87040F6F75ABB97
:20F0C00030010010101F0020007002403401001000780240047802402DE9F04F5C4C5D4E89
:20F0E000DFF87C81236896F90010D8F800205A4896F80090D0F88054DB439BB2002983B0FF
:20F1000043EA020324DB09F00F0A0AF11002012797403B4248D1514F0DF1040805F08005E6
:20F120006FF001114E483570FEF742F8236839680022052543F0010340468DF80720ADF86E
:20F1400005208DF804502360884703B0BDE8F08F09F00F074FF0010A0AFA07FA13EA0A0F14
:20F16000D9D00020F6F7FEFA19F0080F10D1B9F1800F5ED03B493C4A07F2DA335B000B60A3
:20F1800013681168DBB243F002030B43136013682368D8F8002062EA030111EA0A0F24D1A6
:20F1A0002E4F0DF104081CE00020F6F7DBFAD8F800302E4937EA030001EB0A1B4FEA0A1AE1
:20F1C00033D1226841F80A0023EA070322EA0707C8F8003027600323204F8BF80E300DF162
:20F1E00004080020F6F7C6FA98E721498DF806904FEA071C01EB071022EA0A02174FC8F895
:20F2000000204FF0000E41F80CE0032206210DF1040843EA0A0382738DF807208DF8041092
:20F220003A68236040469047DBE74846FFF7FAFED1E70C4B0C4A40F2B471196013681168E5
:20F24000DBB243F004030B4313601368A0E700BF101F002069360020007002403420002031
:20F260000C1F00200078024004780240141F0020A41F00202DE9F0417C4BD3F80453002D38
:20F2800000F0E0800024DFF804E2A44629460127774A91FAA1F3B3FA83F08600324483B38A
:20F2A000166807FA00F321EA030136B1C2F800C0BFF36F8FBFF34F8F1C430029E8D16D4B33
:20F2C0001B68082B29D06C4F04F4000534F4000410D0DFF8BC81012694FAA4F3B3FA83F239
:20F2E00006FA02F19BB124EA010458F822309847002CF1D13B780BB9FEF7E2FD4DB9BDE857
:20F30000F081DEF80020002AC2D07246CEE79847E2E7BDE8F041FFF7DFBE584B564F1B6881
:20F32000002BD1D13B78002B7ED1A00240F18380534A544BDFF848E1DFF848C140F2A97195
:20F34000116019684E4A11F0FF0118BF1B6840F2AA7018BF19404B4B10601A68494812F031
:20F36000FF021CBF1B681A40454B40F2AB761E60036813F0FF031CBF0068034040F2AC702F
:20F38000CEF80000DCF8000001403F480AD0066840F2A9780E430660CEF80080CCF800109F
:20F3A000DCF80010DFF8D8C0364E40F2AD71CCF8001031680A4009D0016840F2AA7E41EAA8
:20F3C00002410160CCF800E0326032682C492D4A40F2AE760E60126813400ED0D90748BF77
:20F3E00044F400042649DA06264A40F2AB760E601360136848BF44F00104036833F0011282
:20F400001CBF05F080710C4313F0011F3FF45CAF6B0544BF026044F4806455E7174B1C6868
:20F42000ECB9154F3B7833B104F4000534F400047FF44FAF62E704F4000534F400047FF4AD
:20F4400048AF59E70B4B1B68082BE7D00A4B1B78002B7FF454AFBDE8F041FEF731BD064B1F
:20F460001B78002B3FF448AF49E700BF00700240007102403001001067360020340100100D
:20F48000007802400478024038200020807102403CBE010070B5044640B2002833DB254B47
:20F4A000254A04F00F05595D012303FA01F1C2F80413D2F81415E940C90723D4D2F8141565
:20F4C000AB400B43C2F81435BFF36F8FBFF34F8FC5B1002816DB14F0080613D13046F6F7C8
:20F4E00041F92046FFF79EFD144910350B68012202FA05F523EA05030B603046BDE8704062
:20F50000F6F738B970BD0E4B0B4A04F00F05595D012303FA01F1C2F80413D2F81015E94078
:20F52000CE07EFD4D2F81015AB400B43C2F81035CAE700BF1CBE0100007002400C1F0020C4
:20F54000FCBD0100020610B5044609D4030707D4094A00F00F039B001A445368012B07D00C
:20F56000064BC3F81845BFF36F8FBFF34F8F10BDFFF758FDF4E700BF407402400070024088
:20F580002DE9F04F5C4D5D4E2B6832684FEA134A4FEA0A4A5AEA020A83B01BD0584FDFF886
:20F5A00070819AFAAAF4002C00F08180B4FA84FBBBF10F0F30DDABF11003DCB213F0080FB0
:20F5C0004FF0010303FA0BFB2AEA0B0A08D0BAF1000FE6D140F2FF132B6003B0BDE8F08FCD
:20F5E00007EB04190020F6F7BDF833683BEA03006CD12A68C9F8000023EA0B0322EA0B02B3
:20F6000033602A60032389F80E300020F6F7B2F8BAF1000FC5D1DDE71BF008004CD14BF0B2
:20F620008009F6F79FF8B9F1800F0BF00F0351D0344803F2DA3149000160D8F80010D8F880
:20F640000000C9B241F002010143C8F80010D8F80010D5F800C03068012460EA0C0E04FA5B
:20F6600003F11EEA010F1DD0274A8DF8069020EA01004FEA031E306002EB03132248002281
:20F680004CEA01014FF0030C40F80E2083F80EC01E4B8DF807C006221B688DF8042001A883
:20F6A0002960984704FA0BFB2AEA0B0AADE7B9464FF4803B102495E7012303FA0BFB2AEA39
:20F6C0000B0ABAF1000F7FF46CAF83E72046FFF7A9FC97E70B4940F2B4700860D8F80010F2
:20F6E000D8F80000C9B241F004010143C8F80010D8F80010ADE700BF101F00200C1F0020A8
:20F70000141F002000780240A41F0020342000200478024008B5FFF733FF0A4B0022C3F8B0
:20F720000425BFF36F8FBFF34F8F074A8021C2F88410BFF34F8FBFF36F8F4FF0FF32C3F8B5
:20F74000082308BD0070024000E100E0044B8022C3F884215B681B0600D47047FFF7DABFF7
:20F7600000E100E008B5114B8022C3F884215B681B0618D40E4B0022D3F80413C3F80813AA
:20F78000C3F80025BFF36F8FBFF34F8F094B0A491B68082B04BF094B1A60094B00200122C4
:20F7A00008701A7008BDFFF7B5FFE3E700E100E00070024030010010673600201C7C0240C3
:20F7C0006836002010B50020F5F7CCFF104B1B782BB900240020F5F7CDFF204610BD03F0DB
:20F7E000FF04FFF7CDFE0B4AD2F8003413F40073EFD10121C2F82C15D2F80014890544BF2C
:20F800001C46C2F82C350020F5F7B4FF204610BD6636002000700240F0B5044683B00020C9
:20F82000F5F7A0FF22061ED4364E3748326804F00F0101F110050123AB400F0100EB01155B
:20F8400033EA02014CD1314CC151216822EA030221EA0303326023600323AB730020F5F7CC
:20F8600089FF03B0F0BD230704F00F020FD4802C3AD02748274902F2DA335B0003600B68C7
:20F880000868DBB243F0020303430B600B681F4D1C4E29683068012360EA010793401F4266
:20F8A000DCD01D4F8DF806404FEA021C20EA030007EB02123060194C002047F80C000B434D
:20F8C0000620032191738DF8071022688DF8040001A82B6090470020F5F74CFF03B0F0BD69
:20F8E0002046FFF79FFBB7E7094B0A4940F2B47018600B680868DBB243F0040303430B60A4
:20F900000B68C4E70C1F0020141F0020101F00200078024004780240A41F0020342000200D
:20F920002DE9F04146B282B004460020F5F71AFF002E3CDB4C484D49026804F00F0707F10C
:20F9400010050123AB4033EA020C3D464FEA071E01EB071876D1464C41F80EC0216822EAF7
:20F96000030221EA030302602360032388F80E300020F5F7FFFE3F490122D1F81435BA40E8
:20F9800023EA0203C1F81435BFF36F8FBFF34F8F394B3A4A374912EA260238BF1A460123EC
:20F9A000525D9340C1F8083302B0BDE8F08104F00F0C230765460FD4802C47D03049314A8B
:20F9C0000CF2DA335B000B6013681168DBB243F002030B4313601368DFF894E02248DEF8D6
:20F9E00000200168012361EA020703FA0CF31F4226D0254F8DF806404FEA0C1821EA030108
:20FA0000224C016007EB0C1C002147F80810062003211A438CF80E108DF807108DF8040017
:20FA20002168CEF8002001A8DC4388470020F5F7A1FE104AD2F810352340C2F81035A3E7C0
:20FA4000DC43F3E72046FFF7EDFA8EE70C4B0D4A40F2B471196013681168DBB243F00403BC
:20FA60000B4313601368B7E70C1F0020141F0020101F0020007002401CBE0100FCBD010078
:20FA80000078024004780240A41F00203420002010B5074C236882B03BB1064B1B68984723
:20FAA0000023236023680193019B02B010BD00BF000101407C20002070B5114B114A1D7838
:20FAC0001160DDB9104E027801211970C6F80C25416804464FF47A720023C803490C0AF04E
:20FAE0005DFCC6F80405237A084A5B01DBB282F810334FF480331360284670BD082070BDF8
:20FB00006B3600207C2000200000014000E100E0044B054901220220C3F804231A600870B0
:20FB2000704700BF000001406B36002010B504460020F5F717FE0E4A1378072B11D80D49C9
:20FB40002370581C1070D1F80805012202FA03F30343C1F8083500240020F5F70BFE204658
:20FB600010BD04240020F5F705FE204610BD00BF6A36002000000140034B044A00F5C070CD
:20FB800043F82020704700BF000001403546526E2DE9F0410E4A0F4B16781F88F419802C11
:20FBA00003DD00242046BDE8F081DFF830803246414605460AF07CFD074B1B7833443A46A5
:20FBC000A81958FA83F10AF073FD2046BDE8F0816C360020383600203A3600208020002018
:20FBE00070B4134B134D144A2C781B781288234452FA83F39BB21A18802A15DC013B1BB2A8
:20FC0000002B0CDB0D4A591C1E1811443244013B11F8016D02F801691BB25E1CF7D120447B
:20FC20002870012070BC7047002070BC704700BF3A3600206C3600203836002080200020C6
:20FC4000084A138883420BDB10B407490C8880B21B1A20440880138001205DF8044B704702
:20FC600000207047383600203A360020014B1880704700BF38360020044A054B12781B78EC
:20FC80000448134450FA83F0704700BF3A3600206C360020802000200048704780200020BD
:20FCA000014B1888704700BF383600200549064A064B127808781B88104453FA80F080B275
:20FCC000704700BF6C3600203A3600203836002010B50A4B0A4C0B49002220461A605A604E
:20FCE0009A60DA601A615A61FAF7A4F904F108000449BDE81040FAF79DB900BF6838002007
:20FD000058380020A8BC010004480549054A002303800B801370FFF7DBBF00BF3A36002052
:20FD2000383600206C36002070B5802982B00B4A0B4D0C4E01900C464FF0000328BF8024BC
:20FD4000137033802B80FFF7C3FF0199064822460AF0AEFC20462C8002B070BD6C36002063
:20FD6000383600203A36002080200020F0B40C4B0C4A1C685D689F68DE68C660046045608F
:20FD800087601C695D694561046154689068D36812680A604C608860F0BCCB60704700BF72
:20FDA000683800205838002070B40C4B026844688568C668DE601A605C609D60026944699E
:20FDC0005C611A61064B0C6848688A68C968D9601C6058609A6070BC704700BF683800208A
:20FDE00058380020014B23F81010704768380020014B33F81000704768380020024B0C38C6
:20FE000003EBC000FAF716B958380020024B0C3803EBC000704700BF5838002001490248CB
:20FE2000FAF70EB9A8BC01006038002008B5F9F743FFBDE80840F9F7C3BF00BF08B5F5F737
:20FE4000A7FD002000F050FC05F0CAFE02F0C4FF08F0ACFC02F0C0FF08F012FC4FF08052C8
:20FE6000064BD2F8A800D2F8A4205A604CF6F4613622D87019809A7008BD00BF743700204E
:20FE80000148002100F0F0BA6402002010B5F9F71BFF0446BFF35F8F00F060FB00B930BF2C
:20FEA000BFF35F8F2046BDE81040F9F711BF00BF08B5074A0749084800F032FA074800F0BF
:20FEC00095FBF5F711FEBDE8084080B200F00CBCA0BE0100CCAD010080AD0100A8BE010052
:20FEE00010B52DED028B00F0F9FB07EE900A9FED217A214A21492248F8EE677A87EE878A70
:20FF000000F00EFA1F4800F071FB1F4B1A784AB9DFED1E7AB4EEE78AF1EE10FA1CD4BDEC2E
:20FF2000028B10BDDFED1A7AB4EEE78AF1EE10FA04D401221A70BDEC028B10BD00240E4A07
:20FF400014490F481C7000F0EBF9BDEC028B1248BDE8104000F04ABB0124074A0D490848F7
:20FF60001C7000F0DDF9BDEC028B0C48BDE8104000F03CBB00FF7F47A0BE0100CCAD01002B
:20FF800080AD0100CCBE01006D3600200AD7A33BCDCC4C3EC4B2010010BF0100E0BE01001D
:20FFA00008B5054A0549064800F0BAF9BDE80840044800F01BBB00BFA0BE0100CCAD01005F
:20FFC00080AD010040BF010008B5054A0549064800F0A6F9BDE80840044800F007BB00BF12
:20FFE000A0BE0100CCAD010080AD010058BF010000B52DED028B3C4B1B7889B0002B48D1EF
:020000040001F9
:20000000DFED3A0A9FED3A0AF1F796F9DFED397AB4EEE70AF1EE10FAF0EE408A5ADCFFEEC3
:20002000007AB4EE670AF1EE10FA48BFF0EE678ADFED310A9FED310AF1F77EF9DFED307AD1
:20004000B4EEE70AF1EE10FAB0EE408A48DCDFED2D7AB4EE670AF1EE10FA48BFB0EE678A93
:20006000DFED290A9FED290AF1F766F9DFED287AB4EEE70AF1EE10FAB0EE401A2DDCDFEDC4
:20008000257AB4EE670AF1EE10FA48BFB0EE671A17E0DFED210A9FED210AF1F74DF9DFED00
:2000A000200AF0EE408ABDEE000AF1F745F9DFED1D0AB0EE408A9FED1C0AF1F73DF9B0EECA
:2000C000401AB0EE680AF0EE480A09B0BDEC028B5DF804FBF0EE678AAAE7B0EE671AF0E7ED
:2000E000B0EE678ABCE700BF6D360020CDCC4C3E3333B3BE9999993E9A99193ECDCC4CBE1C
:200100009A99993E333333BFCDCC4C3D52B81A4185EB1D411F8517418FC2753E1F856BBE5B
:20012000B81E853E0AD7A33EC3F51C4100B52DED028B3C4B1B7889B0002B48D1DFED3A0A4C
:20014000B5EE000AF1F7F8F8DFED387AB4EEE70AF1EE10FAF0EE408A5ADCDFED357AB4EE25
:20016000670AF1EE10FA48BFF0EE678ADFED310A9FED310AF1F7E0F8DFED307AB4EEE70AB8
:20018000F1EE10FAB0EE408A48DCDFED2D7AB4EE670AF1EE10FA48BFB0EE678ADFED290AE6
:2001A0009FED290AF1F7C8F8DFED287AB4EEE70AF1EE10FAB0EE401A2DDCDFED257AB4EEE0
:2001C000670AF1EE10FA48BFB0EE671A17E0DFED210A9FED210AF1F7AFF8DFED200AF0EE97
:2001E000408A9FED1F0AF1F7A7F8F6EE080AB0EE408A9FED1C0AF1F79FF8B0EE401AB0EED4
:20020000680AF0EE480A09B0BDEC028B5DF804FBF0EE678AAAE7B0EE671AF0E7B0EE678A14
:20022000BCE700BF6D3600209A99993ECDCCAC3F9A9959BFCDCCCC3E0AD7A33EF628DC3F22
:20024000703D8ABFEC51383EE17A1CC1E17A10C1E17A28C13333B33F713D8A3E9A99B93F54
:200260003333B33EC3F51CC1074B1B782BB99FED070AF2EE0E0AF1F75FB8DFED050A9FEDCE
:20028000050AF1F759B800BF6D3600200080A5430000484200009C4308B5174B1B7823BB73
:2002A0009FED160AF0EE040AF1F746F8144BDFED157A93ED007A30EE070AB4EEE70AF1EE2B
:2002C00010FA04D5C3ED007AB0EE670A08BDDFED0E7AB4EEE70AF1EE10FAD2BF83ED000A62
:2002E000C3ED007AB0EE670A08BDF2EE0E0A9FED030AF1F721F8D9E76D36002000000000EB
:20030000D80100200000F042000034430AB90020704708B508461146F7F7CAFF002008BDA3
:200320000FB400B583B004AA054852F8041B019204F068F903B05DF804EB04B0704700BFA5
:20034000DC010020F8B5254D2A688242044642D0002A33D0134601E0002B2FD01B689C42DD
:20036000FAD15BB31E4EA37B376853B1A36843B18C4206D000223460832104F10C0098479A
:200380002A6894421BD02AB11368A3421DD01A46002AF9D1A37B83B12D680023A37365B158
:2003A000AB7B13F0010F284622464FF0870101D000F018F82D68002DF2D13760F8BD23683A
:2003C0002B60A37B002BE7D1F7E723681360A37B002BE1D1F1E71346C3E700BF8038002048
:2003E000843800208368BBB170B504460B4E0220A073346004F10C000D46984702380128A3
:2004000004D9832D02D00123A37370BD21462046BDE87040FFF796BF704700BF8438002057
:2004200038B50B4A0B4B146800221A707CB1012501E024685CB1E37B002BFAD0E581204610
:2004400000228221FFF7CEFF2468002CF3D138BD8038002071360020024B1878421C1A703F
:20046000704700BF6F36002070B50E4D2C68844207D00A4634B1234600E01BB11B689842E9
:20048000FBD170BD0028FCD0074E04600121002334688173838181212860FFF7A3FF346087
:2004A00070BD00BF8038002084380020014B8A221A7070476F3600202DE9F041224D2B7845
:2004C000F3B9224E3378BBB12148224C027802EB420704EB8701013202F01F02013B0270F7
:2004E000486854F827800F7ADBB2337058B1812F1ED0827BD2071DD428781844BDE8F08120
:20050000FFF78EFFDDE7144A14685CB9F4E7A37B13F0010F20464246394601D0FFF762FF04
:2005200024685CB12B78002BF1D0FFF779FFEEE70123837342463946FFF754FF337828789B
:200540001844BDE8F08100BF71360020703600206E3600200021002080380020024A034B66
:2005600010781B7818447047703600207136002070B40D4D2C78202C12D00C4B0C4E1B782C
:20058000234403F01F0303EB430301342C7006EB830446F8232060602172002070BC70478B
:2005A000012070BC704700BF703600206E3600200021002038B5837B034CDB07256801D52E
:2005C000FFF710FF256038BD8438002018B1837B013B012B00D97047024A01231370C373D8
:2005E000704700BF71360020F7F754BE10B504460AF098F801462046F7F75AFEBDE810403D
:200600000A20F7F747BE00BF08B50448F9F768FEBDE808400248F9F763BE00BFF001002087
:20062000E40100200148F9F7B3BE00BFE401002038B50E48F9F766FE044678B10C48F9F7F9
:2006400061FE0546206058B1FFF7A2FA05F19A01A5F8800005F18200FFF788FB204638BDDB
:20066000214602482C46F9F769FEF7E7E4010020F0010020006800F19A018230FFF776BB3F
:2006800010B5014604460748F9F774FE00B910BD21680548F9F752FE21460248BDE8104011
:2006A000F9F74CBEE4010020F001002010B5014604460948F9F75EFE00B910BD2468B4F879
:2006C00080102046FFF730FB04F19A0104F18200BDE81040FFF768BBE401002008B508F034
:2006E0009FFA80B208BD00BF0F4B0121002219601946C3F80021D1F80031002BFBD0D1F8A0
:200700000805094A0023C0B2C1F80031D2F80031002BFBD0D2F80815012340EA012080B281
:20072000536008F04FBA00BF00D0004010B4427983790479D31A34EA03030AD003689954FB
:20074000437902790133134043715DF8044B0120704700205DF8044B704700BF10B48179B3
:2007600042790479521A224208D003464A1C00682240405C9A715DF8044B70474FF0FF30B0
:20078000F9E700BF38B505460C4605F0F7FB8DB10F4B2868696803C3ACB121460D4B51F825
:2007A000080F496803C3BDE8384009480122002105F0D6BC0346064D59689A680068DB6868
:2007C0000FC5002CE9D10449014805F00BFEEAE700280020082800207C3B002010B5044C76
:2007E000237803B110BDFFF7CDFF0123237010BD7236002010B51D4C217882B031B31C4B8B
:20080000002403F1540193F820201AB193F82120012A15D01C338B42F5D1204605F008FCB8
:2008200004B9F8B102F0F6F84023024621460020009300F081FB00F029FA002002B010BD8F
:200840001A7CFE2A08D003F11004E3E70846FFF799FF01232370D2E75A7C802ADAD003F1C6
:200860001004D7E74FF0FF30E8E700BF72360020003A0020054B187B30B1B3F84E00DB8A66
:20088000C01AB0FA80F04009704700BF883800202DE9F0471A4CDFF86C809DF824901646AA
:2008A00007460D4620464FF4B07200219A4609F027FFB8F82030B34205D108994A4650461B
:2008C00002F0F8F810B90020BDE8F08701264FF0FF33F0214FF2F0026773E1732673E36447
:2008E000A4F85030A4F85820C4F8088028686968AA68EB681C340FC43046BDE8F08700BF4A
:20090000883800202C020020437D012B01D900207047F0B590F8512090F8503083B0CDE97D
:2009200000320446028A00F13C032146007EFFF7AFFF48B3164B226A607D617FE58B5A6126
:200940000022666D1976618B5D83257F83F85C20A77D83F854709873207D83F85300E07D76
:200960001982996883F855201E609D7483F852000B689847074801F0CBFD01F0FBFE01F05A
:2009800031FF012003B0F0BD002003B0F0BD00BF883800206CBF010008B5FFF76BFF084BEB
:2009A00008B983F85C009B681B68984701F0D6FB044801F0ADFDBDE8084001F06DBF00BFC8
:2009C0008838002074BF01000A4B93F9521093F85220002902F10102B4BFD2B202F07F023A
:2009E000197B83F85220F022DA7301B97047FFF7D3BF00BF883800202DE9F0414C4D05F1A9
:200A00006400B5F84E40F7F713FC95F85C30032B5BD0FFF72FFF804620B1AB68BDE8F04124
:200A2000DB6918476F6C434E01F0C0FB01F072FB686C01F0EDFA03463068A5F84E30FBF703
:200A4000F1FC0446002836D1002F55D0B5F84E30B5F84C209A4201D9A5F84C30B5F850309C
:200A60004FF6FF7293420AD0B5F84E10914206D0CB1A002BB8BF5B42B3F5007F3FDC95F86A
:200A80005B30002BC9D06B6C002B3ED0002F46D001F074FD002385F85B30AB68BDE8F0413C
:200AA000DB69184723681BB321463068FBF786FC04460028C8D0204601F0AAFAB5F84E3097
:200AC0008342EFD8C4F80080EEE7002001F022FB4FF6FF739C42A5F84E309ED0164801F0DE
:200AE00017FD01F07FFEAB68BDE8F041DB691847F4F7FAFF2060D7E7B5F84E30ACE70F48B1
:200B0000A5F8501001F004FDB9E70B4885F85C3001F0FEFC01F08EFC01F064FEBAE701236C
:200B2000074885F85C3001F0F3FC01F047FEAFE7883800205002002084BF010094BF0100C7
:200B4000ACBF010030B4084D2B7B53B1044630B11C350FCD20606160A260E360012030BC5B
:200B60007047184630BC70478838002010B5FFF781FE134C78B994F9582094F85830002AD0
:200B800003F10103B4BFDBB203F07F03002084F8583001F08DF8F9F71BFA01F0DFFA06F089
:200BA000C5F801F057FE94F841305B0602D40023237310BD034801F067FF0023237310BD50
:200BC00088380020B4380020024B032283F85C2001F062BE8838002008B50F4B1A7B8AB1E8
:200BE0009A6C511C0ED082420DD9101AB0F5967F986407D2586C28B101F016FABDE80840B6
:200C000000F0F2BE08BD00210322996483F85C20BDE8084001F040BE8838002010B5084C60
:200C2000237B5BB194F840200146D20804F11C0009F030FDB0FA80F0400910BD184610BD6B
:200C40008838002008B5FFF715FE18B1BDE80840FFF7BABE08BD00BF024B1B7B03B97047F0
:200C6000FFF79ABE88380020074B9A7B187B1AB9003818BF0120704728B193F85C000128A9
:200C800094BF00200120704788380020024B1B7B03B97047FFF7B0BE883800202DE9F04148
:200CA000614D2A7B06460C462AB16A7B237E9A4209D0BDE8F081FFF7DDFD98B12B7B002B2D
:200CC000F3D1BDE8F08159481022214609F0E2FC0028EED1628AEB8A9A4209D2BDE8F04154
:200CE000FFF78ABE2046FFF70FFE0028E6D1E0E7E17D95F8520001F06FFE628A002840D1E7
:200D00004FF6FF739A4204D095F85730013385F8573095F85210E07D01F05EFE48B1B5F8E1
:200D20004E20EB8A9A4257D0FFF7A4FD074600286BD022460121304600F03AFEE8B130464F
:200D400001F026FA0746002843D090F80680304601F01EFA002849D0638A8380637E837167
:200D6000AB6CABB96B8BAA7BC3EB03135B01AB641AB117B16B6C9F4217D02B7B002B98D043
:200D8000ACE7EB8A9A42F8D1294801F0C1FBF4E7002FF2D06B6C9F42EFD16B8BAA7BC3EB7B
:200DA00003135B01AB64002AE7D0607E414601F013FE0028E1D095F90F20EB7B002A03F150
:200DC0000103B4BFDBB203F07F03EB7301F0D6FBD3E74FF0F008BAE7E37D85F85230FFF793
:200DE00049FD0028A5D0FFF7EFFDA2E7304604F0E7FF0028C1D00F4B0146012218682346EF
:200E0000FBF79EFB0028A7D1B7E701F023FD384601F080F92046FFF777FD2B7B002B88D017
:200E2000FFF7BAFD85E700BF88380020A4380020B8BF01005002002011B1084801F068BBEE
:200E400010B50A460321044600F0B2FD20B12046BDE8104000F0E4BD10BD00BFD4BF010093
:200E600038B591F823300C460546BBB1FF2B1BBF0D4A508B4FF0FF3343430A460020294694
:200E800005F0B8FE18B194F92530002B00DB38BD218C2846BDE8384001F090BB0A461846DF
:200EA000294605F08DFEEEE78838002070B5154D0E4695F85910044601F08EFD08B185F8C1
:200EC000594095F85830A34200D070BD95F85C30012B76B207D001F095FB002EF5DA03239A
:200EE00085F85C3070BD002E02DA01F08BFBF6E70223054885F85C3001F00AFBBDE8704098
:200F000001F080BB88380020E4BF010070B50E461C4605463AB924B11DB1064BAE801B7B50
:200F200023B9012070BD01F00DFBF4E7FFF764FD012070BD883800202DE9F047284C82B03B
:200F400094F80CC09DF828A00546174699460E46BCF1000F0AD0102204F11C0009F09AFB9A
:200F600080B34FF0F008FFF701FE01E04FF0F0083B463146CDE9009A28460122FFF788FCA7
:200F8000184F194884F852800023012140F608421E263C25A173228280214FF0FF32A374F1
:200FA00084F85330A4F854300223676126766583A4F84E10A26484F85C3002B0BDE8F0470B
:200FC00001F0A6BA94F9523094F85280002B08F10108B4BF5FFA88F808F07F08C3E700BFF2
:200FE0008838002000048000F0BF010002484FF4B072002109F084BB88380020144A90798E
:2010000018B992F82A10632901D00120704792F82910C1B992F82B30042B15D10D4B187BE4
:2010200088B110B45C7B92F82D00A0420ED1B3F84E1082F82D000B0A43EA0123D3850120D5
:201040005DF8044B70477047084670470846F7E7843B00208838002070B5174A0546118824
:2010600016482B2207F0B4F904461548FFF7D6FD08B9002070BD1349002005F061FD10497B
:201080000646002005F05CFD14B1A278032A06D00028EED0002EECD04369B342E9D1084C35
:2010A0000FCC002148F2FE002880AA60EB606980A980E980012070BD703B0020843B00208C
:2010C0009C3B0020A43800202DE9F0432C4B2D48198885B02B2207F07BF9044610B1837854
:2010E000032B03D0002005B0BDE8F083C278002A41D04378417906790133DB00DBB2A3EB6F
:20110000111306F00F052B443609183BC6F1100193FBF1F30133DBB29A42E3D8194F9B1AF1
:20112000DBB201FB03F1C31B01F1080C1033012A18BF354663445B1BB3F5A06FD2D807F118
:2011400018030FCBE84688E80F0004EB0C06C5F1100905F1180031464A46384409F0A8FAF1
:201160004A4608EB0501304609F0A2FAE378013BE3700120B7E7012005B0BDE8F08300BF85
:20118000703B0020843B00204378002B3AD12DE9F041425A40F263439A4200EB01042ED12E
:2011A000194D2B7B5BB36A7BE3789A4227D1A3789A0624D4A2881549170A0C20DE09D1F8C9
:2011C000008047EA0227FEF721FE01464046FBF757F9B5F84E10A578BFB2B94294BF00210A
:2011E00001218E42C5F380131CBF45F04005A57086EA01023946BDE8F041FFF787BE002025
:20120000BDE8F0810020704788380020500200202DE9F0432B4E2C4F318883B038460DF1EA
:201220000702012307F07AF8002842D09DF80730062B3ED0044607F10609B84614E013B9C4
:20124000A378632B16D03188E31BC91A204689B200230DF1070207F061F8044648B39DF870
:201260000730062B814624D0112B22D03A2B20D02B2BE4D1237889F8003065780135ED0071
:20128000684207F017F8C0B13188283989B2404607F03AF83288E31B9A420EDDD21A611944
:2012A000204609F013FA99F800308DF80730062BDAD1012003B0BDE8F083002003B0BDE805
:2012C000F08300BF703B0020843B00202DE9F04FA34E337B89B063B3A24C228B48F2FE0319
:2012E0009A4226D0237EFF2B23D0FFF7C3FA054688B904F1080004F09BFE28B19A4BE2797C
:2013000093F806319A4219D0FFF778FE0546284609B0BDE8F08F04F11809FFF779FF484632
:20132000FFF77CFC28B14946002005F009FC804688BB0125284609B0BDE8F08F8B4F3A88A7
:20134000B2F59F6FF6D8283A04F1280104F1300009F0BCF9B6F84E20A179767B84F829509B
:20136000130A43EA022340F26342E385628584F82C5084F82810A571082084F82D6006F0EF
:2013800099FF3988283989B2204606F0BDFFFFF735FE0546CEE706F11C01002005F0D0FB23
:2013A0000190002848D04946002005F0E3FB002842D0D8F81410002900F0C480019B8B42E6
:2013C00000F0C7806A4BCDF80C809B6902934FF0000B0F270DF1100A8846029B4146504617
:2013E0009847DFF898C139466046D6465246002312F8015B10F8016FAE4202D10133102BD2
:20140000F6D19F420CDAD8F814800BF10103DBB2B8F1000F15D0019A424512D09B46DCE708
:2014200000271EF8013B1CF8012F9A4206D10137102FF6D13946E6E700257BE73946FFB2FB
:20144000E1E7C1F11006C7F1180A16FB0BAA5FFA8AFB1AF0070A1FBFCAF1080A5FFA8AFADB
:20146000D3445FFA8BFBDDF80C801D465B463F4A02931288D118B1F5A06FDDDC3D490888EC
:20148000283021185844283A2044039109F01EF903995A460846002109F032F9A279029B2E
:2014A00084F828202B22A271B3F1080248BF03F1FF32D210304B2E4984F82920ABEB0A02F3
:2014C0004FEA0A1A84F82B5084F82DA0D5180DF1100A8B69029307EB07120320574484F89C
:2014E0002A0084F82C204446DDF80480CDF804B0D346BA461F466269904521465846A5EBEB
:20150000060508D0B84732465146284609F0D0F86469002CEFD1DA46029BDDF804B0214645
:20152000504698479AE80F0089E80F00584606F0C1FE0E4B0B481988283989B206F0E4FE11
:201540000125F7E608230D468A469B460F2701268DE7082300259B46AA460F27012686E79D
:2015600088380020843B0020003A0020703B002014C0010042360020AC3B00209B3B00201D
:2015800008B50C4A137B43B10B4B0C491B88527B2C3358185B5C9A4203D0BDE8084006F083
:2015A0006FBEC1788078FFF781FCBDE8084006F067BE00BF8838002042360020843B00203C
:2015C0002DE9F0418EB02622002104A809F098F8434B444C1F88444B217B07F12C02D618E4
:2015E000D25C8DF8322011B1617B914204D006F047FE0EB0BDE8F0813C4A083315880FCB5A
:201600002C3DED1BADB20027E846032D88E80F00CDE90477CDE90677E9D97378217EF278DC
:201620008DF835305B068DF83310ADF8302046D40424AC424FDA002720E0621CAA42D6DA08
:201640003219507802300444AC42D0DC052B21D10328CCDD7318DA788DF834200732D2109C
:20166000131D8342C3D10431314408A8CDE90877CDE90A7709F01CF8AC422CDA335D214623
:20168000002BDAD10134A542F6DA06F0F9FD0EB0BDE8F081062BEFD10528A8DD731813285F
:2016A0005B798DF83330E7DD0631731870589A685968DB680DF1100CACE80F00DCE7132D5A
:2016C00095D904F11C001022311D08F0E3FF00288DD11424ADE704A94046FFF7C1FB86E78D
:2016E0004236002088380020843B0020703B00202DE9F0439DB05C22002105A809F000F8F5
:201700009B4B9C4F9C4A1D889C4B0C9307F1080314880FCB2C3C641BA4B201AE86E80F0005
:201720004FF0010C964BADF824C040F60842172CADF82E200D9304D806F0A2FD1DB0BDE8BA
:20174000F08305F12C03DD19AE4695F8038095F802905EF8080F95F804C0DB5DDEF80410F8
:20176000DEF808208DF82C3048EA0927DEF80C30ADF826702CF07F0ECCF3C2078DF828E01D
:201780008DF8297095F8018095F805E08DF82B800CF0070C05AF182C8DF82AC08DF82DE073
:2017A0000FC700F0E08018216B5C002BC4D04A1CA242C1DA6A18507802304718A742BBDC04
:2017C000023B062BB8D80FF2080C5CF823F000BFF71801009D18010041180100391701005F
:2017E0003917010039170100ED1701002028A3D193788DF86430802B9ED892F809C0D378A3
:2018000092F80880D07A8DF8653010316B184FEA0C4C92F80AE09A684CEA086C4CEA000C9B
:2018200068585968DB684CEA0E2C0DF1500ECDF860C0AEE80F00A74280F295803946B3E705
:2018400010287FF479AF294492F807C08B7A91F8069091F8088091F80EE0D17A507A41EA0B
:201860000321D37BADF824104CEA092C40EA08205179ADF834C0ADF8360092F803C010794C
:20188000527B8DF82EC043EA0E23ADF832308DF82F008DF830108DF83120CCE707287FF7FC
:2018A0004BAF05EB010C53799CF804E092F802C092F807808DF84CC01B0443EA0E6392F8B8
:2018C00006E0D2788DF84D200CF1070243EA0803D21043EA0E2302F1070E86451293BFF63B
:2018E0002BAFBCF1800F3FF627AF083129440EA808F0DEFE9FE705287FF71EAF137992F88B
:2019000003E092F802C08DF868C0D90941EA4E018DF86910C3F3011E51798DF86AE003F030
:201920000F038DF86B308DF86C10BCF1000F82D0BCF1070F0DD0BCF1020F7FF4FDAE0728BB
:201940007FF7FAAE9179D3798DF86E108DF86F3071E707287FF7F0AE9179D37943EA0123AA
:20196000ADF86E3067E705A93046FFF797F9E3E642360020843B0020703B0020001E3C00C7
:201980000004800008B5084B1B7B4BB10748017EA1F1FF01B1FA81F108304909FFF74CFADE
:2019A000BDE8084006F06CBC88380020843B0020F0B583B00E461746054604F0DBF9044677
:2019C00010B1204603B0F0BD0C20FEF71FFA22460146CDE900672846012304F069F9044648
:2019E000204603B0F0BD00BF70B50446FFF74EF9084B094D198809482C314B1900225A706E
:201A0000944218BF20464A550223BDE870409B2104F0D8BE42360020843B0020E83900209C
:201A20002DE9F04F8BB00646FFF730F900F068FF10B1002E00F02C81974B984A1B88984D7C
:201A40002C339C18697B995495F85230637000F057FF002867D0FF23194695F85320914FBA
:201A600095F854C0A170002AE3700FCF95F80E80A0600CF0070C14BF6FF07F0E4FF0000E23
:201A80004CEAC8074EEA070700202771EF7BE160226163616771A071E07100F031FF0028CF
:201AA00046D12B78002B43D06978A878A376CA0142EA0012E87849080243E1760220062175
:201AC000072B22772076617600F0DB80022B40F0DF80A879EA7963772021A077E27727236E
:201AE0004FF0290809932823CDE907384FF02B092A23CDE905394FF02F0A2E23CDE9033A2A
:201B00002D222C23CDE9013222238B464FF0260C4FF030084FF0250E4FF024094FF0230AF6
:201B20000093212726E0B5F84E30190ADBB294E71F23099321222023CDE907322320222393
:201B40002727CDE905302623CDE903374FF0250E2423CDE9013E18211A238B464FF01E0CB5
:201B60004FF028084FF01D0E4FF01C094FF01B0A00931927042060540098AA8AEB8A0E21A9
:201B8000E1554FF000072754297C099F04F80A10687CA97C04F809004FEA122A04F80E104E
:201BA00004F80CA0E255079AA968059F95F840C0180AA054089A287EA3540A8C6B8B4FEA49
:201BC000122E04F807E0069FE255019A4FF00007A754029AA054039A190AA154049AA35450
:201BE000BCF1000F0FD100F08BFE18B92E4B002E08BF1E464346304601229B210BB0BDE8EF
:201C0000F04F04F0DFBDD5F83CE095F841A0DFF89C90082504F8085004EB0B05B9E80F006B
:201C200085F812C04FF01E0C85F811C04FEA1E6C85F814C085F818C0CEF3074C85F815C0CF
:201C400085F819C00BF12009CEF3072C5FFA8EFE85F816C085F81AC085F813A085F817E0E2
:201C600085F81BE00BF11C0C04EB0905002744F80C700BF1300844F809006960AA60EB6055
:201C8000B1E7EB8860771A0A2021E377A27726E70BB0BDE8F08F00BF42360020843B002068
:201CA00088380020A4380020E8390020B43800202DE9F041074600F0ADFE304C8046606CBE
:201CC00000F0B2F90646FEF7E1FF237B002B52D0636C002B4FD0B8F1000F4CD0002E4AD028
:201CE000A37B002B47D0264B264A1B88617B94F858C02C339D18002F99540CBF00238023BF
:201D00006B7005200023122180221C342871697185F803C0EA71AB70AB7103CCD8F800C0D7
:201D2000D8F80420D8F808E0D8F80C80C5F808C0EA604FF0060C14226A76C5F81E00C5F8CD
:201D40002210C5F81480C5F810E0AB76EB762B776F7785F818C056F8083FA4F108007468E6
:201D6000C5F826300222C5F82A402E23BDE8F0419B2104F027BDBDE8F08100BF8838002095
:201D800042360020843B0020F0B583B00E4615460190FEF77BFF0A4B0A4A1B880A4901980D
:201DA000497B2C339C1899540027042303229B21A670E570677003B0BDE8F04004F002BDB3
:201DC00042360020843B00208838002008B5074804F04AFC064804F047FC064804F044FC5F
:201DE000BDE80840044804F03FBC00BF200200201402002008020020FC010020704700BFC7
:201E0000014B00221A7070478838002008B500F017F908B1808808BD4FF6FF7008BD00BFB8
:201E2000B0B138B50446858800F00AF968B183884FF6FE722B44934207D8204600F000F9BF
:201E400048B18088284480B238BD4FF6FF7038BD4FF6FF7070474FF6FF70F3E770B50646DB
:201E6000FFF7DEFF0B4B0446586CFFF7D9FF336804F1BF05044623B9A542B4BF0020012048
:201E800070BDF3F731FE3368C01AB0F5963FF3D9002070BD8838002088B138B5094B044650
:201EA000DD8AFFF7BDFFA2884FF6FF7153198B4228BF0B46984238BF184680B238BD4FF61E
:201EC000FF7070478838002008B500F0B9F828B18088B0F5007F8CBF0020012008BD00BF89
:201EE00010B50446FFF79CFF034620461C4600F0A7F840B18388B3F5007F05D8B4F5004FAA
:201F00008CBF0020012010BD002010BD70B50E46F0B10446FFF7E4FF0546AEB13046FFF728
:201F2000DFFF88B1DDB1164D6B6CA34220D09E4217D02046FFF774FF05463046FFF770FF31
:201F400085420CD2204670BD002DFBD1002070BD0029FBD00846FFF7C3FF0028F6D03046A5
:201F600070BD2046FFF77AFF0028E2D03046F7E73046FFF773FF0028E4D16B6CD7E700BF22
:201F80008838002010B500F03BF828B1044B9B68BDE810405B6918474FF6FF7010BD00BFF6
:201FA0008838002070B5044608460D46FFF7EAFF06462046FFF7E6FF86428CBF28462046DE
:201FC00070BD00BF08B50C4BD3F82821824204BF0022C3F82821D3F80421824204BF0022A7
:201FE000C3F80421054B01461868FAF717FBBDE8084000F051BC00BF8838002050020020EC
:20200000024B01461868FAF73BBA00BF5002002020B1044B9B685B6903B118474FF6FF70E7
:20202000704700BF8838002008B5044B01461868FAF758FBBDE8084003F0BCBE5002002067
:2020400008B5044B01461868FAF74CFBBDE80840F7F7F0BE500200202DE9F041274C237B22
:2020600082B000274BB3264D80462868FAF7DAF9014610B34FF6FF76A3685B690846B3B137
:2020800001919847B0420199034610D0E28A82420DD8B4F814C00846BCF1000F11D0B4F8EE
:2020A0004C206244B24228BF3246934209DD2868FAF784F901460028DED1384602B0BDE80F
:2020C000F081A3680191DB68984701990028EED0B8F1000F07D1A368019138469B699847C2
:2020E00001990746E3E708460191FFF7A9FFF7F7A7FE01990028EED1D9E700BF883800203E
:202100005002002008B5FFF79BFFBDE80840F7F797BE00BF70B50F4D696C814219D00E4EB3
:2021200004463068FAF7C2FA21463068FAF7A4FA686CFFF779FF03F083FE03F063FE204612
:20214000FFF772FF002103F091FE01236C6485F85B3070BD883800205002002038B50B4DB5
:202160000020FFF7D7FF2868FAF75CF950B104462046FFF727FF21462868FAF71FF9044686
:202180000028F5D1BDE83840FEF780BD5002002008B503F0EFFD03F0E7FD034B0146186808
:2021A000BDE80840FAF76CB95002002038B5FEF761FBF8B90546FFF74FFF0446D0B1FFF76B
:2021C0003FFFF7F73DFE68B90E4DD5F82831A3B16B6CA34209D00120FFF73EFF38B1044686
:2021E000204638BD074BC3F82851204638BD6B6C002BFAD10024204638BDC5F8284100F041
:20220000C1FAE5E788380020024B03491868FAF7B3B800BF50020020C51F010030B5134D87
:20222000134995F8553080249C40A1FB043483B0A3092B66FEF752FA0E4A0F4912682B6E68
:202240000092E40904FB00F0A1FB002104EBD1315A1A2A660124094AA5F8564005F1A40019
:202260000023F5F77BFF03B030BD00BF88380020D34D62108438002001800080752301008E
:2022800000B583B0FEF72AFA0A4B0B491B680093A1FB0031490A01EB8101A0EBC11081B261
:2022A000064A074801F5A0710023F5F757FF03B05DF804FB84380020CDCCCCCC15230100C6
:2022C0006C39002008B5054BD3F80401FFF7ACFE18B1BDE80840FFF7A3BB08BD883800200D
:2022E00010B50B4C012384F85A30FFF7C9FF94F9582094F85830207E0133002AB4BFDBB2C5
:2023000003F07F0384F85830BDE81040FFF7D0BC8838002010B50B4C94F85A30207E0133E9
:2023200084F85A30FFF7C4FC94F85A30042B03D8BDE81040FFF7A4BFBDE810400248FEF73F
:202340008BBC00BF88380020FCBF01000348002290F85C1100F59670FFF716BD88380020D5
:20236000024B1B7B03B97047FEF700BC88380020FEF78CBC10B582B0FEF776FC68B3184C5C
:2023800094F8563073B9637C217C94F855200B449A42BCBF013284F8552002B0BDE8104011
:2023A000FFF73CBFFEF766FA28B9A37C1BB194F857209A4206D2B4F84E30A4F850300020EE
:2023C000FFF72EFB074B216E1B680093064A0748002384F85630F5F7C1FE02B010BD00BF3A
:2023E0008838002084380020752301002C39002000B583B0FEF772F90A4B0B491B680093FC
:20240000030AA1FB03134FF4345101FB130081B2064A074801F5B4510023F5F79FFE03B0FA
:202420005DF804FB843800200B5BB005452701009039002000B5104883B0F5F713FF10B9F4
:2024400003B05DF804FBFEF749F90C4B0C491B680093A1FB0031C90AC1EB0111A0EB012072
:2024600081B2084A044801F5F0610023F5F776FE03B05DF804FB00BF902800208438002047
:20248000898888888924010008B5FEF7F3F950B9094B1A7B42B15A6C32B1B3F84E204FF6E3
:2024A000FF739A4200D008BD0020FFF79DFABDE80840FFF7BFBF00BF8838002010B5124C69
:2024C000237B43B9FFF7B6FFFEF7E0FBBDE810400E48F5F769BE3C20FEF77EFB3C2004F06F
:2024E000EBFB237B002BEDD0636C002BEAD0B4F84E204FF6FF739A42E4D0FEF7C7FBBDE8FF
:2025000010400248F5F750BE88380020B028002010B5FEF7A9FB48B1094C94F8553013B1CE
:20252000627C9A4202D200F0EBF900B110BD637C84F8570084F85530BDE81040FFF76EBEF1
:202540008838002030B50A4D2B7B83B00BB903B030BD084B084A1B6800930023044619469B
:2025600005F1C400C5F80441F5F7F8FD03B030BD8838002084380020C522010010B50C4C5D
:20258000237B82B00BB1A37B0BB902B010BDFEF7A5F8084B084A1B680093C0F3080000F551
:2025A0008071002304F1E400F5F7D8FD02B010BD8838002084380020E122010070B50E4CAF
:2025C000227B82B00AB902B070BD03460D469A6859680068DB68A4F85C5104F596740FC461
:2025E000064E074A33680093002320461946F5F7B5FD02B070BD00BF883800208438002028
:202600004D230100134B1A7B12B1197EFF2900D1704710B55C8B82B001FB04F1CC01FEF7BB
:202620005DF80D4BA3FB00231B0BC3EB0313A0EB432080B200F5F050084B094A1B68009331
:20264000844288BF241A214606480023F5F786FD02B010BD8838002089888888843800208C
:20266000E12201006C3900202DE9F041334CF3F73BFA237B002B39D0D4F8285115B1284661
:20268000BDE8F0810746606C18B1FFF73BFD002852D0FEF723F800EB800303EB031303EB5A
:2026A000032300EB430080B2254E45F25553984230681FD9F9F7B6FE0446B8B14FF6FF77C6
:2026C00006E021463068F9F779FE04460028D6D02046FFF717FD0028F3D12046FFF798FC4A
:2026E0000DB1B842EDD207462546EAE700252846BDE8F081F9F796FE04460028F6D04FF036
:20270000000806E021463068F9F758FE04460028B5D02046FFF7F6FC0028F3D12046FFF7F9
:202720008FFC0028EED0036815B1FA1A4245E9D9A7EB03082546E5E7656CA0E7883800208E
:202740005002002038B5FFF78FFF0546FFF76CFC30B104462846FFF773FC2046FFF760F93A
:20276000034B1B7B03B938BDBDE83840FFF740BE88380020024B1B7B03B97047FFF738BE91
:202780008838002010B50A4C237B82B00BB902B010BDFDF7A3FF074B074A1B680093C0F329
:2027A0000801002304F58470F5F7D8FC02B010BD88380020843800204527010010B5084C7F
:2027C000237B03B910BD04F18400F5F74BFD0028F8D104F18400BDE81040F5F729BD00BF35
:2027E0008838002010B50C4C237B82B00BB902B010BD04F18400F5F735FD0028F7D0074BF1
:20280000074A1B68009304F1840000234FF41641F5F7A4FC02B010BD883800208438002054
:202820006123010000B5084B084A1B68084883B04FF4F05100930023F5F790FC03B05DF8F9
:2028400004EBFFF7F7BD00BF84380020BD240100B028002010B50F4C2046F5F7E9FC04F11E
:202860002000F5F7E5FC04F14000F5F7E1FC04F16000F5F7DDFC04F18000F5F7D9FC04F128
:20288000A400F5F7D5FC04F1D800BDE81040F5F7CFBC00BFEC3800200848037B03B970475A
:2028A00000B5074B074A1B6883B06430009300231946F5F753FC03B05DF804FB883800203F
:2028C0008438002071230100044B187B20B193F85C00003818BF0120704700BF8838002067
:2028E000054B187B30B193F85C00A0F10200B0FA80F04009704700BF88380020704700BF6B
:20290000014B1878704700BF7336002010B50023C0E90033C0E902330A7D07320446D20816
:2029200007F0C6FE20460249BDE8104003F05ABD7C3B002008B50E48002340F2FF214FF48A
:20294000D05243808380C3800381438183810180C28103F0DDFBFEF749FBFFF755FCFFF7FB
:2029600061FFFFF733FABDE8084004F095B900BFE839002010B50A4C237B012B00D010BD23
:20298000FFF73EFB0028FAD0D4F82831984204BF0023C4F82831BDE81040FFF77DBF00BF36
:2029A00088380020024688B10B4669B110B4084C03CC1060516053F80C1F5B68D3609160E6
:2029C00001205DF8044B704708467047704700BFA4380020704700BF7F2801DD7F290EDD76
:2029E000884206DC13DA081A7028D4BF002001207047401A0F28CCBF00200120704701F5EF
:202A00008071081A1028D4BF0020012070470020704700BF2DE9F843194E377B17B196F88A
:202A200040700FBB3E46174C4FF0000804F1540594F820301BB194F82130012B05D01C34CA
:202A4000A542F5D14046BDE8F883237C04F11009FE2B3A464946304609D06EB107F01AFEC1
:202A60000028ECD1C846EAE7FF082C36DBE7637C802BE4D0002EF1D104F11009C846DEE758
:202A800088380020003A002000B585B001466846FFF73CFF684603F0CBFA08B103F0EEFBF1
:202AA000034B002283F8402005B05DF804FB00BF8838002078B370B54B1E7F2B84B00C463A
:202AC00006D812F04001154605D1084604B070BD002004B070BD134B0026E21DD2080146D0
:202AE000C3E90066C3E90266184607F0E1FD4FF0FF33A0F12C020146684682F8404082F8E4
:202B00004150D363FFF702FF684603F091FA18B1012004B070BD704701460122684603F03E
:202B20001FFBF5E7B438002010B4164A164B17490020106083B012680192019AD3F8102543
:202B400022F00F0242F00802C3F81025D3F8082542F00302C3F80825D3F804254FF4803424
:202B600022F003024FF48070C3F80425C3F80443C1F88001086001221A6003B05DF8044B8F
:202B8000704700BF408100400080004000E100E0034A044B01211160D3F84405704700BF84
:202BA0004480004000800040064B1A6802B97047002282B01A601B680193019B02B000F0E9
:202BC00003B800BF40810040054B186838B110B400241C60D0E901215DF8044B10477047D0
:202BE000D02800202DE9F0410488752C064607D07C2C37D0A4B1002303800320BDE8F08143
:202C0000DFF8D0802E4D98F800202E4F00233B602B6012B32C4CE256002A41DB2B6832E03C
:202C20002A4F274DFDF718FC294B3A6818702C60002A43D02346244C984604F803800021E1
:202C40009368802098472B6801332B6057F82320002AF2D1DBB21F4A137075233380012044
:202C6000BDE8F0811A4B1B788B4216D1144D164CDFF86080134F2B683A68E15C01F07F01D3
:202C80000132E1543A6098F80020013393422B60C1DB3B68002BB9D1DFE70120BDE8F081FD
:202CA0000A4A0B4952F8232009780020FDF760FC0028E0D17C23338001209FE71346CAE712
:202CC000D8280020D42800207C370020D0010020534300207436002070B50488672C0646E4
:202CE0001BD0792C33D05CB300230380032070BD1E4C1F4923681F4A0978581C00252060DC
:202D00002846D554FDF734FC1B4B2A4618688521FDF72EFC30B300232360184C134D06E0AB
:202D20000A28E5D00D28E3D02B687E2B15DD2046FDF714FD431CF3D167233380012070BD7D
:202D4000FDF78AFB0A4A094B10701C60E5E7852901D0012070BD054CDDE706495A1CC854C7
:202D60002A60E4E779233380012070BD5C29002054430020DC28002084380020602900205C
:202D800010B5124C23780146A3B10A2806D00D2804D00F48FDF71AFC012010BD0D48FDF731
:202DA000C5FC0028F5D0002309482370FDF70EFC012010BD0748FDF7B9FC0028E9D1012374
:202DC00003482370FDF702FC012010BD753600207402002060290020044B054A1A607F2272
:202DE000002104489A809971FDF73EBB602900206829002074020020014B024A1A6070479C
:202E0000E82900200100FD0010B51A4C0220A179FCF7E8FFA379112B17D0062B07D03A2B96
:202E20001DD0BDE8104000210120FCF7DBBF124B1B8828331A191B5B51889942BDE8104034
:202E400028BF19460120FCF7CDBF618D238D9942BDE8104028BF19460120FCF7C3BF064BF1
:202E600028341B88195B49BABDE8104089B20120FCF7B8BF843B00204236002070B41478FA
:202E80000D7A84F00204A542064624D00B891BB94B89B3F57F4F0FD01F4A146801F1080397
:202EA00003CB04F108031360012202FA06F320606160D8B270BC70478B89FE2BECD1164CAF
:202EC000C989236823F8021B022202FA06F02360C0B270BC7047487A53789842D6D1887ADF
:202EE00093789842D2D1C87AD3789842CED1087B13799842CAD1487B53799842C6D1887BBD
:202F000093799842C2D1D379CA7B9A42BED1032202FA06F0C0B2CDE7A43000200F4B1A781F
:202F2000012A19D110B459880288914203D000205DF8044B704742889988914200F102007B
:202F4000F5D1D98830F8022F9142F0D1428819899142ECD11846EBE700207047E829002029
:202F600038B5154A154C164B24781B68156815492A460144181907F09BFB601980B2FCF738
:202F800075FEFDF755FBA8B10F4B00219B6804460E48984705F0C4FC2046FDF787FB20462D
:202FA000FDF76EFB0A4B1B68012B03D0032B01DC012038BD002038BDB030002077360020DA
:202FC000B4300020843B0020ECB00100D52F0100A830002070B5124B1B680C46154613B1FE
:202FE0009B68084698470F4B0D201C60FCF70EFF0D490646F7F724F800B170BD2A4621463D
:203000003046F6F731FF094B304621462A465B6C984729462046BDE8704002F0DFBE00BF5E
:20302000F4290020A8300020A8BC010014C001002DE9F0410F468046FCF732FE134B1978AD
:20304000461A731E6D2B08D8114800230446A57871343DB101330C2BF9D14FF0FF36304672
:20306000BDE8F081C3EBC3040A4A03EB0413C418126800F803800333114418443246677065
:20308000A67007F015FB3046BDE8F08177360020F8290020B43000202DE9F0470746144681
:2030A000002A3BD1644EB1468846B9F80A3092464FF0FF3523BB6B1C2ED009F1B009D4B192
:2030C0006A1C15D0B02404FB05F406EB04090C20A9F80A80A9F80870FCF798FE01464846ED
:2030E000F6F7A8FF04F110003044402102F04EFD2846BDE8F087B9F80A300124002BDAD0B6
:2031000009F1100002F05EFD002861D1691CD4D1B9F80A30002BD0D165B2CEE7464E338901
:20312000834208D0B6F8B830BB4224D04FF0FF352846BDE8F0877389002BF3D00C20FCF765
:2031400065FE01463046F6F77BFF0028EAD00025EFB238462146FFF76BFF00281ADB0028B6
:20316000E4DDB02303FB05666DB2B3891844B0812846BDE8F087B6F8BA30002BD6D00C204B
:20318000FCF744FE01462D48F6F75AFF01250028CCD0DDE7738963B3002D48D0284802F091
:2031A00011FD0028C2D0274B002103F24C5071819A781AB11A780AB99A700131713383425A
:2031C000F6D10029B2D021463846FFF731FFC6E71C4BA9F80AA003F24C51E0B29A7822B10A
:2031E0001A78824208BF83F802A071338B42F5D161E7B6F8BA30002B98D0002D96D11248FD
:2032000002F0E0FC002891D00E4B0021A6F8BA108C4603F24C509A782AB11A78012A04BFA5
:2032200083F802C0013171338342F4D1C9E7B6F8BA30002BE3D179E7442F0020F42F002094
:20324000542F0020F8290020043000202DE9F84315090F2D02F00F0408BF10250F2C064603
:203260001F462DD0A04619B12A46304607F020FA05EB08020F2A04DD5CB9D5B90120BDE8C8
:20328000F883C2F110020021701907F039FA002CF3D01A4ADFF868901768D9F80030DB1B82
:2032A00003EB0807FCF7FCFC87420EDD0020BDE8F8833046394603F095F80120BDE8F8837C
:2032C0001024A0460029CFD1E3E7D9F80070C8F1100030443946224607F0EAF9022C05D0FF
:2032E0003C44C9F800400120BDE8F8830A2DF7D8FF22FE23F2723373F2E700BFB43000201E
:20330000A43000202DE9F04F394A00231370394A87B013700446FCF7F7FCFCF7ADFC364BB1
:20332000364A1B6810600BB1FFF76EFD042005F081F801460520FCF755FD3149314E002C95
:2033400018BF21460D20FCF759FD2F4B9B69984700280446306011DD264B284A1B78D2F82C
:2033600000B0DFF8B0A002330BEB030505F126010BEB00029142CAF8005003D3002007B09C
:20338000BDE8F08F00220BF803202048FFF7C6FD03461F481F46FFF7C1FD8046002F00F0F2
:2033A00001826B1CCAF8003080230193DFF8689099F8011099F800200B0943EA0213D8B2D8
:2033C000C3F3850343EA801311F00F0F58B202F00F02DBB222D1B9F802C0BCF1000F1DD126
:2033E00021F00F010A4340F0E2817823049326E07836002077360020F4290020B4300020B8
:20340000A8BC0100AC300020ECB001008C3B00209C3B0020A4300020843B002021F00F0CD1
:2034200052EA0C0200F0AE81DAF80020D9F80010116002F8043B60210491CAF8002099F81D
:203440000630112B00F0BC81002B00F0B9813C2B00F0B681A3F12B02012A40F2B181DAF8C8
:20346000002002F8013BCAF8002099F80730402B00F0D082FF2B00F0C882012B00F0C082DD
:20348000DAF8002002F8013BCAF80020B9F80830002B40F00582B9F80C10B9F80A30B9F8EE
:2034A0000E200B43B9F810101343B9F812200B43B9F814101343B9F816200B4313439BB235
:2034C000002B40F00F82019B43F04003019399F81830FF2B00F02D82B8F1000F00F06B8223
:2034E00098F801202B7813432B700D20FCF78EFCBC4902460020FFF7C1FC019F0743FFB222
:2035000047F004030593B84B3468DAF80050D3F800B0B64A28231370B54B0193019B1E7805
:20352000112EA8464FF000075CD04EB13C2E00F04C812B2E00F054812C2E40F091800226E5
:2035400007F1280149444A780B780191D200112B02F1080200F04081002B00F03D813C2BEA
:2035600000F03A812B3B012B40F236816B1C0BEB04008342BFF402AFCAF800309D1885420D
:20358000BFF4FCAE1846CDE9021207F091F8039A0299CAF800500346D0B2A0F1020C83F8F7
:2035A00001C0924B93F800C00B7817448F4A6044112B107000F00E81002B00F00B813C2B7E
:2035C00000F008812B3B012B8CBF0023012343EA460363F01F0388F80030019B1E78112E42
:2035E000A846A2D128376A1C39F80710CAF800200B0A43EA01239BB223F00F024FF2B0068D
:2036000009EB0701B24290B24A8800F0FD80120292B2B2F5704F00F0168103F47F43B3F593
:20362000704F00F0FE802B46F02203F8052B0BEB04029342BFF4A2AE59F80700C5F80100C5
:20364000CAF8003003F102089045BFF497AE6748C9880278198002F10803CAF800800370E7
:20366000644D049A2B78644E0BF803205F4A5B441178059A5A703388A8EB0B085FFA88F80C
:203680005A1A02EB0800844285F8008080F2EE80A4EB0805043D25F00705053C521B121B45
:2036A000002ACCBF02F1FF37032724F00708C4BF97FBF8F70437FCF7B5FFB842FFF45EAE00
:2036C000002DFFF65BAE484A4C4BD2F80090494AB3F800A092F800B0DFF828C1484F0AF1D2
:2036E00001021A8049465A46002309F10400CCF8003006F0EBFF33883E4A89F803A01B0A7D
:2037000063F03F0389F80030338889F80130374B3D604FEA1A2A0BF1040B187889F802A09C
:2037200082F800B0FFF71CFC00283FF427AE33882D492E4D09683A682D782E481B0A63F0CF
:203740001F030B7033884B7015443388ADB205229D42027009D39FE03A6833881544ADB2FB
:20376000AB4240F29980204A11685B1BEA089C42B8BF43460A7128463B60FFF7F1FB00285A
:20378000EAD1FBE5DAF8003020F03F0001431970B9F80220A3F801200333CAF8003068232E
:2037A00004934CE600287FF4FCAD0190FEE5DAF8002002F8013B70230493CAF800203EE630
:2037C000049B43F0040304934FE607F1280149440326B8E60123FAE62B460BEB0400CDE6AD
:2037E0000126ADE69C3B0020B4300020783600208A3B002077360020703B00203C36002037
:20380000B0300020A8300020130A43EA02239BB223F00F02824276D003F47F43B3F5704FA6
:2038200011D02B46F22203F8042B0BEB04029342BFF4A4AD39F80700CAF80030000A687017
:2038400048886880FEE62B46F12203F8042B0BEB04029342BFF492AD39F80700A5F8010085
:203860004888CAF80030000AE870EBE68B428CB2FFF484AD49440BEB080006F019FF3088D3
:20388000001B404480B2FCF7F1F9864B86489B680021984705F044F8012007B0BDE8F08FAB
:2038A00017BB48F2FE0293420BD1B9F81A30B9F81C10B9F81E200B4313439BB2002B00F078
:2038C000AE807A4FDAF800E00FCF0EF11007CEF80000CEF80410CEF80820CEF80C30CAF8F9
:2038E0000070F4E5002FECD078782B78704A6F4943EA00132B700420FFF7C0FA60F03F0051
:20390000C3B20193E3E52B46F32203F8022B0BEB04029342BFF432AD39F807604888CAF89B
:203920000030360A000A00EB061000F5AA60687088E699F81930019A022B42F00802059252
:20394000B9F81A2075D04ABBB9F81C1031BBB9F81E20B9F82000B9F82210024392B21143E9
:203960001AD199F82420002A00F0898099F82220A2B9DAF800504F4901982A4640F009003A
:2039800002F8013B0B68C5F801300B79059006351371CAF80050BCE5002AE7D0464DDAF8BF
:2039A00000600FCD06F1100530607160B260F360CAF80050ADE5B9F8182048F2FE039A4255
:2039C00015D1B9F81A30B9F81C10B9F81E200B4313439BB25BB90D20FCF718FA364902463C
:2039E0004046FFF74BFA019B0343DBB28AE5324DDAF80060019F05970FCD06F11005D3E799
:203A0000049B43F00103049340E5049B43F0030304933BE5049B43F00203049336E5244A8E
:203A200022490420FFF72AFA019F0743FBB201934DE5002AB2D1B9F81C10B9F81E20B9F856
:203A40002050B9F822000A432A43B9F8245002432A4392B2002A7FF479AF99F82620002A88
:203A60007FF475AFDAF8005099F8273005F8013B019BCAF8005043F00B03059349E5DAF8E5
:203A8000005001980D492A4640F00A0002F8013B059008888B78A5F8010004359370CAF843
:203AA000005036E5ECB00100D52F01008C3B00207C3B0020A73B00209C3B0020A93B00203E
:203AC0002DE9F04F0C2091B0814F824CDFF81C82FCF79CF94FF0000BF6F72AFA87F800B0FF
:203AE00084F800B0FCF7C8F8C8F80000FCF7D8F810B911B0BDE8F08F04F0C2FB0420FCF7EE
:203B000077F90146062004F09FFC0320FCF770F90146072004F098FCD8F800301A8852BA16
:203B2000C2F3072101F0F801C02992B200F0A680E02967D158881D792378C2F30A0940BA67
:203B4000053380B22A4649462370FFF7A5FAB0F1FF3F8246CDD0604ACDF808B0B02303FB98
:203B600000234FF4A06C9E890123CDE9003C4E4534BF00260126FCF793F823788342B8D855
:203B8000FCF78EF823783F78544AC41A07EBC5052544B5F5A06F146000F2F981BBF1000F65
:203BA0000BD00199E2198A42A3DCD8F800100BEB07001944224606F07BFDB9F1000F00F091
:203BC000FB81029B3BB1444AB02303FB0A233A1992B29A811A83002E40F06482009B002BFB
:203BE00087D13C441FFA84F93D4C3E4A2368A2F8009023B1FFF708F923685B68984701F0A8
:203C0000BBFD76E7DA46D946CDF800B04FF4A062DFF8DCB0019222783348995C01F0F005B0
:203C20000026F02D067047D001F0E000602861D041297FF45EAF511C53FA81F303F1200CF2
:203C400059461E685D689868D3F80CE0C1F80CE0103363450E604D60886001F11001F0D16C
:203C600018685B684B6008603B782833293200263B70009B2270354602937CE75888237899
:203C8000C2F30A0940BA043380B25A4649462370FFF702FAB0F1FF3F82463FF42AAF0E493B
:203CA000D8F80030B02202FB001202F11A0B94210122CDE90021AEE70132D2B201F00F050B
:203CC00011F00E0F227005707FF413AF995CABE77836002077360020442F0020B0300020D5
:203CE000F4290020703B002076360020B4300020843B0020FBF7D4FF22780290531C8342E8
:203D0000BFF6F7AED8F8001088188B5C90F901504678039502F1020EBC4A01EB0E00002D82
:203D20001060BCBF01301060D80600F14D81B74A10681A07A0EB010500F19081029A033559
:203D4000AA427FF7D6AE054630F801CFAF4A80788BF80300ABF801C015F8040B9BF801C0EF
:203D60001560850805F0300545EA80150CF00F0CC0F3830040F0600045EA0C0C8BF80000AC
:203D80008BF801C013F0040205920CD19F4A1068029A451AAA427FF7ACAE9C4A10F8015B00
:203DA0008BF80650106013F0030300F04A819848C35C8BF807307506C6F3011340F1B28191
:203DC000039A002AB6BF11F80E2000221209002B40F02A810BF1080519468E4A0691D25C28
:203DE00004920C20FCF712F8049A069903462846FFF72CFA00283FF47CAE16F0080306F068
:203E0000030200F0A08170071FD4531E40F2FF21012BADF83C100DD87C48D8F8001003684E
:203E2000029D591A8D427FF764AE13F8011B8DF83D100360784900238A5C0BF118000FA927
:203E4000FFF704FA00283FF454AE3B786F4A2833D2F800C0D8F800203B70029B0492ACEB5B
:203E6000020293427FF745AE059B002B00F014820BF10603059300220BF12803CDF82CB028
:203E8000CDE90C9A089266469B465AE05F49049BB51C0D600299EA1A9142737809937FF771
:203EA00028AE2A46594B12F8016B1A60049B0A921146A1EB030A06F1020C069B06F1010E51
:203EC00019F0040F4FEADC093344D64409F1FF3A324606935FFA8AFA7FF40BAE079D4F4B8C
:203EE0005B5D059DCDF814B02B70019B069D9D423FF7FFAD5FEAEC0C00F01282099B8BF858
:203F00000030029B8BF801A07345FFF6F2AD06F0CFFB4FEAC909089B0A993A785FFA89F9C6
:203F20004B44DBB20893394B0E441E60039B0AF1010A91440BEBCA0B87F80090002B00F008
:203F4000F3810B9B32780499ABEB03030233069302F0F00C02F00103751C0393BCF1E00FEF
:203F6000C2F342030BF10200A5EB01014FEA5209079340F0A681254A1560029A8A427FF770
:203F8000B8AD039B002B81D00023099389E72449244B5FFA8AF0B02202FB001200245481EA
:203FA00003F24C519A781AB11A78824208BF9C7071338B42F6D19CE5009B002B3FF411AEF8
:203FC000002E7FF411AE94E513F0080563D10F4A1068029AA0EB010C62457FF78AAD90F8E3
:203FE00000C00A4ACCF3830C4CF0600C8BF800C010F801CB10604FEA9C0000F0300040EA11
:204000008C10ABF802508BF80100BBE6A43000209CC00100A0C00100A8C0010084C001008A
:20402000442F0020F8290020C549087801287FF460AD487890427FF45CAD02310BF108052B
:20404000CBE6C04A029D1368581A85427FF751AD13F8010B8BF807001360ACE6029A023565
:204060004FF0600CAA428BF800C07FF742AD90F800C0B44A4FEA9C0505F030050CF00F0CA0
:2040800045EA0C0C8BF801C0B0F80150ABF802500330106076E660250020ABF80050ABF86D
:2040A00002006FE6DFF8BC82B02303FB0AF308EB03025589B2F818B0A2F80C905D4568D36B
:2040C000B5F5A06F65D81A3308EB03015A469E489E4E06F0EDFA9C4BA5EB0B0203EB0B00DA
:2040E000002106F00DFBF51E06F24C5B02E07136B34574D016F8012C002AF8D016F8033CB0
:204100009A45F4D116F8023C8F4802EBC301B1F5A06F4FEAC3033146184400F2258106F012
:20412000C7FAE4E78A4A0C20D25C0492FBF76EFE049A884903460BF10800FFF787F8002878
:204140007FF45BAED5E4710738D50399002906DA2178D8F800300B449B7803F00F03784D3B
:20416000297801297FF4C5AC697899427FF4C1AC794B0D209A5C0392FBF748FE039A03465A
:20418000A91C0BF11800FFF761F800287FF45DAEAFE4B0235FFA8AF003FB008A6F4B0024B2
:2041A000AAF80A4003F24C519A781AB11A78824208BF9C7071339942F6D19AE4644B0D20DB
:2041C0009A5C0392FBF722FE039A624903460BF11800FFF73BF800287FF437AE89E45FFA2E
:2041E0008AF1B02303FB018A00205D4AAAF80A00AB781BB12B788B4208BFA8707135AA42A5
:20420000F6D1009B002B3FF4ECACEDE40299013399427FF76EAC9CF801301B09A3F57563E2
:204220009BB21B0243F0F00333809CF8013003F00F03A3F575639BB21B0243F0F00373807E
:20424000404B0CF102051D6053070CD43D49049A0B6802989A1A013290427FF74AAC33F897
:20426000022BF2800B60FBF71BFD364AD8F8001012680346B9F1000F00F0AF80089AA9F1F3
:2042800028039B1A9BB21A0212B21B0A3978134301F10802B3803A702A4BD8F800201B6824
:2042A0009B1A2370B9F1000F71D0A9F128031A1200268BF80530009B8BF80420354602939B
:2042C00059E4049B0299B446ACEB030399425E46DDE90C9ADDF82CB07FF70BAC02F0F8021B
:2042E000F02AD9D10199A6EB0B0207328A42BFF600AC059911220A709CF8002002F0F30177
:20430000F03903293FF6F5AB01A050F821F000BF19440100ED430100AF4301000D420100E8
:204320008BF801C0FFF7E5BB049B029ADDF82CB0F31A9A42DDE90C9AAEDCFFF7DABB00BF8E
:20434000E8290020A4300020843B0020FB290020A4C0010088C00100A0C00100F8290020C5
:20436000442F0020442F0020B02303FB0A823249002353815FFA8AF0AA781AB12A78824222
:2043800008BFAB707135A942F6D1FFF7B2BBFBF787FC21783A78431A1344283B5BBAABF8F1
:2043A0000430009B02934E464D46FFF7E4BB0299033399427FF79DAB9CF80130A3F5805343
:2043C0009BB21B0243F0F0033380BCF8023073801A4B0CF104051D6036E7521AC2F1080293
:2043E00013449BB21A0212B21B0A4FE70299033399427FF77EABBCF8013033809CF8033034
:20440000A3F580539BB21B0243F0F00373800B4B0CF104051D6017E70299043399427FF7B4
:2044200068ABBCF801303380BCF803307380034B0CF105051D6007E7442F0020A4300020B0
:2044400038B54368934294BF03F1FF35154604462A46006806F02CF9D4E900322B44521B11
:20446000C4E90032002038BD0CB410B586B008AA029052F8043B094C019208460390194698
:2044800004A802ABCDE9044300F0BCF8029B00221A7006B0BDE8104002B07047414401003F
:2044A000074B82B001AA9A42019304D9CD2103F8011B9342FBD10348002102B0FBF7D4BF37
:2044C000604300208402002038B5124C124D04F027FA2378CD2B08D0AC4202D30EE0AC42AA
:2044E00012D014F8013FCD2BF9D1AC4202D30BE0AC4209D014F8013FCD2BF9D004F010FA4C
:20450000AC4203D2281B38BD04F00AFA4FF0FF3038BD00BF604300200000042070B50388EF
:20452000044633B1972B0DD1154BDB6873B1012070BD13484FF4A061F4F7C4FF97232380EE
:20454000012070BD00230380032070BDFFF7BCFF0C4E0D4BF61AB04205460DD90B4B1B68A8
:20456000002B09DD0A4A0B490B48FBF7D9FE0B4832462946FBF7D4FE0148F4F7ADFFDDE7C4
:20458000B8300020000004206043002098010020ACC00100F8AE010080AD0100B4C00100BC
:2045A00010B50446F1F7BCFAD4E900321344C01A6FF0004398422CBF0020012010BD00BFFA
:2045C000102A2DE9F041144606460D460DD90C4F01E0102C0CD93368286810223946103CF6
:2045E00098470028F5D0BDE8F0811046002AFAD03368286802492246BDE8F041184700BFBD
:2046000020C101000B78002B00F0DF842DE9F04F91B0904600228A468146009204E01AF80A
:20462000013F002B00F0D680252BF8D1514500F00381AAEB0104D9E90030224698470028AB
:2046400040F05881009A9AF8003022440092002B00F0C3809AF801300AF10104002B00F0C1
:20466000BC800021A3F12002102A0AD8DFE802F0AF0909AC09090909090909A909A609093C
:20468000A100A3F13102082A40F2BD802A2B00F0C88000262E2B00F0AB804FF0FF3B6C2BDA
:2046A00000F09F80682B00F0CA807A2B03D1637841F060010134782B00F2EA80DFE813F03A
:2046C0008D00E800E800E800E800E800E800E800E800E800E800E800E800E800E800E800B5
:2046E000E800E800E800E800E800E800E800E800E800E800E800E800E800E800E800E8003A
:20470000E800E800E800E800E800C401E800E800E800E800E800E800E800E800E800E8003C
:20472000E800E800E800E800E800E800E800E800E800E800E800E800E800E800E800E800F9
:20474000E800BD01E800E800E800B601AF01A801E800E800E800E800E800E800E800E800AB
:20476000E800E800E800E800E800E800E800E800A101E800E800E800E800E800E800E800FF
:20478000E8009A01E80093011F015B0169016201E8001F01E800E800E800E80085017E0124
:2047A0007701E800E8007001E8005401E800E8004D0141F0100114F8013F53E741F00101EA
:2047C000F9E741F00601F6E741F00801F3E741F00201F0E78A457FF42CAF009811B0BDE8AA
:2047E000F08F63786C2B31D0013441F0600162E76378A3F13000092804F101022BD92A2B96
:204800003AD0144649E7002606EB860603EB460614F8013FA3F13002092AA6F13006F3D949
:2048200038E7D8F800606378002E08F10408B8BF41F0010101342DE79AF8003007E763789D
:20484000682B20D0013441F0400134E7A37841F0800102342FE74FF0000B0BEB8B0B03EB36
:204860004B0B12F8013F2F2BABF1300B40F29282392BF2D9144612E7A378D8F800B00234CE
:2048800008F104080BE7A37841F02001023412E701F4E0630F46B3F5A06F04F1010A39D038
:2048A00000F29181B3F5407F00F09C81B3F5806F40F0D180D8F80050019508F10408002D80
:2048C00040F02082C44B01930625BBF1000F02DB5D4528BF5D46AE428CBF761B0026F80783
:2048E00040F12382D9E9003001992A469847002800F0B9814FF0FF3011B0BDE8F08F01F46D
:20490000E06343F48073B3F5A06F41F4245704F1010AC5D1012ED8F800308DF828303546A6
:2049200038BF0125FA0705F1FF3508F1040840F11C82D9E9003001220AA998470028D9D1E2
:204940002A4609F104014846FFF73AFE009B01330028CFD1EB1800933FE001F4E06343F471
:20496000807341F4C85796E701F4E06343F4807341F410678FE701F4E06343F4007341F4D8
:20498000024788E701F4E06343F4007341F4813781E701F4E06343F4007341F400777AE739
:2049A00001F4E06343F4806341F4806773E701F4E06343F4407341F440776CE701F4E06396
:2049C00043F4807341F4885765E704F1010AD8F80030009A1A6008F104086378002B3FF4FB
:2049E000FCAE514620E601F4E06343F4A06341F4A06750E701F4E06343F4007341F4C1377C
:204A000049E701F4E06343F4807341F4B24742E701F4E06343F4007341F4A1373BE701F4A7
:204A2000E06343F4007341F4844734E701F4E06343F4007341F442472DE701F4E06343F44B
:204A4000007341F4E13726E701F4E06343F4C06341F4C0671FE7B3F5807FBED1BBF1000FA4
:204A6000ABBF27F010070123CDF804B0019317F40053069307F0E00300F01D81402B00F0B3
:204A80007C8200F20B81002B00F05A82202B40F09E8298F9002008F10408D317002A73F1DA
:204AA0000001C0F21D82CDE9022307F4C053B3F5805F00F08C81B3F5C05F00F0E781B3F570
:204AC000006F00F0AD81002305939B460DF13E030493019B9B4534BFA3EB0B03002341F672
:204AE0000802019307EA020141F208039942019B00F0138191425B4404D1DDE902120A437D
:204B000040F0588100250795069A7AB1059A002A40F04C8107F00602022A00F054812F49D2
:204B2000062A079A04BF0A46012507922B449E428CBFF31A0023029317F00103059307D1F8
:204B4000FE0640F1F381DDE901210A44CDE901233DB1D9E9003007992A46984700287FF432
:204B6000C9AE009B019F5B44102F009340F2B2811B4ED9E9003010223146103F9847002853
:204B80007FF4B8AE102FF4D8D9F800301449D9F804003A46984700287FF4ACAED9E90030B8
:204BA00004995A469847009B1D4400287FF4A2AE019B2B449B46059B002B40F0ED80029B01
:204BC0005B44009309E7B3F5C06F5BD0B3F5E06F3FF4FDAE01E700BF14C101000CC1010091
:204BE00030C10100D8F80010C948CA4D17F4804F08F104080A464FF0000314BF8346AB46BD
:204C000000296AD00DF13B0E7146100902F00F0C40EA03701D0902462B461BF80C0001F879
:204C2000010D52EA0300F0D1BEEB010557D003357823AE4201F8013C4FF030024FF02303C1
:204C400001F8022C01F8033CA1F1030B8CBF761B0026F9077ED5D9E9003059462A46984720
:204C600000287FF447AE324609F104014846FFF7A7FC009B2B441D4600287FF43BAE731989
:204C80000093AAE6D9E90030A3490122984700287FF430AE009B013300939EE6602B00F037
:204CA0004F81802B40F0938108F1070828F00708F8E80223F2E6402B00F0578115D8002BDE
:204CC00000F04481202B40F0998198F800200023CDE9022308F10408E7E60DF13B0130237D
:204CE00001F8013C04250139A2E7602B00F02E81802B40F0838108F1070828F00708F8E87A
:204D00000223D0E62B78002B00F0488115F8013F002BFBD1019BED1AD7E5012B38BF012347
:204D20000025019307955B44EEE6324609F104014846FFF745FC00287FF4DCAD0199D9E9EF
:204D400000302A46984700287FF4D4AD009B2B441D4694E7324609F104014846FFF730FCA9
:204D600000287FF4C7AD5946E9E72A4609F104014846FFF725FC00287FF4BCADD9E90030AB
:204D800001220AA99847009B013300287FF4B2AD2B44DFE514468EE4029A09F1040148466D
:204DA000FFF70EFC00283FF40AAFA3E55B4A07920125BBE65A495B4A17F4804F18BF0A4609
:204DC00007920225A0E6584A07920125AEE6DDE9022313433FF477AEDDE902231846002393
:204DE00015460593DDE902230DF13E0107918C464FEAD20B4BEA437B02F007014FEAD30E11
:204E000030315A4673460CF8011D52EA0301EFD1079BCDF810C0CDE90250A3EB0C0B58E694
:204E2000DDE90223134300F0C88000230593DDE902120DF13E03CDE9086407938B4615463D
:204E400004971C46584629460A22002305F0A6FA303204F8012D584629460A22002305F087
:204E60009DFA2F465E46002F08BF0A2E83460D46E8D2079B049F089E04942246A3EB020BF8
:204E8000099C26E600220023CDE9022317F4804365D10593DDE902231E4DDDE90201014342
:204EA00000F085800DF13E000790110902F00F0E41EA03714FEA131C0A46634615F80E10D6
:204EC00000F8011D52EA0301EFD1079B0490A3EB000BFEE5019B002B3FF460AE1F4653E664
:204EE000524207F4C05163EB4303B1F5805FCDE9022355D0B1F5C05F45D00123B1F5006FE6
:204F0000059394D00DF13E0304934FF0000BE0E5F0C00100DCC001001CC10100A8B3010028
:204F200004C1010008C1010010C10100029A09F104014846FFF744FB00283FF409AED9E4E2
:204F4000D8F8002008F10408D317A7E5D8F8003000221946CDE9021208F10408A5E50021EB
:204F6000DDE90223324D059197E7B8F800200023CDE9022308F1040897E5B8F9002008F19A
:204F80000408D3178AE57B0405D50121DDE90223274D059186E7012305937BE7019DB9E674
:204FA000DDE9022318460123154605931AE70DF13E034FF0000B04938BE54FF0000B0DF1B8
:204FC0003E03CDF814B0049383E51846704707F4C053B3F5805F06D0B3F5C05F3FF452AF8D
:204FE000B3F5006F13D0002305939B4600230022CDE902230DF13E0304936AE507F4C053C8
:20500000B3F5805F08D0069B05939B46EEE74FF0000BCDF814B0E9E7069905910023002225
:20502000CDE902230DF13E038B46049351E500BFF0C00100074A084913681844884202D82B
:20504000106018467047054B0C221A604FF0FF3318467047940200200000042048430020C8
:2050600010B44FF080414FF080520020C1F80C015E4BC1F81001C1F83805D2F80414C3F86F
:205080002015D2F80814C3F82415D2F80C14C3F82815D2F81014C3F82C15D2F81414C3F888
:2050A0003015D2F81814C3F83415D2F81C14C3F84015D2F82014C3F84415D2F82414C3F8D8
:2050C0004815D2F82814C3F84C15D2F82C14C3F85015D2F83014C3F85415D2F83414C3F828
:2050E0006015D2F83814C3F86415D2F83C04C3F86805D2F840043E49C3F86C050968D2F8C3
:205100004424C3F87025082924D04FF08043D3F80024D20744BF6FF00102C3F80024354A25
:20512000D2F8883043F47003C2F88830BFF34F8FBFF36F8F4FF01023D3F80022002A23DB0A
:20514000D3F80432002B1FDB2B4B2C4A1A605DF8044B70472A4B1B68002BD6D129482A4AB9
:205160002A4C04602A492B4BFB20C2F818050A681B68294822F00F0203F00F0313434FF453
:2051800000720B600260C0E7244A0123C2F80435D2F80034002BFBD04FF0102312211F4AA2
:2051A000C3F80012D2F80034002BFBD04FF0102312211A4AC3F80412D2F80034002BFBD060
:2051C00000231649C2F80435D1F80034002BFBD0BFF34F8F0749124BCA6802F4E06213436A
:2051E000CB60BFF34F8F00BFFDE700BF00C000403001001000ED00E0980200200090D00367
:20520000340100108C56004000F0004048810300E40E0040580200104096024000E0014056
:205220000400FA052DE9F0410F4A104B15881F680646B48B7069AC4228BF2C4622463946BA
:2052400005F036FAD6F8048023463046B8F1000F02D07269F168C0472D1BADB22744002DF4
:20526000E7D1BDE8F08100BF703B00208C400020C18C01B9704710B4084A048D1268D28BAE
:20528000A24228BF224603469142A8BF1146806999845DF8044B02F0B9BF00BF904000203E
:2052A0002DE9F041038804462BB1F22B08D1944B1B788B4209D0F22323800120BDE8F081F9
:2052C000002303800320BDE8F0811546002A48D0136B1BB18B4A12689342ECD18A4E3378A4
:2052E00013F0400148D11F0671D5AF6827B1E96802222846B8473378AA8D2AB195F82A2081
:2053000042F0010285F82A209A0600F1C880DF0748D4980741D4190702D02846FFF7A8FF05
:205320006F8C27B995F82A309A0700F18F803378D806C0D5734B0021186800F0F3F9AB689E
:2053400000222A631BB1E968012228469847AB8D002BB0D095F82A3043F0010385F82A3039
:20536000A9E7694E337813F0400141D1980600F19180202333709EE7624AAF681268D28B40
:205380002A8527B1E96800222846B8473378990774D42846FFF76CFF8DE72846FFF742FF2B
:2053A0003378B8E7EA8C002AB3D0AA8C002A7CD16B8CAF689B1A9BB200226B84EB84AA8415
:2053C0001FB1E96804222846B8473378A1E79A069DD54C4B186800F0A5F9AB681BB1E968FF
:2053E000032228469847AB8D002B4BD133788EE7464B1D68002DBCD0DFF8088102E02D68F6
:20540000002DB6D095F82A30DB07F8D5AF8D002FF5D0D8F80030188A02F0E6FE8742EED113
:2054200095F82A30D8F8000023F0010385F82A30C38B2B85294600F075F9AB68002B5CD092
:20544000E9680022284698473378A0E72D4A2F6323F0020385F82A30106810233946337095
:2054600000F060F9AB8D2F63002B3FF460AF95F82A3043F0010385F82A3058E72846FFF714
:20548000D1FE86E795F82A20337842F0010285F82A203CE71B4B186800F044F969E7194B68
:2054A0000021186800F03EF997E72B8CA86981189A1A05F00BF96B8CAA8C9342BFF479AFBB
:2054C000104B0021186800F02DF9AB68202232707BB1E968032228469847AB8D002B3FF43E
:2054E00074AF95F82A20337842F0010285F82A200FE7AB8D002BF4D112E7337847E700BF5C
:20550000554300209040002084400020C830002070B50A4D0A4B2E682B600446808D02F0AC
:2055200063FE00F0E1F894F82A302E60002223F00103A28584F82A30012070BD843800206D
:205540009C0200202DE9F041184F97F800C00446884616461D46BCF1000F18D014B3069BAD
:20556000A361079B2384089B63600027099B1048C4F80C806661A583A36067842146F4F7DE
:2055800067FDA78584F82A700120BDE8F081084B0848C3F800C06146FAF766FF01233B7044
:2055A000002CDCD14FF0FF30BDE8F08179360020C83000209C02002008B32DE9F04104469D
:2055C000006B0F46154610B1002100F0ABF80D4E0D4BD6F800803360284602F005FE2246DC
:2055E0000146384600F06AF8C6F80080206310B10120BDE8F0814FF0FF30BDE8F0814FF018
:20560000FF307047843800209C02002070B5C0B10446408C238CA6691D1A9542A8BF1546D0
:205620002A46304405F052F8638CE28C2B449BB2638422B1206B00F025FA284670BDE384D8
:20564000F8E74FF0FF35F8E738B190F82A3043F0020380F82A30012070474FF0FF30704747
:2056600070B110B50446FFF753FF206B10B1002100F058F804482146F4F736FD012010BD46
:205680004FF0FF30704700BFC830002010B5014682B004460120F7F73BF838B9064BDB68BF
:2056A0000193204602B0BDE81040184702F0E8FD002002B010BD00BF8CC0010038B5154620
:2056C00001F00AFD044640B1054BC5621B688362024600210348FAF74BFF204638BD00BFAF
:2056E00084380020AC02002010B40C4A0C4B146803F1A00102E008338B420BD01A88824253
:20570000F9D15A68A242F6D100221A805DF8044B01F0CCBD5DF8044B704700BF8438002082
:20572000DC300020024B1B68C0E90A31704700BF8438002010B5144601F064FD18B1024BB0
:20574000C4611B68836110BD8438002000B5084B83B01B688DF8070033B1064A18461178AF
:205760000DF10702FAF726FF03B05DF804FB00BF1442002056430020002108B50846F6F7FE
:20578000C7FF18B1BDE8084002F07ABD024602210348FAF70FFFBDE8084002F071BD00BFE3
:2057A000AC02002070B5384D2B8888B0002B36D0B3F5A06F31D8354C608B238BA28BE18BE2
:2057C00003431343228C608C0B431343A18CE28C03430B4313439BB2FBB12D4E736B984739
:2057E000D8B1237EFF2B1CD004F1180000F020FC20B12B889BB100F04DF810E0336C04A810
:20580000984780B104AC204600F0B4FA054648B3284600F0A9FAFFF739FF02F031FD08B077
:2058200070BD0020F7E704F1180000F0E3FBB8B904F1180000F0E2FA054658B100F0DCFAFE
:2058400004460028DFD12846F36C9847284600F0D7FAE2E700F038FB04460028DDD0D2E787
:205860001834D0E702A8214600F0C6FD092301952A46009302A92046012300F019FA054619
:205880000028C5D1C9E700BF703B0020843B002014C0010010B5114B114C1B88228803F19D
:2058A0003B01914203DA0F4A9179062909D0012001F010FD238803B910BDBDE81040FFF753
:2058C00071BF134493F835309B07F0D50648C368002BECD1F3F70AFEE9E700BF4236002070
:2058E000703B0020843B0020CC3000202DE9F042038804467BB340F23530834226D1022919
:205900006BD0914616D9872942D088290CD1504B9A4200F082804F4B9A4205D1D3681BB972
:2059200000F0B0FCFFF73EFF40F2353323800120BDE8F082002940D0002AF5D0464B052045
:205940001A6001F0C7FCFFF72DFFEDE7002323800320BDE8F082414D1946A022284604F012
:20596000CFFE3F4B1B68C5F8A030FAF775FD3D4B1870FAF771FD3C4B0246402134481A70B8
:20598000F3F7A0FD01F068FB384B5B689847CBE7374D002705F1A00602E00835B54223D005
:2059A00055F8043C9945F8D135F8080C01F07EFC25F8087C45F8047CEFE7002AB4D02D4BAD
:2059C00003201A6001F086FCFFF7ECFE2048C368002BA9D1F3F78AFDA6E7274B1B88002B61
:2059E000A2D0FFF757FF9FE7244B002503F5C070996A894504BF9D6283F8255030338342FC
:205A0000F6D11F4B002503F580709969894508BF1D8220338342F8D186E7D368002B83D10A
:205A2000164D144F05F5C07603E03035B5423FF47BAF95F82530002BF7D04846F3F756FD35
:205A400002203D6001F046FCFFF7ACFEEDE700BFCC300020603B002088400020DC30002036
:205A600084380020554300205643002014C00100E430002090400020703B00209440002021
:205A800048420020024600210148FAF771BD00BFAC02002038B51C4B1A68002A30D002F10B
:205AA00028051A4B1B785B0618D5194B118A03F1A00402E00833A3421AD033F8082C8A42C5
:205AC000F8D153F8040C0028F4D00022C5E90002104BDB6833B90F48F3F708FD286800B9CB
:205AE00038BD6A680C4B1978BDE83840FAF762BD084BDB68002BEED028680028F0D0F0E7FC
:205B0000064B1D681835CCE79040002084400020E4300020CC3000205543002088400020EB
:205B2000802802D1024B00221A600120704700BF04C500400120704730B5134C012323609E
:205B400083B0FDF725F86FF003031D1A03E0FDF71FF8C54203D5D4F80031002BF7D00A4B54
:205B60000022C3F80021D3F80825D3F80835920544BF6FEA83536FEA9353034A019301231A
:205B80005360019803B030BD00C0004010B541600446EFF7A9FF206010BD00BF10B50446C0
:205BA000EFF7A2FFD4E90021C2F101031844884284BF5218226010BD10B50446EFF794FF1F
:205BC000206010BD10B50446EFF78EFFD4E90032C3F10103184482422CBF0020012010BD36
:205BE00030B4144B1448154D4FF0A04100220324C3F80025C1F874474FF00054C1F808454E
:205C0000C1F87C271F241D21C3F8245582B0C3F86C25C3F81445C3F80C15026001680191A8
:205C2000019C074A04200121C3F80005116002B030BC7047002000401C21004000E0D70115
:205C400008200040074B0849084A0020186082B01B680193019BD1F818051368C0B202B0E5
:205C6000184700BF08210040002000408031002050B110B5054B04469B6C98472146044873
:205C8000BDE81040F6F7CABC704700BF14C00100BC02002008B5F4F7B1F9BDE808400249E9
:205CA0000248F6F769BB00BF715C0100BC020020F8B505469DF818200B481E46079BF6F713
:205CC0003FFC044668B1094BD5F800C06F68A968EA689B6CC0F800C047608160C260467428
:205CE00098472046F8BD00BFBC02002014C00100002834D02DE9F041884688B061B307465E
:205D00001848F6F7BDFB064630BB3D682868EB686968AA6803AC0FC428462B8A2380FFF79E
:205D2000A7FFC8B1052300939DF81C209DF81D300196414603A8FFF7BBFF0546386058B171
:205D400003AC0FCC28606960AA60EB6023882B82304608B0BDE8F0814FF0FF30F9E74FF0EA
:205D6000FF307047BC02002001460148F6F7BABCBC02002070B5B8B105460D48F6F752FB26
:205D8000044688B10A4E03E0F6F718FB044658B129461022204604F07DFC03462146304658
:205DA000002BF1D1204670BD0024204670BD00BFBC02002001460148F6F762BBBC02002097
:205DC00008B5FFF7D7FF28B10146BDE808400248F6F788BC08BD00BFBC020020704700BFDA
:205DE00008B50348F4F77CFA024B00221A6008BDCC020020A43200200020704700207047FA
:205E0000704700BF0C4B1B68A3B1984210B5044602D105E0A34203D01B68002BFAD110BD3F
:205E200021460548F4F760F921460448BDE81040F4F784BA704700BFA4320020CC0200203F
:205E400038B5054670B1084B1C6814B908E0246834B110222946201D04F01CFC0028F6D113
:205E6000204638BD0446FBE7A432002070B5C0B10E460546FFF7E4FF0446A8B12868696893
:205E8000AA68EB68251D0FC51EB901232377204670BDA661EFF744FE00236061237720464C
:205EA00070BD0024204670BD0548F4F72BFA04460028F6D001460348F4F7F8F8DEE700BF78
:205EC000CC020020A432002038B5084B1C685CB1251D2846FFF74EFF08B1437C13B924684A
:205EE000002CF5D1284638BD2546FBE7A432002038B50A4D2C6824B1237F1BB12468002C37
:205F0000FAD138BD04F11400FEF74AFB0028F5D02046FFF777FF2C68EDE700BFA4320020A2
:205F20002DE9F04702FB0106B0429DF820A0DDF8249016D20446174698464FEADA0A05E0D1
:205F400004F0A8FBA8B13C44B4420AD2257C204652464146002DF3D1C9F800403C44B44271
:205F6000F4D3D9F80030002B14BF01200220BDE8F087C9F80040BDE8F08700BF0048704721
:205F8000EC32002080B32DE9F041DFF8648082B0CDE900184FF0000C0D4617461E460446E5
:205FA00003461C221148C8F800C00321FFF7B8FF012803D0002002B0BDE8F081D8F800C03C
:205FC0008CF810002068E3686168A26864460FC4D8F80000089B4361099B45748774C67461
:205FE000836102B0BDE8F081002070470C3B002014330020F8B50C4B0C4E1C4605463360B2
:2060000003F15407237C2046294623B1627CD20804F040FB28B11C34BC423460F2D1002064
:20602000F8BD0120F8BD00BF0C3B002014330020A0B130B583B00A4C0194802203460025E4
:206040000092084825601C220321FFF769FF10B9206803B030BD002003B030BD0020704791
:206060000C330020103A0020F0B4124B124F05461A463B60184603F15404002148F2FE06A6
:2060800008E0437CAB420AD01C30A0424FF001010CD00246037C002BF6D06B1CF1D10388BB
:2060A000B342F1D121B13A60F0BC704738600020F0BC7047103A00200C330020F0B4124B75
:2060C000124F05461A463B60184603F15404002148F2FE0608E0437CAB420AD01C30A04274
:2060E0004FF001010CD00246037C002BF6D06B1CF1D10388B342F1D021B13A60F0BC704772
:2061000038600020F0BC7047103A00200C33002000B370B582B0104D01958023009304461E
:20612000034600260D482E6012220721FFF7F8FE012802D0002002B070BD2B681874206824
:206140006668A168E268186028685E609960DA6002B070BD0020704710330020883A00202A
:20616000002847D02DE9F04782B0234E01968023009388460346914604464FF0000A1F483B
:20618000C6F800A01C220321FFF7CAFE0128054603D0002002B0BDE8F08737683874206879
:2061A0006168A268E3680FC7376887F81290B8F1000F16D1FD7412480122FF237A74037318
:2061C000637B4373E389C38140F2FF2100224FF0807380E80E00FFF79BFF306802B0BDE8E0
:2061E000F08787F813A0C7F81880EFF799FC78613768E0E7002070470C330020103A002045
:20620000FC320020A0B130B583B00A4C019480220346002500920848256012220721FFF713
:206220007FFE10B9206803B030BD002003B030BD0020704710330020883A002038B50D4BCF
:20624000FF221A73427B5A7304464FF0807140F2FF2000251860E289996018465D60DA81C4
:20626000FFF7D0FF044B186000B105740023237438BD00BFFC3200201033002008B1FFF79A
:20628000DDBF704738B5124B124C1846236003F1540504E020681C30A842206010D2037C52
:2062A000002BF7D0C37C002BF4D11430FEF778F90028EFD020680028EDD0FFF7BFFFE9E73B
:2062C000FFF716FEBDE838400348F3F705B900BF103A00200C330020603B00202DE9F04F0C
:2062E0000B8848F2FE094B4505463BD00B78FF2B38D03A483A4E00230246306000F15408DD
:206300009A4603E01C324245326022D0107C0028F8D0507C0128F5D110884845F2D001F151
:20632000FF3C571E00201CF801BF17F8014FA34500F1080E3FD15FFA8EF08028F3D1504583
:2063400028BF134602F11C0228BF824642453260DCD12BB31C460FCC28606960AA60EB60B6
:20636000BDE8F08F1D4B1E4E1946336003F15404002048F2FE0705E01C33A3424FF001002F
:206380000DD019461A7C002AF6D05A7C012AF3D11A88BA42F0D10028DCD03160DAE733605E
:2063A00000232B806B80AB80EB802B816B81AB81EB81BDE8F08F00F1080E8BEA04045FFA5D
:2063C0008EFE670014F0800F00F1010CFCB2B6D15FFA8CF08645F4D1B1E700BF103A0020DE
:2063E0000C3300200B684A688360037AC26083F002030372704700BF51F8083F4A6803608F
:206400000378426083F002030370704770B5094E70684508FAF762F90446FAF75FF9240217
:206420007268A4B22044B0FBF2F302FB1300284470BD00BF003A0020F0B53C4A54881388D4
:206440009088D1881589234303430B4354899089D1892B43234303430B439BB283B023B91F
:20646000C2E90133FD21D3601160314E314CFFF711FCFFF7B5FC542200212F4804F040F99A
:2064800030464FF48472002104F03AF92B492C4B4FF4A0604EF660224027306072601C200C
:2064A000102286F806711A700870FFF7AFFF002539464FF47A77CDE90055F76048F2FE0796
:2064C0002B46B0602A4686F80751C4E900752046FFF758FD1B4B1868596804F1080303C3B5
:2064E000237A2946012283F002032046237240F2FF26FFF735FE4FF08073E360C4E9015502
:2065000020462660FFF704FE4FF00073C4E90065C4E902532046FFF7FBFD0B484FF4F051A6
:2065200003B0BDE8F040F2F7CDBF00BFEC320020003A0020FC3200200C3B0020093B0020EE
:20654000083B00207C3B0020603B00202DE9F047DFF8548008F108030FCB84B06E4686E81A
:206560000F0098F8077000F017FE0E4B1C689CB1DFF838A0DFF8389065683946304645B1D0
:20658000BAF80030B9F800202C3B2C329BB24244A8472468002CEFD101F072FE04B0BDE88F
:2065A000F08700BF18330020843B0020703B002042360020F8B51C4F1C4A3B7E92F8062110
:2065C000FA71FF2B22D007F1080696E80F00184D07F1180485E80F0094E80F0086E80F00A4
:2065E00095E80F0084E80F00124C00F0D5FD23882833FA1881200021F852518000F028FD6A
:2066000023880D4A1344C0435880F8BD07F1080494E80F0007F1180585E80F00294620469C
:20662000FFF75CFEE0E700BF843B0020003A00202033002042360020AC3B002008B5094B28
:206640001B6863B11A7A8242FAD15A7A914201D0FF2AF5D15B6813B19847002008BD0120AD
:2066600008BD00BF1C33002001460148F3F7F0BC1C3300202DE9F84F494B1B783A2B05465E
:206680000E46174600F08480464C62892389A1891343E2890B43218A1343628A0B43A18A8D
:2066A0001343E28A0B4313439BB2002B42D0237AFF2B3FD03C4BDFF804A11B6BDFF8F0B014
:2066C000DFF8F090984704F11808BAF800C098E80F000CF1300C1FFA8CFCBCF5A06F28BFED
:2066E0004FF4A06C8BE80F000023ACF13002214604F13000AAF800C0A9F8003003F0E6FF40
:2067000004F108030FCBDFF8B8E09BF800C09EF806E184F807E088E80F004FF0600E3A2374
:20672000BCF1FF0FC4F800E0A37107D1042D01D1022E03D0BDE8F84F01F0A2BD1B481C490C
:2067400000F12408FFF7CAFDB9F800B00BF128033846E5541C44A8F10405667001F048FD12
:20676000BAF8001048F80B00283989B2A8F12C0001F0CAFDB9F800302B4400225A8000F0B7
:2067800067FCB9F800302B44C0435880BDE8F88F084A094B1288D356002BFFF675AFC9E7E2
:2067A0007B360020843B002014C001008C3B00202033002042360020AC3B0020703B002090
:2067C000003A00202DE9F8439EB21D4B1D4C93F80631E3710546331D60208846206099B223
:2067E00020463A231746A37101F08EFD2DB328686968AA68EB68DFF8549004F118050FC5A2
:2068000004F10800A5F11001FFF768FDB9F8003028331A19002103F804805770518000F0E2
:2068200017FCB9F80030084A1D442C36C04368801680BDE8F843FEF7B5BFBDE8F88300BFA6
:20684000003A0020843B0020703B00204236002008B505480549F3F7FBFBBDE8084002482D
:206860000349F3F7F5BB00BF1C330020E4020020D80200202DE9F04F994CE379FF2B85B00F
:2068800040F09A80974EB6F800C00CF12C0020440379FF2B00F0908004F1280363445B788E
:2068A000002B40F08980904FDFF854A239888F4DCAF800300CF1420E14238E452B800CF13A
:2068C00040025DDADFF83C9204F1080B04F12C0812E02B88B6F800C039880CEB0302424413
:2068E0000CF12C00527803EBC2039BB2C21802F1020E8E452B8042DA63442C33E018407878
:20690000002859D0E35C012BE3D102F109038B4252DA61892389A0890B43E1890343208AA8
:206920000B43618A0343A08A0B43E18A03430B4322449BB2CAF80020002B3DD052F8020F39
:20694000516802AB03C35846FFF714FA0246C9F80000002835D0FFF707FA014660B3DAF810
:2069600000000822023003F095FE002832D1D9F800305A7C002AACD102225A74A9E72044A6
:206980000430FFF755FB5A4D2860A8B162892389A1891343E2890B43218A1343628A0B43EA
:2069A000A18A1343E28A0B4313439BB223B1514F3846FFF73DFBC0B101F062FC05B0BDE8BF
:2069C000F08F05230190009302A902235846FFF76FF97EE702A94846FFF78AF90028EBDB1B
:2069E000D9F8003002225A7473E7228B40F2FF239A420CD1A28B638BE18B1343228C0B43B7
:206A000013439BB21BB9638CB3F5807F56D0DFF8F8804046FFF70CFB2B688342CCD197E8FD
:206A20000F0088E80F003388434418330FCB87E80F0001F025FC602329482360282101F020
:206A400063FC328829682C4F02F1280002F12C034FF63A7E4FF0880CE025A4F806E024F861
:206A600000C0E55440322344D1F800C0D1F80480D1F808E0C96819612518A018C3F804C09E
:206A8000C3F80880C3F80CE002210023D7F800E07F68A1544170C0F802E0C0F80670C0F80A
:206AA0000A30C3816B8000F0D3FA3388134A1344C2435A80502001F01BFC7FE794F82430A4
:206AC000FF2BA4D197E80F0007F1100C8CE80F0033883B4428330FCB87E80F00A9E700BFB6
:206AE000843B002042360020703B00203E360020303300208C3B00207C3B0020AC3B002078
:206B000038330020343300209C3B00200148FFF7ABBD00BFF002002010B5084B84B09B69A4
:206B20000C4601466846984721466846102203F0B1FDB0FA80F0400904B010BD14C001008E
:206B400070B50B4B1C6844B106460D4615B1A368B34205D02468002CF8D10024204670BDCF
:206B600029462046FFF7D8FF0028F3D0204670BD3C33002030B5114B87B005465B6901914D
:206B800002A8984701992846FFF7DAFF02A904462846FFF7D5FF5CB184420CD010236469B9
:206BA00034B1A04207D0013BF9D1184607B030BD204607B030BD012007B030BD14C001008B
:206BC00070B515460646FFF7BBFF30B10446406918B115B183689E4200D070BD2946FFF7A9
:206BE0009BFF0028F9D063683C2B84BF3C23636070BD00BF2DE9F8439146064698460F46E0
:206C0000FFF79EFF494604463046FFF799FF0546B9F1000F00D068B3E4B1C4E901863A46CC
:206C2000394652F8083F52682261E3603046FFF7A1FF18B965612046BDE8F88330463946A6
:206C400066696561FFF796FF0028F4D166612046BDE8F8830D48F3F755FB0446A0B100238D
:206C6000436101460A48F3F7F3F90A4A136801331360D2E7024649464FF0FF333046FFF71E
:206C8000B9FF05460028C7D10024D4E7FC0200203C330020D034002010B5044B04480024FD
:206CA0001C60F3F71DFB034B1C6010BDD0340020FC0200203C3300202DE9F047184F3D6895
:206CC00095B1DFF86080DFF860900646BA462C462D68636853B15A1C04D0B3428CBF9B1B8E
:206CE00000236360002DF2D1BDE8F0873B6813B905E01B681BB15A69A242FAD1F2E721464D
:206D00005046F3F7F1F921464046F3F717FBD9F80030013BC9F80030002DD8D1E4E700BF92
:206D20003C330020FC020020D0340020F0B50B4E346883B084B10A4D0A4F0194214630465E
:206D40002468F3F7D1F901993846F3F7F7FA2B68013B2B60002CF0D103B0F0BD3C330020CA
:206D6000D0340020FC02002038B511B1B2F59A6F03DD094C0023238038BD084D064C286053
:206D80000748228003F0A2FC042000F0A3FAFEF709FD0023238038BD44420020884000207C
:206DA000B43B00202DE9F04184B0BDF828E0E3B104461D4694460F460FC86E4686E80F0014
:206DC00028686968AA68EB68B4F8128025460FC5624639462046A4F812E0FFF7C5FF96E81D
:206DE0000F0084E80F00A4F8128004B0BDE8F081013AF0B48E18B1421DD2CF43F51925F075
:206E000001030D1D1D448A1C12F8024C12F8013C03EB04239BB2184480B2834288BF013071
:206E200002F1020288BF80B2AA42EDD1F31923F00103023319448E4201D0F0BC70473378D4
:206E400000EB032080B2B0EB032F3CBF013080B2F0BC704770B5134D82B00646284601F002
:206E600057FA114B1C88031B9BB2ADF80630BDF8063016FA83F005F10801202280B2FFF7A4
:206E8000B7FFBDF8062004F12801294492B2FFF7AFFF18B140BA80B202B070BD4FF6FF7066
:206EA00002B070BD843B0020423600202DE9F0414678C478F6000836231D9E4200F10202F2
:206EC0001FDB0221DFF88880074602340D461378012B0AD0632B1FD0DBB103F0C003802BE5
:206EE0002FD0C02B21D0402B1CD02C44A5B26B1CB342294627DA7A19547802346319B342A7
:206F0000E5DD124B04200221D21AFFF7B3FB022009E00135ADB2EAE7D8F838303846984775
:206F20000028E2D10120BDE8F081084B197EFF29F8D0D21A02210420FFF79CFB0220BDE8DE
:206F4000F081024BF5E70020EDE700BF843B002014C0010070B41A4B1A4A1B8813441B7BB3
:206F600003F0F004502C13D91B09053B9B00A2F128040025661996F83C20012A1DD0022A32
:206F800008D02AB196F83D2012B115449D42F1D370BC704796F83D30042BF9D196F83E30C1
:206FA00096F83F2040F2C44442EA0323A34228BF2346038070BC0B8070470135E6E700BF70
:206FC00042360020AC3B002030B4C478134A0C44E4B2D470837803EB1123DBB29370457801
:206FE000557000781070B3EB112F03D20135EDB2557085B1C9B28C420BDA0133DBB293705F
:207000003BB953780133DBB2537013B913780133137030BC704701301070EBE7783B002026
:2070200010B5094C2368014603F11400FFF7CCFF064A2368507814789178D2781C755875BB
:207040009975DA7510BD00BF90400020783B00203A20FFF7FFBE00BF10B501F001FAFFF711
:20706000EBF9FFF7F5FBFFF751FD174B002203F1280023F8022F83424FF00001F9D11348EC
:20708000134B144C80F8251080F855204FF4806180F8852080F8B52080F8E52080F81521DF
:2070A00080F8452180F875211A821A86A3F85020A3F87020A3F89020A3F8B020A3F8D02031
:2070C000A3F8F020218010BD1A420020944000204842002040360020F0B5DFF8B8E0274D5F
:2070E000BEF8006084460136B6B2B6F5FA4F28BF4FF48056224A370A47EA0627BFB2134648
:2071000093F8254014B11C8ABC42ECD030339D42F6D1AEF80060002402E0303295420FD02D
:2071200092F8253043B3072BF7D11CB392F8260094F82630984288BF144630329542EFD1AB
:20714000B4B1104B10481D68104A114B27820026C4E90565C4E9070261826362DCF80000C4
:20716000DCF80410DCF80820DCF80C3025460FC52046F0BD1446D0E71446E2E7144200201F
:2071800094400020D43400200100C404C4040010030201004036002070B5164B1C8804B3B5
:2071A000154E328804F1270393421DDA134D144B04F12801283A1B78AB71121B294405F149
:2071C000280003F083FA604200B201F073F8044640B131882839284689B201F095F8204685
:2071E00070BD0124204670BD002401F049F8204670BD00BF42360020703B0020843B0020C0
:207200007B3600202DE9F041DFF89C80234CB8F8007084460137BFB2B7F5FA4F28BF4FF442
:2072200080571F4A3D0A45EA0725ADB2964613461E8AAE4203F12003ECD09C42F8D1A8F826
:2072400000700023168A203236B10133082BF9D100263046BDE8F0810EEB43165C01358279
:207260007182BCF1000F12D0DCF80000DCF80410DCF80820DCF80C3035460FC5094A0EEB1A
:20728000040392F806211A753046BDE8F0814EF804C0C6E901CCC6F80CC0EFE7484300208A
:2072A00048420020003A00204036002010B4084C0023224602E00133142B06D032F8021B1F
:2072C0008142F8D1002224F813205DF8044B70471C4200202DE9F04F04288BB000F0AC8000
:2072E000DFF8C8A2DFF8BC82DFF8C492A54CDAF80050C8F800400328C9F8004026D00228AC
:2073000000F0E280052800F090819F4B01931B88272B0FD914F83C3C03F0F003602BA4F108
:207320003C0407D1204600F0F3FF019B1B88834280F09781954EDFF87CB200F0A1FF0023C6
:207340008BF8003033700BB0BDE8F08F95F8253003F00F03032B00F03181022BEAD18C4A83
:2073600002921788894E884A01923C3C2837274400227A7304F12802039204F118020492F4
:2073800001997B7340F202424CF20443BA82FB82402260230A803B732B7D3B726B7D7B726A
:2073A000AB7DBB72EB7DFB722B7E3B716B7E7B71AB7EBB71EB7EFB712B8A3B806B8A7B80EF
:2073C0006023238095E80F00049F87E80F007149A1F11000FEF782FF95F82530039A13F086
:2073E000100F029B1B88134414BF00224CF20442DA81019B68481988684B062593F8063176
:20740000E371283989B2A57100F07EFF029F3B882833234400221A825A822846FFF71AFDBE
:207420003B88039A1A44C043108200236380002333700BB0BDE8F08F544EDFF87CB1BBF8F5
:207440000030002B3FF477AF534C4F4A504D03F108012046303389B2138000F055FF504B30
:2074600029881B68BBF800201F7DE77128316018083252BA4FF01108002784F80680C78032
:2074800082801A8A6027278062525A8A42800FCB04F1180787E80F00394604F10800FEF7E1
:2074A0001DFF404B04F13C0240461A60FFF7D2FC2B88C043283380B22344002840F0CF80DD
:2074C0004FF6FF72DA80B0E700F0DAFE364ADFF8E8B0D3780133DBB20021D370ABF800102B
:2074E00063B993780133DBB293703BB953780133DBB2537013B913780133137095F825306E
:2075000003F0FD02052A00F0A681002B3FF412AFAA8B002A00F0BE8195F82620511E85F8C7
:207520002610002A7FF406AF95F82720082A00F0D581591E012940F2CE81042A104603F0DE
:207540000F0328BF0420032181400132581E85F8272085F8261007283FF6ECAE01A252F81E
:2075600020F000BF2F7801001F780100D7770100AB77010035730100AB7701003573010015
:20758000AB770100C03B0020703B002084400020423600209C3B0020843B0020003A002036
:2075A000884000208C400020D434002090400020743B00207A36002044420020AB8BAC4E6A
:2075C000002B7FF4B8AE0823DFF8C0B23370FEF761FA337813F0200240F06781D80600F189
:2075E0009681BBF80020002A40F0AB81D9F80030C8F8003085F8272033789A077FF59BAE5D
:207600009C4B9D4C1F889D4902932837274410227A7304F128023C23039204F118020191DB
:2076200004920B8050233B73B6E6954B1B681B8A002B3FF47FAEDFF854B290498C4E002326
:207640000C3C0822C8F80040C9F80040ABF80030CAF800300B803270FEF71CFAEFE6D8808D
:20766000E3E6204600F054FE283081B2019BB1F5A06F19803FF65EAE824A0023204613700B
:2076800000F080FE00283FF455AE237A7949029104F12802801AFF2B039208803FF44AAE01
:2076A0000199754809880DF12702012300F036FE20B19DF82730002B00F05581724B049371
:2076C0001846FEF7B5FC002800F05681019BDFF8C0B119886848002501230DF127028BF88F
:2076E000005000F01BFE0546002842D09DF82730062B00F04782112B00F0DF813A2B00F0F5
:207700009581002B00F07D812B3BDAB2112A31D8112B2FD8DFE803F013112E2E2E2E2E2ECF
:207720002E2E2E2E2E2E2E2E11353046FFF792FB4FF6FF73984200F0CB814D4EFDE59BF8BD
:207740000030590716D4EA7843F004038BF80030002A40F02784019B19882B1BC91A284687
:2077600089B200230DF1270200F0D8FD05460028BCD100252A1B01210420FEF77BFF3C4E16
:2077800055E69BF800309E0740F14B815806F1D443F040038BF800302846FFF787FB0128EE
:2077A000CBD00228D7D1324E41E6334C314B0293324B019304F1280303932D4E04F11803D3
:2077C0000493029B1F882837274411237B73019A3C23138026E7264E04233370FEF75AF9C2
:2077E000BBF80030D9F80020C8F80020002B3FF403AFAB8B002B3FF4FFAE1E4A1E4C178813
:207800001E4902923C332837182227440B8004F128030393A31801917A73049302E7154AA0
:2078200002921788154A144C114E01929EE5124C104B0293114B019304F1280303930C4E93
:2078400004F118030493029B1F882837274410237B73122394E595F826300133DBB2782B5D
:2078600085F8263004BF002385F8253062E500BF8440002042360020843B0020703B002051
:20788000884000207B3600209C3B0020444200207A36002003F00F03032BAF4E7FF44BAD27
:2078A00008233370FEF7F6F893E6AC4BAC4C1F880293AC4B01932837002385F82530274429
:2078C000ABF8003004F128031422039304F118037A7304937BE7052A7FF42FAE9F4C9E4E9D
:2078E0000294002385F8253080233370FEF7D2F827889B4C9B4B01932837274414237B73F9
:2079000004F12803039304F1180304935FE7934B934C1F8802932837274411230120042187
:2079200085F82720A88385F825107B7304F11803ABF80020049304F128028A4B0392019331
:2079400045E7D90707D4AB8B2BB1ABF80030002285F8272046E7EB8B9A4294BF1346ABF8A7
:207960000030AB83F3E7FFF7A1FA01283FF4E2AC02287FF4A3AE16E70498FEF743FC002871
:207980007FF4A4AE237EFF2B3FF4D4AC238B228948F2FE018B4200F08C808A426CD0618957
:2079A000A0890A43E1890243208A0A43618A0243A08A0A43E18A02430A4392B2002A3FF466
:2079C000B9AC628BA18BE08B13430B43228C618C03431343A28C0B4313439BB223B9E38C79
:2079E000B3F5807F3FF4A6AC019B1B88B3F5A06F3BD8E379012B40F2CA82013B564EE37118
:207A000015E59BF80030DF073FF5B4AE43F0010328468BF80030FFF749FA01287FF4C1AE91
:207A20008BE643F002038BF80030B5E61846FFF711FA4FF6FF7398427FF47FAE029D039A83
:207A40002B88D05CFDF782FE2B882833E218E05C5178FEF7F3FD012800F0A182019B3E4E7D
:207A60001B88002B7FF4E3AC67E44FF4A06200210220FEF7FFFD96E6658BA18BE28B208CC1
:207A80002B430B431343618CA28C03430B4313439BB2002B00F08E823348FEF7ABFA0246FA
:207AA00000287FF447AC02210120FEF7E3FD2A4EBDE49A427FF43EACEEE71E46FFF76CFB37
:207AC000029B039A1B881A44D388002B7FF42DAE029B1E88283626447588002D3FF42DAE54
:207AE000224F234CDFF894B03C6005E0214B20349C423C6000F0B880238A002BF6D09D422B
:207B0000F4D1638A2146102258461BB1B6F800C09C45EBD123682BB963681BB9A3680BB9C8
:207B2000E3681BB102F0B6FD0028DFD101990A4E0B88DFF84CB0104AC8F80020303B0B8029
:207B4000002302213170ABF80030CAF80030C9F80020FDF79FFF72E4844000204236002034
:207B6000843B0020703B00209C3B0020884000204842002048430020B43B00208C3B002031
:207B8000444200201E46FFF707FB3046FFF762F94FF6FF7398427FF4D0AD029B1B88283300
:207BA000E7187E88002E3FF4C8ADE35A0693002B3FF4C3ADB54D082329460593254605E0C2
:207BC000059B013B01F13001059353D091F82540002CF5D00B8AB342F2D14B8A069A934275
:207BE000EED1AB480791102202F054FD07990028E6D123462C460D46797BA64ECAF800501F
:207C00004A07307000F1E481387B019A00091288800000F1270C9445BFF68FAB283A121A32
:207C20001FFA82FE03F00F00019A0228A2F800E000F0C78101284CD0BEF1000F4FD18A077E
:207C40004DD1C90602D5A98B002965D1013807283FF673ABDFE810F00F01A3003F01260131
:207C60000102F5014F008A00002204210120FEF701FD98E57B7B03F03F03022B2C4640F060
:207C8000AF81854A059B02E0142B00F0A98132F8021B8E4203F10103F6D100227B4B1546F1
:207CA00005E00132082A03F1300300F09B8193F82510002900F0BE810729F2D1002D00F01F
:207CC000BE8193F8260095F82610884288BF1D46E7E701F03F0CBCF1020FADD1B1E7B7F8F0
:207CE00004C0AA8A944511D08B0704D501283FF4AAAD022806D0029B1F8828372744102373
:207D00007B7364E541F00203FFF73ABBB7F806C0EA8A9445E8D194E705F11800FFF754F9C4
:207D2000029B5E4A1B881178283323441F7A8F4200F0C38195F8253003F00F02013A072A20
:207D40003FF6FBAA01A151F822F000BF91800100877D0100D77E0100A57E01005B80010020
:207D600043800100F77C01006D7D01003378DB077FF5E3AA002385F8253010233370FDF793
:207D800089FEFFF7DABA3378DB0708D5029B039A1B8813445B7B03F03F03122B49D0202390
:207DA0003370FDF777FEDAF80030002283F82520029B1888283023185A7B51073FF5BDAA3B
:207DC0005F89DD799979DF80019F5A7993F809C0997241F2504E01354FF03C08EDB2A7F85A
:207DE0000080A3F80CE01F7993F808E0DD725A7283F805C01F7283F804E04DB90131C9B273
:207E0000997229B90132D2B25A720AB97A1C1A725988225A1E4D21525A8095E80F00049FC9
:207E200087E80F0005F110012846FEF757FAFFF7E0BA05F1200105F11E00FFF78BF8029B38
:207E4000DFF85CB01B8828331C440323A188E288A982EA8285F8253001200024FFF7E0F8AC
:207E60004223AC83337000F00BFAABF80040FDF711FEFFF7AEBB029B039A1B8813445B7B87
:207E800003F03F03022B7FF458AADCE4944000208C3B0020844000201C420020783B00203B
:207EA00044420020019B1888002840F07B81029B039A1B8813445B7B13F0010340F0678163
:207EC0003278D00700F17581019B1B88002B7FF412AFFFF732BA029A128828322244517BF8
:207EE000CF071FD5D8061DD4AB8B002B7FF425AA019F3888013080B2FFF792F833783A8896
:207F000043F01001317012B143F012033370FDF7C1FD01230822AB83002385F8252085F83E
:207F200027304EE489060FD5019F917CD27C388842EA01228242D8F8001028BF0246801ACE
:207F40000A443880C8F80020019A108810B1DF0640F13581029B2A8C1B8828331C44A17BAE
:207F6000E37B03EB01239BB29A4202D3002B18BF1A463378EA839C073FF4DFA9DFF860B2D2
:207F80000023ABF80030FDF785FDFFF722BB002211460320FEF76EFB8C4EFFF748BA00F0E6
:207FA0006FF95BE58A4BDB6B984700287FF41CADFFF7E0BBE38CB3F5807F7FF46DADFFF791
:207FC000B9B901F03F0CBCF1120F7FF435AE38E6202385F825003370FDF75CFDFFF7ADB980
:207FE0007A4EE5E6002D3FF4A8AB7A4BDFF8F4C12E820FCBDCF800E0069E6E8285E80F009C
:208000004FF4806C7449BA88FB88C5F818E00120A5F822C06962A883AA82EB82CAF80050B9
:20802000FEF7FEFF05F1200105F11E00FEF792FF664E08E4694B302505FB0235D5E71D469E
:208040002FE63378DA077FF578A90722002385F8252085F82630FFF770B9019B1888002886
:2080600040F08A80029B039A1B8813445B7BDB077FF563A90722002385F8252085F8263079
:208080000120FEF7CDFF10233370FDF703FD32E63378DA077FF5EFAE019B188803234022BB
:2080A00085F8253000233270AB8300283FF466AF42233370FEF7B4FF60E75178587A88422F
:2080C0007FF438AE92F802C0997A61457FF432AED278DB7A93427FF42DAE95F827202F76B4
:2080E0006876A976EB761ABB95F824C095F8267095F82200ACEB0703A3EBD00350FA83F14A
:208100005AB2C9B2002A85F822104FEAD00303DAA3EB0C033B445AB295F82330A3EB9303EA
:208120001344DBB203EBD10185F8241085F8233095F8253095F8242085F8262003F00F02A0
:2081400001200021013A3070A983072A3FF6F5A801A151F822F000BF99800100877D0100F8
:20816000D77E0100A57E01005B80010043800100F77C01006D7D0100FEF752FF029B039A06
:208180001B8813445B7BD9077FF59EAE72E73378DF070AD50023072285F8252085F82630C5
:2081A000AB836DE7FEF73CFF81E6062385F8253066E70522AB8385F82520FFF7BEB8337830
:2081C00043F002033370FEF72BFFC3E68440002014C001008C3B0020030103009440002061
:2081E00044420020D434002040BA80B2704700BF054A030C02EA00225BBAC0F307209BB267
:20820000104343EA0040704700FFFF0010B4184B1C680A46DCB1174B17491B880B44E31AB0
:20822000C3F5986304339A42A8BF1A46002A0BDD124B84421A8007D07CB1014692B22046ED
:208240005DF8044B02F034BA5DF8044B704740F2C4418A42A8BF0A46E8E7064B064C1B8870
:20826000014692B2E0185DF8044B02F021BA00BF743B002042360020C03B00204442002023
:2082800030B4074B074C084D0FCB84E80F000749074A00230B8013702B8030BC704700BFCC
:2082A000E8340020D8340020703B0020423600207B3600200C490B881A18B2F5A06F11D869
:2082C00010B40A4C2288C24208D480B2024418440880228001205DF8044B704700205DF80B
:2082E000044B704700207047703B002042360020B0F5A06F98BF034A03469ABF1380012090
:2083000000207047703B002049BA8180704700BF0379407900EB032080B27047BBB18379AD
:2083200013702823994219DB1278062A184417D0112A1BD03A2A1FD09A1C8A420ED8427808
:20834000D200083213449942B8BF00207047037813704378DB0008339942E5DA0020704751
:20836000142213449942B8BF00207047082213449942B8BF00207047042213449942B8BFCE
:2083800000207047F8B5012307461546FFF7C6FFD0B10E46044609E0BCF1110F12D0BCF16E
:2083A0003A0F0FD0FFF7BAFF044668B195F800C0E11B711ABCF1060F20464FF000032A46D5
:2083C00089B2E9D12046F8BD00242046F8BD00BFF0B585B0012301920DF10F02019D074604
:2083E000FFF79CFF04460E4668B91BE0BCF1060F1AD0BCF1110F17D0BCF13A0F14D0FFF702
:208400008DFF044670B19DF80FC0E11B711AAC4520464FF000030DF10F0289B2E6D120467A
:2084200005B0F0BD9DF80FC0AC4518BF0024204605B0F0BD07289ABF024B33F81000002092
:20844000704700BFD8340020072803469DBF034A012022F813100020704700BFD834002039
:20846000054B00224FF6FF71C3E901221A60DA601A811980704700BFE8340020F8B5037844
:2084800000245B2B08BF4378254608BF01304FF0FF323A2B19D04BBB0B19280A08555D7009
:2084A0000234102C51D0531C40D0101B8D181030A21A0844294602F009F92846C4F11002FA
:2084C000002102F01DF90120F8BD2F0A0E190F55757045783A2D04F1020429D000250E2C7D
:2084E00000F101061CD843783046D2E75D2BD3D02F2BD1D0A3F13006F7B2092F09D9A3F15F
:208500006106052E1BD9A3F14106052E0ED8A3F1370606EB0515ADB20E2C00F10106E2D9B1
:20852000002BBED05D2BBCD02F2BBAD00020F8BDB2F1FF3F08BF224601300025CFE7A3F105
:20854000570606EB0515ADB2E6E70120F8BD00BF2DE9F04F0E4687B0002972D0002A74D039
:2085600013888146002B44D00024DFF8F4A0DFF8F4B0551CA046022709E0B8F1000F20DB34
:2085800053D008F10108102F17D00237023515F8012C2B7803EB02239BB2002BEDD0B8F152
:2085A000000F0EDD4FF0FF38311B09EB04005246FBF75AFF0444A642E5D8204607B0BDE875
:2085C000F08F022F09D1311B09EB04005246FBF74BFF0444A642D8D8EFE7311B09EB0400FF
:2085E0005A460593FBF740FF0444A642059BDBD8E3E75388002BB7D19388002BB4D1D38811
:20860000002BB1D11389002BAED154894FF6FF739C42A9D1D57B947B537B0093CDE90145BF
:20862000137B0C4AFBF720FFC8E7311B09EB0400094AFBF719FF0444A642BED94FF00108E6
:20864000A1E7084607B0BDE8F08F044AFBF70CFF0E20B3E790C10100A4C1010080C101005C
:20866000ACC10100A8C1010041B94FF0A04303214FF40022C3F84C17C3F80C25704700BFFD
:2086800030B40A4B0A4D1D604FF080520949146952695C6102FB04F20024C3E90244491B08
:2086A00059601A6130BC0448EAF7BCBC08350020001000001CC50100B0C101002DE9F047E7
:2086C000032908D8DFE801F009342A021B491C4A00230B701370BDE8F0871A4F1A4EDFF8BE
:2086E0006CA08846814606E0402231465046ECF75DF90028EFD14846ECF754F93B680546B7
:20870000002BF1D00028EFD0444600E03B68305D0134E4B29847A542F8D8E5E740220A490A
:208720000A48ECF743F9064B01221A70BDE8F087024B00221A70BDE8F08700BF7E36002006
:208740007D36002020350020AC350020D4C10100083808B5062805D8DFE800F00E161F0434
:208760000404050008BD0F490F4A00230B701370BDE80840EAF732BCF6F70CFA0028F1D1BC
:20878000BDE80840EAF728BC0649074A00230B701370BDE80840EAF737BCBDE80840EAF7D7
:2087A0001FBC00BF7E3600207D36002008B5ECF779FF0948EAF76CFB00B108BD0748EAF721
:2087C00031FC0028F9D1EAF7EFFB0028F5D1044A044B1070187008BDF8C10100D4C1010007
:2087E0007D3600207C360020124B1B780BB32DE9F041114D2B78D3B9104E3378BBB10123B9
:20880000DFF840800E4F2B70327841463846ECF7A5F8044600F084F8002CF5D12B7823B17B
:2088200000F07EF82B78002BFAD100233370BDE8F08170477D3600207E3600207C3600202D
:20884000D4C10100EC350020114B1B78ABB1114B1A783F2A0DD810B419781A780E4C013246
:20886000D2B21A701B786054402B0DD05DF8044B70471B78402B05D0704703F0FF02054B32
:208880001A707047FFF7B0BF5DF8044BFFF7ACBF7D3600207C360020EC350020014B186083
:2088A000704700BF203500204FF0A0434FF49A510022C3F80815C3F80C25704700B5104BD0
:2088C00093E8070085B001AB83E807000D491846F7F7F2F848B90C48F7F728F960B90B4B64
:2088E00001221A7005B05DF804FBEAF70DFA0648F7F71CF90028F2D0EAF706FAEFE700BF29
:2089000004C20100A98801007F36002080360020024B1B7803B97047F7F7FAB880360020EA
:20892000034B1B7803B97047024B1878F7F724B9803600207F36002038B52DED028B55ECBB
:20894000104B00F033F8184BB0EE408AF0EE608A93F9003001330DD022462B462046294693
:2089600001F08EFC30B9204629460022002301F05FFC30B9B0EE480AF0EE680ABDEC028BCE
:2089800038BD00F0E1F800220023212101601046194601F005FB41EC180BB0EE480AF0EE6D
:2089A000680ABDEC028B38BD7F0300202DE9F0415F4A57EC106BBA4300F09880002F10EE98
:2089C000104A3B464EDD39155BD0C3F31303CA0743F48013A1F2FF3E03D45B0003EBD4737A
:2089E0006400E20F4FF0000C02EB43034FEA6E0E6400664616254FF40012B118994202DCCD
:208A00005B1A8E1894445B00013D03EBD4734FEA52024FEA4404F0D12F4620204FF0004290
:208A200009E03ED0E10F01384FEA520201EB43034FEA44043ED0B34202EB0501F1DD0029E9
:208A400001EB020509DBB0469B1BA14288BF03F1FF33641A17444646E4E7002DF3DB06F121
:208A60000108F1E727F00042324336D0002F4DD13946E20A153964051346002AF9D0D702AD
:208A800051D400205B00DE02054600F10100F9D51A4623468440C0F12000C3401343491B30
:208AA00093E7A142BED8002901EB0205D5DB98460023CEE7234312D178084FEA6C0101F1E0
:208AC0007F511CF0010F01F5001118BF40F0004001EB0E53024643EC102BBDE8F0817B1CB0
:208AE00016BF781C0CF1010C4008E6E710EE102A10EE100A3B46394601F028F932463B4693
:208B000000F06EFF41EC100BBDE8F08110EE102A3046394600F062FF02460B4601F040FA58
:208B200041EC100BD9E7234620204FF0FF35B4E70000F07F51EC100B10EE102A21F0004323
:208B400043EC102B704700BF014B1868704700BF1803002008B5074B044613B10021AFF3D8
:208B60000080054B1868836A03B19847204600F02FFF00BF00000000A8C3010070B50D4DF7
:208B80000D4C641BA4100026A64209D10B4D0C4C01F05CFF641BA4100026A64205D170BD21
:208BA00055F8043B98470136EEE755F8043B98470136F2E7800300208003002080030020DA
:208BC0008403002038B5104B1D68AB6B0446B3B9182000F095F80246A86320B90B4B0C48CA
:208BE000422100F05DF80B490B4BC0E900130B4B83600B23838100210120C2E90401AB6BF4
:208C000000221C615A6138BD180300200DC4010024C401000E33CDAB34126DE6ECDE0500EE
:208C2000174B10B51C68A36BB3B9182000F068F8A06328B90246134B13484E2100F030F81B
:208C4000124A134BC0E90023124B83600B23838101220023C0E90423A16B0F480A694B697C
:208C60000E4C504304FB0300A2FB04345A1C044444F10000C1E9042020F0004010BD00BF93
:208C8000180300200DC4010024C401000E33CDAB34126DE6ECDE05002DF451582D7F954C66
:208CA0001FB514461A46094B1B680546D8684CB1074B0091CDE9013406492B4600F00EF843
:208CC00001F0F3FD044B1C46F3E700BF18030020A0C40100ADC40100DBC401000EB403B53D
:208CE000014603AB054853F8042B0068019300F0B9F802B05DF804EB03B070471803002080
:208D0000024B0146186800F053B800BF1803002037B5002948D051F8043C0190002BA1F146
:208D20000404B8BFE41800F085FD204A01981368154633B96360146003B0BDE8304000F092
:208D40007FBDA3420BD921686218934204BF1A685B68636004BF521822602C60ECE71A46FD
:208D60005B680BB1A342FAD911685518A5420BD1246821445418A3421160DDD11C685B686B
:208D8000536021441160D7E702D90C230360D3E7256861198B4204BF19685B68636004BF04
:208DA000491921605460C7E703B030BD2C360020F8B5CD1C25F0030508350C2D38BF0C25FB
:208DC000002D064601DBA94203D90C2333600020F8BD00F02FFD21490A6814469CB9204FCA
:208DE0003B6823B92146304600F092FA38602946304600F08DFA431C23D10C23336030461C
:208E000000F01EFDE3E723685B1B17D40B2B03D923601C44256004E06368A2420CBF0B604E
:208E20005360304600F00CFD04F10B00231D20F00700C21ACCD01B1AA350C9E72246646835
:208E4000CCE7C41C24F00304A042E3D0211A304600F05EFA0130DDD1CFE700BF2C36002000
:208E6000303600202DE9F04F0D469DB014469846064618B183690BB900F01EFC894B9D42BD
:208E80001BD175686B6ED90705D4AB899A0502D4A86D01F047FDAB891B0701D52B69EBB920
:208EA0002946304600F096FAC0B16B6EDC070ED54FF0FF301DB0BDE8F08F7B4B9D4201D167
:208EC000B568DFE7794B9D4208BFF568DAE7AB899805EDD4A86D01F026FDE9E700230993DD
:208EE00020238DF82930CDF80C803023DFF8C0818DF82A304FF0010923469A4613F8012BED
:208F00000AB1252AF9D1BAEB040B0BD05B4622462946304601F04AFC013000F0AA80099ADB
:208F20005A4409929AF80030002B00F0A28000234FF0FF32CDE905230AF1010A0493079351
:208F40008DF853301A935446052214F8011B5848E8F756F9049AD8B9D10644BF20238DF8D4
:208F60005330130744BF2B238DF853309AF800302A2B15D0079A544600204FF00A0C2146E8
:208F800011F8013B303B092B4ED9B0B1079214E0A0EB080309FA03F313430493A246D2E7BB
:208FA000039B191D1B680391002BBBBF5B4242F0020207930793B8BF049223782E2B0CD13C
:208FC00063782A2B35D1039B1A1D1B680392002BB8BF4FF0FF3302340593DFF8E4A0217899
:208FE00003225046E8F70CF940B14023A0EB0A0003FA00F0049B03430134049314F8011B23
:209000002C488DF828100622E8F7FAF800283FD0294B1BBB039B073323F0070308330393DF
:20902000099B3B44099367E70CFB02320C460120A5E700230134059319464FF00A0C2046DF
:2090400010F8012B303A092A03D9002BC5D00591C3E70CFB012104460123F0E703AB0093B4
:209060002A46164B04A93046AFF300800746781CD6D16B6ED90705D4AB899A0502D4A86D02
:2090800001F051FCAB895B063FF512AF099811E703AB00932A46094B04A9304600F012F84D
:2090A000E4E700BFCCC30100ECC30100ACC30100DCC40100E6C4010000000000ADA70100D5
:2090C000E2C401002DE9FF470C469146277E0C99782F80469A4604F1430207D8622F0AD841
:2090E000002F00F0D880582F00F0A38004F1420684F842703AE0A7F16303152BF6D801A02D
:2091000050F823F05D91010071910100ED900100ED900100ED900100ED9001007191010007
:20912000ED900100ED900100ED900100ED9001007D920100A19101005F920100ED90010084
:20914000ED9001009F920100ED900100A1910100ED900100ED900100679201000B681A1D0E
:209160001B680A6004F1420684F842300123A3E0256808682E0600F104030AD505680B6050
:20918000002D03DA2D236D4284F843305E480A2319E015F0400F05680B6018BF2DB2EFE753
:2091A0000B682568181D0860280601D51D6802E06906FBD51D8854486F2F0CBF08230A2366
:2091C000002184F843106668A660002EA2BF216821F0040121600DB9002E4DD01646B5FBFF
:2091E000F3F103FB1157C75D06F8017D2F46BB420D46F4D9082B0BD12368DF0708D523690A
:2092000061689942DEBF302306F8013C06F1FF36921B2261CDF800A04B4603AA2146404693
:2092200001F0D6FA01304CD14FF0FF3004B0BDE8F087354884F8457023680E681F0656F8BF
:20924000045B0E6014D5D90744BF43F0200323601DB9236823F0200323601023B0E723682D
:2092600043F0200323607823284884F84530E3E75E0648BFADB2E6E71646BBE70B682668B9
:2092800060691D1D0D6035061B6801D5186002E07106FBD51880002323611646BAE70B687A
:2092A0001A1D0A601E68626800213046E7F7A8FF08B1801B606063682361002384F843302C
:2092C000A8E72369324649464046D0470130ABD023689B0713D4E068039B9842B8BF18467A
:2092E000A4E70123324649464046D04701309BD00135E36803995B1AAB42F2DCEBE700253B
:2093000004F11906F5E700BFEDC40100FEC4010038B5064D0023044608462B60FBF78AFE29
:20932000431C02D12B6803B1236038BD48430020F8B50E461446054618B183690BB900F082
:20934000BBF9214B9C422BD16C68A369A360A3891A072FD523696BB323692068C01A63697B
:20936000F6B28342374604DC2146284600F026F930BBA368013BA36023685A1C22601E70F9
:2093800063690130834204D0A389DB0706D50A2E04D12146284600F011F988B93846F8BDFE
:2093A0000A4B9C4201D1AC68CFE7094B9C4208BFEC68CAE72146284600F00CF80028CBD054
:2093C0004FF0FF37EAE700BFCCC30100ECC30100ACC30100324B70B51D6806460C4625B13D
:2093E000AB6913B9284600F067F92E4B9C420FD16C68A389B4F90C2019072CD4DD0611D4D7
:209400000923336042F04003A3814FF0FF303EE0254B9C4201D1AC68EBE7244B9C4208BF4E
:20942000EC68E6E7580712D5616B41B104F14403994202D03046FFF76BFC00236363A38936
:2094400023F02403A3810023636023692360A38943F00803A38123694BB9A38903F42073E5
:20946000B3F5007F03D02146304600F0A3F9A089B4F90C2010F001030AD00023A3606369B7
:209480005B42A361236943B910F08000BAD170BD810758BF6369A360F4E70020F7E700BF65
:2094A00018030020CCC30100ECC30100ACC301008A892DE9F041054610070C4658D44B68D4
:2094C000002B05DC0B6C002B02DC0020BDE8F081E66A002EF9D0002312F480522F682B6066
:2094E00032D0606DA3895A0705D56368C01A636B0BB1236CC01A00230246E66A216A2846EA
:20950000B047431CA38906D129681D292CD82A4ACA40D60728D500226260D90422692260F1
:2095200004D5421C01D12B6803B96065616B2F600029CAD004F14403994202D02846FFF7A3
:20954000E7FB00206063C1E7216A01232846B047411CC7D12B68002BC4D01D2B01D0162BE9
:2095600001D12F60B1E7A38943F04003A381ADE70F69002FA9D093070E6808BF4B690F607E
:2095800018BF0023A6EB07088B60B8F1000F9CDD216AA66A43463A462846B047002806DC02
:2095A000A38943F04003A3814FF0FF308EE70744A8EB0008E9E700BF0100402038B50B69CB
:2095C00005460C4613B90025284638BD18B183690BB900F071F8144B9C421BD16C68B4F91E
:2095E0000C30002BEFD0626ED00704D4990502D4A06D01F097F928462146FFF759FF636ED0
:20960000DA070546E0D4A3899B05DDD4A06D01F08AF9D9E7054B9C4201D1AC68DFE7044B83
:209620009C4208BFEC68DAE7CCC30100ECC30100ACC30100002310B50446C0E90033C0E909
:209640000433836081814366C2818361194608225C3001F055F8054B6362054BA362054B11
:20966000E362054B2462236310BD00BFC5A90100E7A901001FAA010043AA0100014901F0CA
:2096800031B900BFBD950100014801F04BB900BF5F430020014801F046B900BF5F43002055
:2096A000014801F03FB900BF5A430020014801F03AB900BF5A43002010B50446FFF7F0FF5F
:2096C000A3691BB1BDE81040FFF7F0BFC4E912332365134B134A1B68A262A34204BF012390
:2096E000A361204600F020F86060204600F01CF8A060204600F018F80022E0600421606819
:20970000FFF798FFA06801220921FFF793FFE06802221221FFF78EFF0123A361D2E700BF1D
:20972000A8C301007D960100F8B50746FFF7ACFF1E4B1E68B36913B93046FFF7BDFF483691
:20974000D6E90134013B03D533680BB33668F7E7B4F90C50D5B9164BE36004F158006566D9
:2097600001F0DFF8FFF796FFC4E90155C4E904552560A5610822294604F15C0000F0C0FF69
:20978000C4E90D55C4E912552046F8BD6834D9E70421384601F090F8044630600028D5D16B
:2097A000FFF778FF0C233B60EEE700BFA8C301000100FFFF8B8973B59D0706460C4607D519
:2097C00004F14703236023610123636102B070BD01AB6A4601F0A8F8009905463046FFF73F
:2097E000E7FA48B9B4F90C309A05EFD423F0030343F00203A381E3E70D4BB362A3892060E4
:2098000043F08003A381009B6361019B20615BB1B4F90E10304600F067F828B1A38923F03E
:20982000030343F00103A381A0890543A581CDE77D960100014801F075B800BF5B43002084
:20984000014801F070B800BF5B430020024B0146186801F08DB800BF1803002038B5074DA4
:2098600000230446084611462B6000F091F8431C02D12B6803B1236038BD00BF4843002077
:2098800038B5074D04460846114600222A601A4600F096F8431C02D12B6803B1236038BD1D
:2098A0004843002038B5064D0023044608462B6000F04EF8431C02D12B6803B1236038BD50
:2098C0004843002038B5074D00230446084611462B6000F045F8431C02D12B6803B12360D6
:2098E00038BD00BF4843002038B5064D0023044608462B6000F044F8431C02D12B6803B1DE
:20990000236038BD4843002038B5074D04460846114600222A601A4600F042F8431C02D18C
:209920002B6803B1236038BD4843002038B5074D04460846114600222A601A4600F038F861
:20994000431C02D12B6803B1236038BD48430020024B58221A604FF0FF307047484300205A
:20996000024B58221A604FF0FF30704748430020024B58221A604FF0FF30704748430020C5
:20998000024B58221A600020704700BF48430020024B58221A604FF0FF3070474843002034
:2099A000024B58221A604FF0FF30704748430020024B58221A604FF0FF3070474843002085
:2099C000024B58221A604FF0FF30704748430020FEE700BF81F0004102E000BF83F00043C9
:2099E00030B54FEA41044FEA430594EA050F08BF90EA020F1FBF54EA000C55EA020C7FEAC1
:209A0000645C7FEA655C00F0E2804FEA5454D4EB5555B8BF6D420CDD2C4480EA020281EA68
:209A2000030382EA000083EA010180EA020281EA0303362D88BF30BD11F0004F4FEA013114
:209A40004FF4801C4CEA113102D0404261EB410113F0004F4FEA03334CEA133302D052422A
:209A600063EB430394EA050F00F0A780A4F10104D5F1200E0DDB02FA0EFC22FA05F2801882
:209A800041F1000103FA0EF2801843FA05F359410EE0A5F120050EF1200E012A03FA0EFC27
:209AA00028BF4CF0020C43FA05F3C01851EBE37101F0004507D54FF0000EDCF1000C7EEB37
:209AC00000006EEB0101B1F5801F1BD3B1F5001F0CD349085FEA30004FEA3C0C04F101040F
:209AE0004FEA445212F5800F80F09A80BCF1004F08BF5FEA500C50F1000041EB045141EA22
:209B0000050130BD5FEA4C0C404141EB0101013C28BFB1F5801FE9D291F0000F04BF014644
:209B20000020B1FA81F308BF2033A3F10B03B3F120020CDA0C3208DD02F1140CC2F10C0287
:209B400001FA0CF021FA02F10CE002F11402D8BFC2F1200C01FA02F120FA0CFCDCBF41EABF
:209B60000C019040E41AA2BF01EB0451294330BD6FEA04041F3C1CDA0C340EDC04F1140426
:209B8000C4F1200220FA04F001FA02F340EA030021FA04F345EA030130BDC4F10C04C4F117
:209BA000200220FA02F001FA04F340EA0300294630BD21FA04F0294630BD94F0000F83F487
:209BC000801306BF81F480110134013D4EE77FEA645C18BF7FEA655C29D094EA050F08BF03
:209BE00090EA020F05D054EA000C04BF1946104630BD91EA030F1EBF0021002030BD5FEA75
:209C0000545C05D14000494128BF41F0004130BD14F580043CBF01F5801130BD01F000457C
:209C200045F0FE4141F470014FF0000030BD7FEA645C1ABF194610467FEA655C1CBF0B46D1
:209C4000024650EA013406BF52EA033591EA030F41F4002130BD00BF90F0000F04BF002112
:209C6000704730B54FF4806404F132044FF000054FF0000150E700BF90F0000F04BF002109
:209C8000704730B54FF4806404F1320410F0004548BF40424FF000013EE700BF42004FEA69
:209CA000E2014FEA31014FEA02701FBF12F07F4393F07F4F81F06051704732F07F4208BF35
:209CC000704793F07F4F04BF41F40021704730B54FF4607401F0004521F000411CE700BF66
:209CE00050EA010208BF704730B54FF000050AE050EA010208BF704730B511F0004502D5D9
:209D0000404261EB41014FF4806404F132045FEA915C3FF4D8AE4FF003025FEADC0C18BFA6
:209D200003325FEADC0C18BF033202EBDC02C2F1200300FA03FC20FA02F001FA03FE40EAE5
:209D40000E0021FA02F11444BDE600BF70B54FF0FF0C4CF4E06C1CEA11541DBF1CEA13557D
:209D600094EA0C0F95EA0C0F00F0DEF82C4481EA030621EA4C5123EA4C5350EA013518BF6B
:209D800052EA033541F4801143F4801338D0A0FB02CE4FF00005E1FB02E506F00042E0FB32
:209DA00003E54FF00006E1FB03569CF0000F18BF4EF0010EA4F1FF04B6F5007F64F54074B3
:209DC00004D25FEA4E0E6D4146EB060642EAC62141EA55514FEAC52040EA5E504FEACE2E0E
:209DE000B4F1FD0C88BFBCF5E06F1ED8BEF1004F08BF5FEA500E50F1000041EB045170BD1D
:209E000006F0004646EA010140EA020081EA0301B4EB5C04C2BFD4EB0C0541EA045170BD3C
:209E200041F480114FF0000E013C00F3AB8014F1360FDEBF002001F0004170BDC4F1000495
:209E4000203C35DA0C341BDC04F11404C4F1200500FA05F320FA04F001FA05F240EA02005B
:209E600001F0004221F0004110EBD37021FA04F642EB06015EEA430E08BF20EAD37070BDFC
:209E8000C4F10C04C4F1200500FA04F320FA05F001FA04F240EA020001F0004110EBD37096
:209EA00041F100015EEA430E08BF20EAD37070BDC4F1200500FA05F24EEA020E20FA04F371
:209EC00001FA05F243EA020321FA04F001F0004121FA04F220EA020000EBD3705EEA430E39
:209EE00008BF20EAD37070BD94F0000F0FD101F00046400041EB010111F4801F08BF013C61
:209F0000F7D041EA060195F0000F18BF704703F00046520043EB030313F4801F08BF013DBC
:209F2000F7D043EA0603704794EA0C0F0CEA135518BF95EA0C0F0CD050EA410618BF52EA95
:209F40004306D1D181EA030101F000414FF0000070BD50EA410606BF1046194652EA430689
:209F600019D094EA0C0F02D150EA013613D195EA0C0F05D152EA03361CBF104619460AD1E7
:209F800081EA030101F0004141F0FE4141F470014FF0000070BD41F0FE4141F4780170BD53
:209FA00070B54FF0FF0C4CF4E06C1CEA11541DBF1CEA135594EA0C0F95EA0C0F00F0A7F82F
:209FC000A4EB050481EA030E52EA03354FEA013100F088804FEA03334FF0805545EA1313BE
:209FE00043EA12634FEA022245EA111545EA10654FEA00260EF000419D4208BF964244F118
:20A00000FD0404F5407402D25B084FEA3202B61A65EB03055B084FEA32024FF480104FF4E0
:20A02000002CB6EB020E75EB030E22BFB61A754640EA0C005B084FEA3202B6EB020E75EB4F
:20A04000030E22BFB61A754640EA5C005B084FEA3202B6EB020E75EB030E22BFB61A75469F
:20A0600040EA9C005B084FEA3202B6EB020E75EB030E22BFB61A754640EADC0055EA060E63
:20A0800018D04FEA051545EA16754FEA06164FEAC30343EA52734FEAC2025FEA1C1CC0D176
:20A0A00011F4801F0BD141EA00014FF000004FF0004CB6E711F4801F04BF01430020B4F11D
:20A0C000FD0C88BFBCF5E06F3FF6AFAEB5EB030C04BFB6EB020C5FEA500C50F1000041EB6B
:20A0E000045170BD0EF0004E4EEA113114EB5C04C2BFD4EB0C0541EA045170BD41F48011F5
:20A100004FF0000E013C90E645EA060E8DE60CEA135594EA0C0F08BF95EA0C0F3FF43BAF14
:20A1200094EA0C0F0AD150EA01347FF434AF95EA0C0F7FF425AF104619462CE795EA0C0FA3
:20A1400006D152EA03353FF4FDAE1046194622E750EA410618BF52EA43067FF4C5AE50EA1B
:20A1600041047FF40DAF52EA43057FF4EBAE12E74FF0FF3C06E000BF4FF0010C02E000BFD6
:20A180004FF0010C4DF804CD4FEA410C7FEA6C5C4FEA430C18BF7FEA6C5C1BD001B050EA40
:20A1A000410C0CBF52EA430C91EA030F02BF90EA020F0020704710F1000F91EA030F58BF98
:20A1C000994208BF90422CBFD8176FEAE37040F0010070474FEA410C7FEA6C5C02D150EAD9
:20A1E000013C07D14FEA430C7FEA6C5CD6D152EA033CD3D05DF8040B704700BF84461046D2
:20A2000062468C461946634600E000BF01B5FFF7B7FF002848BF10F1000F01BD4DF808ED84
:20A22000FFF7F4FF0CBF012000205DF808FB00BF4DF808EDFFF7EAFF34BF012000205DF870
:20A2400008FB00BF4DF808EDFFF7E0FF94BF012000205DF808FB00BF4DF808EDFFF7CEFF85
:20A2600094BF012000205DF808FB00BF4DF808EDFFF7C4FF34BF012000205DF808FB00BFF5
:20A280004FEA410C7FEA6C5C02D150EA013C0AD14FEA430C7FEA6C5C02D152EA033C02D108
:20A2A0004FF0000070474FF0010070474FEA410212F5001215D211D56FF47873B3EB6252AF
:20A2C00012D94FEAC12343F0004343EA505311F0004F23FA02F018BF404270474FF0000082
:20A2E000704750EA013005D111F0004008BF6FF0004070474FF00000704700BF4FEA4102D7
:20A30000B2F1E04324BFB3F5001CDCF1FE5C0DD901F0004C4FEAC0024CEA5070B2F1004FA3
:20A3200040EB830008BF20F00100704711F0804F21D113F13872BCBF01F00040704741F4D8
:20A3400080114FEA5252C2F11802C2F1200C10FA0CF320FA02F018BF40F001004FEAC123A9
:20A360004FEAD32303FA0CFC40EA0C0023FA02F34FEA4303CCE77FEA625307D150EA0133CB
:20A380001EBF4FF0FE4040F44000704701F0004040F0FE4040F40000704700BF53B94AB9E0
:20A3A000002908BF00281CBF4FF0FF314FF0FF3000F06EB9ADF1080C6DE904CE00F006F8EE
:20A3C000DDF804E0DDE9022304B070472DE9F047089D04468C46002B40F083808A421746D9
:20A3E00047D9B2FA82F242B1C2F1200024FA00F09140974040EA010C94404FEA1748230CCF
:20A40000BCFBF8F61FFA87FE08FB16C143EA014306FB0EF1994209D9FB1806F1FF3080F048
:20A420001981994240F21681023E3B445B1AA4B2B3FBF8F008FB103344EA034400FB0EFEFC
:20A44000A64509D93C1900F1FF3380F00581A64540F2028102383C4440EA0640A4EB0E0456
:20A4600000261DB1D4400023C5E900433146BDE8F08702B9FFDEB2FA82F2002A50D1CB1B44
:20A480004FEA174E1FFA87F80126B3FBFEFC210C0EFB1C3341EA034108FB0CF38B4207D914
:20A4A00079180CF1FF3002D28B4200F2E9808446C91AA3B2B1FBFEF00EFB101143EA0144AB
:20A4C00008FB00F8A04507D93C1900F1FF3302D2A04500F2D9801846A4EB080440EA0C40D1
:20A4E000BFE78B4209D9002D00F0B1800026C5E9000130463146BDE8F087B3FA83F6002E87
:20A500004AD18B4202D3824200F2B880841A61EB030101208C46002DA8D0C5E9004CA5E784
:20A52000C2F1200320FA03F6974001FA02F04FEA174ED9403043030CB1FBFEF61FFA87F8FD
:20A540000EFB161143EA014306FB08F1994204FA02F409D9FB1806F1FF3C80F08D80994212
:20A5600040F28A80023E3B445B1A81B2B3FBFEF00EFB103341EA034100FB08F38B4207D93E
:20A58000791800F1FF3C73D28B4271D902383944CB1A40EA064678E7C6F1200C03FA06F457
:20A5A00022FA0CF31C4320FA0CF701FA06F34FEA144E21FA0CF11F433B0CB1FBFEF91FFAF8
:20A5C00084F80EFB191143EA014109FB08FA8A4502FA06F200FA06F308D9611809F1FF301E
:20A5E00048D28A4546D9A9F102092144A1EB0A01BFB2B1FBFEF00EFB101147EA014700FB09
:20A6000008F8B84507D9E71900F1FF312ED2B8452CD90238274440EA0940A7EB0807A0FBE6
:20A6200002894F45C64649461AD317D05DB1B3EB0E0267EB010707FA0CFCF2404CEA020201
:20A64000F740C5E9002700263146BDE8F0872E4628460BE70646E9E61846FDE64345E5D2C6
:20A66000B8EB020E69EB04010138DFE70846D2E760468DE78146B9E7664675E730464AE798
:20A68000ACF1020C394413E702383C4424E700BF704700BF30B501390024A24201D1002085
:20A6A00005E0035D01340D5DAB42F6D0581B30BD0A44914200F1FF3300D1704710B511F809
:20A6C000014B03F8014F9142F9D110BD884210B501EB020402D98442234607D8431EA142CB
:20A6E00008D011F8012B03F8012FF8E7024401468A4200D110BD13F8014D02F8014DF7E7CD
:20A7000002440346934200D1704703F8011BF9E710F8012B11F8013B012A28BF9A42F7D028
:20A72000D01A7047034613F8012B002AFBD1181A0138704710B56AB10139841810F8013BE6
:20A7400011F8012F934203D1A04201D0002BF5D1981A10BD1046FCE710B50139034632B190
:20A7600011F8014F03F8014B013A002CF7D11A440021934200D110BD03F8011BF9E7936826
:20A78000013B002B10B4936008DA9469A34201DB0A2903D15DF8044BFEF7CABD1368581CE5
:20A7A0001060197008465DF8044B7047F8B506460F461446D518AC4201D1002007E014F88F
:20A7C000011B3A463046FFF7DAFF431CF3D1F8BD2DE9F047164699468A680B69DDF820805D
:20A7E0009342B8BF1346336091F8432007460C460AB1013333602368990642BF3368023319
:20A800003360256815F0060506D104F1190AE36832689B1AAB4226DC94F84320131E2268E6
:20A8200018BF012392062BD404F1430249463846C04701301ED02368E568326803F00603AB
:20A84000042B08BFAD1AA36822690CBF25EAE57500259342C4BF9B1AED1800261A34B542CF
:20A860001AD1002008E00123524649463846C047013003D14FF0FF30BDE8F0870135C6E7A3
:20A88000E1185A1C302081F84300224494F8451082F843100233C7E70123224649463846AD
:20A8A000C0470130E6D00136D9E708B50620FEF7CDFF0120FFF78CF870B54A1E68255543C2
:20A8C0000E4605F17401FEF773FA044640B10021C0E900160C30A06005F16802FFF710FF9B
:20A8E000204670BD2DE9F8430646884600F148040027D4E90195B9F1010905D52468002C5D
:20A90000F7D13846BDE8F883AB89012B07D9B5F90E30013303D029463046C04707436835CB
:20A92000E9E770477047704770B50E46B1F90E10002996B014461D4607DA00232B60B389EA
:20A940001A0610D44FF480630EE06A46FEF7BAFF0028F2DB019A02F47042A2F500535A42C3
:20A960005A412A60EEE740230020236016B070BD1F2938B504460D4604D9162303604FF05A
:20A98000FF3038BD426C12B152F821304BB9204600F016F82A4601462046BDE83840FEF7F0
:20A9A0005DBF012B0AD0591C03D1162303600120E7E7002442F82540284698470020E0E7AA
:20A9C000FEF7D6BF10B50C46B1F90E10FEF7AEFF0028ABBF636DA3891B1823F48053ACBF56
:20A9E0006365A38110BD2DE9F0411F468B89DB0505460C46164605D5B1F90E10022300221C
:20AA0000FEF782FFA389B4F90E1023F48053A38132463B462846BDE8F041FEF731BF10B5D4
:20AA20000C46B1F90E10FEF76FFF431CA38915BF606523F4805343F48053A38118BFA38162
:20AA400010BDB1F90E10FEF72DBF0000F8B500BFF8BC08BC9E467047F8B500BFF8BC08BC1D
:20AA60009E4670470000000000000040FB21F93F000000002D44743E000000809846F83CF2
:20AA80000000006051CC783B00000080831BF0390000004020257A38000000802282E336CB
:20AAA000000000001DF369350100000101010100A52D000008000000090000000A000000F6
:20AAC0008500000080000000810000000D0000000E00000003000000030000001946000070
:20AAE000993900000000000000000000000000009409002010AB0100010002030080000085
:20AB00000F000000090200000001048032000000454C0000000000000000000000000000D3
:20AB200000000000120100020000004015190F520001010203010000454A0000000000009A
:20AB4000494A0000A0090020DD550000B15100000000000000000000000000002530346874
:20AB6000582530386C58000000000403090400004E6F726469632053656D69636F6E6475F2
:20AB800063746F72000000006E524635322055534220434443206F6E20436F6E74696B69AE
:20ABA0002D4E470044656661756C7420636F6E66696775726174696F6E00000055736572D7
:20ABC0002031000068AB010070AB010088AB010084360020A4AB0100BCAB01000001020328
:20ABE00004050000427574746F6E2031000000000600010800010901010C000142757474B8
:20AC00006F6E2048414C2070726F636573730000FF0006000000000000B000400B00030040
:20AC2000426C6F636B4F75744F6653636F7065004E6F426C6F636B31537570706F7274006C
:20AC40004E6F46726565547261427566666572002E77656C6C2D6B6E6F776E2F636F726520
:20AC600000000000546F6F4D616E794F6273657276657273000000002573000063743D3472
:20AC800030000000636F61702074696D65722070726F636573730000F5650000A965000019
:20ACA0009D650000636F6170733A0000436F415020456E67696E650053657269616C697A46
:20ACC000656420686561646572206578636565647320434F41505F4D41585F4845414445E3
:20ACE000525F53495A450000436F41502076657273696F6E206D75737420626520310000DE
:20AD0000546F6B656E204C656E677468206D757374206E6F74206265206D6F7265207468A0
:20AD2000616E20380000000054686973206973206120636F6E73747261696E656420736525
:20AD4000727665722028436F6E74696B69290000556E737570706F72746564206372697477
:20AD60006963616C206F7074696F6E00436F4150204D6F64756C65005741524E0000000080
:20AD80005B252D34733A20252D3130735D2000004865616C746820636865636B2072656394
:20ADA00065697665642062757420646576696365206973206E6F742072656164792028534E
:20ADC000746174653A202573290A0000494E464F000000004865616C746820636865636B00
:20ADE0002070696E672072656365697665642120526573706F6E64696E67207769746820C8
:20AE000073746174653A2025730A00005072696E74206A6F622072656A65637465643A20ED
:20AE20006465766963652069732063757272656E746C7920696E2073746174652025730AA4
:20AE400000000000526563656976656420426C6F636B20256C75202853697A653A202564D4
:20AE6000206279746573290A0000000046696E616C2053544C20626C6F636B207265636571
:20AE800069766564210000004D697373696E6720426C6F636B31206F7074696F6E20696E23
:20AEA000202F7072696E7420504F53542072657175657374000000006865616C7468000011
:20AEC0007072696E74000000636F61703A2F2F5B666430303A3A315D3A3536383300000073
:20AEE000526567697374726174696F6E000000004C6F67696E000000455252004E6F207226
:20AF00006573706F6E73652066726F6D20736572766572002573205375636365737366753D
:20AF20006C0A0000526567697374726174696F6E204661696C6564207769746820636F6409
:20AF4000653A2025640A0000536572766572204572726F72204D6573736167653A20257327
:20AF60000A0000005072696E74204D656D6F72697A656420696E207468652044617461629A
:20AF8000617365004D656D6F72697A6174696F6E206F6620746865207072696E74206661F0
:20AFA000696C6564207769746820636F64653A2025640A007469746C653D225072696E74E1
:20AFC000204A6F62223B72743D22426C6F636B22000000007469746C653D224865616C7418
:20AFE0006820436865636B223B72743D22546578742200004D61696E000000005374617263
:20B0000074696E6720436F6E74696B692D4E472D646576656C6F702F76342E392D353830A5
:20B020002D673134393134366236372D64697274790000002D20526F7574696E673A202567
:20B04000730A00002D204E65743A2025730A00002D204D41433A2025730A00002D20383034
:20B06000322E31352E342050414E49443A203078253034780A0000002D203830322E313594
:20B080002E342044656661756C74206368616E6E656C3A2025750A004E6F64652049443A05
:20B0A0002025750A000000004C696E6B2D6C6179657220616464726573733A200000000094
:20B0C00054656E746174697665206C696E6B2D6C6F63616C204950763620616464726573BE
:20B0E000733A200043534D4100000000E4B0010085800000D57F0000D97F00007D7F00001D
:20B10000897F0000957F00004374696D65722070726F636573730000554E4B4E4F574E0060
:20B12000536D617274205072696E7465720000005072696E742066696E69736865642E203F
:20B140005374617274696E67204D51545420646973636F6E6E6563742074696D657220286A
:20B16000313573292E2E2E0053544154453A2025730A0000536D617274205072696E74652D
:20B18000722053455455502070726F63657373207374617274696E672E2E2E007072696E9E
:20B1A0007465725F253032750000000046696C616D656E7400000000526573696E000000B8
:20B1C00053544154453A204F4646000053657475703A20627574746F6E20696E6974696114
:20B1E0006C697A65643A202573206F6E2070696E2025750A0000000053686F72742070720B
:20B2000065737320746F20737461727420536D6172745072696E7465722E20486F6C642092
:20B22000357320746F207265736574207768656E206163746976652E0000000053657475E3
:20B24000703A206E6F20627574746F6E20617661696C61626C65000053657475703A202738
:20B26000427574746F6E205072657373656427204576656E74000000536D6172742050722A
:20B28000696E74657220616C7265616479206163746976652E20486F6C6420627574746FCB
:20B2A0006E2035207365636F6E647320746F20706572666F726D2068617264207265736510
:20B2C000742E00004442470053657475703A20427574746F6E20686F6C6420647572617411
:20B2E000696F6E3A20257520730A000043757272656E742049507636206164647265737329
:20B300003A2025730A0000004E6F20676C6F62616C204950763620616464726573732061F7
:20B32000737369676E65642079657400536D617274205072696E746572207468726561640B
:20B34000206578697465640044657669636520726573657420746F2053544154453A204F6A
:20B360004646202D2061776169742073686F727420707265737320746F20737461727420B0
:20B38000616761696E000000536F6D65206F746865722070726F6365737320657869746579
:20B3A000643A2025730A00002D000000536D617274205072696E7465722070726F63657349
:20B3C000732073746172746564000000536D617274205072696E7465723A204E6F206275CA
:20B3E00074746F6E20617661696C61626C6500005B7B22626E223A222573222C226E223AAF
:20B400002274797065222C227673223A222573227D2C7B226E223A227574696C697A61740F
:20B42000696F6E222C227673223A222573227D5D000000005072696E74696E670000000010
:20B440004E6F206E6577207072696E74206A6F62732072656365697665642E204469736372
:20B460006F6E6E656374696E67204D51545420746F2073617665207265736F7572636573D4
:20B480002E0000005B7B22626E223A222573222C226E223A22737461747573222C22767347
:20B4A000223A222573227D2C7B226E223A22656E65726779222C2275223A224A222C227605
:20B4C000223A25642E253032647D5D00427574746F6E2072656C656173656420283C2032DD
:20B4E00073292E2053656E64696E67202573206E6F74696669636174696F6E20746F207325
:20B5000065727665722E2E2E0A0000002F7072696E742F66696E6973686564004641494C82
:20B5200045440000427574746F6E2072656C65617365642028322D3473292E204F76657240
:20B54000726964696E67204D4C20416E6F6D616C792E20526573756D696E67207072696E53
:20B56000742E2E2E0000000046494E495348454400000000427574746F6E2072656C6561DE
:20B580007365642028322D3473292E204D616E75616C206F766572726964653A2044656366
:20B5A0006C6172696E67207072696E74206173204641494C45442E005B7B22626E223A2294
:20B5C0002573222C226E223A22737461747573222C227673223A224641494C4544227D2C8C
:20B5E0007B226E223A22656E65726779222C2275223A224A222C2276223A25642E2530320B
:20B60000647D5D00536D617274205072696E7465723A20427574746F6E20686F6C642064C0
:20B6200075726174696F6E3A20257520730A0000427574746F6E2068656C64203E3D20354E
:20B6400073202D3E2048617264207265736574005B7B22626E223A222573222C226E223AF2
:20B6600022737461747573222C227673223A224552524F52227D2C7B226E223A22656E6517
:20B68000726779222C2275223A224A222C2276223A25642E253032647D5D00002F7369677B
:20B6A0006E616C2F6F666600496E697469616C697A6174696F6E207265717565737465642B
:20B6C000202D3E2073656E64696E6720726567697374726174696F6E207265717565737473
:20B6E000000000002F726567697374726174696F6E00000053656E64696E67207265676971
:20B700007374726174696F6E20726571756573742E2E2E00526574727920696E2031302054
:20B720007365636F6E64730052657472792074696D65722065787069726564202D3E2061A6
:20B740007474656D7074696E6720726567697374726174696F6E20616761696E00000000B2
:20B7600053656E64696E6720726571756573742E2E2E000053544154453A204F46464C4903
:20B780004E45000053544C2066756C6C792072656365697665642E205374617274696E67D6
:20B7A00020706879736963616C207072696E742073696D756C6174696F6E2E2E2E000000D0
:20B7C00043616C63756C61746564207072696E74206475726174696F6E3A20256C752073B1
:20B7E00065636F6E647320666F7220616E2053544C206F6620257A752062797465730A00EA
:20B800004D6561737572656D656E74733A20506C61746528257325642E253033642C20250B
:20B820007325642E253033642C20257325642E25303364292C204578747275646572282556
:20B840007325642E253033642C20257325642E253033642C20257325642E25303364292C6F
:20B860002054656E73696F6E28257325642E253033642056292C20506F7765722825732588
:20B88000642E253033642057290A00005B7B22626E223A222573222C226E223A22585F414E
:20B8A0007869735F506C617465222C2275223A226D2F7332222C2276223A257325642E2585
:20B8C0003033647D2C7B226E223A22595F417869735F506C617465222C2275223A226D2FCE
:20B8E0007332222C2276223A257325642E253033647D2C7B226E223A225A5F417869735F47
:20B90000506C617465222C2275223A226D2F7332222C2276223A257325642E253033647D93
:20B920002C7B226E223A22585F417869735F457874727573696F6E222C2275223A226D2FD7
:20B940007332222C2276223A257325642E253033647D2C7B226E223A22595F417869735FE7
:20B96000457874727573696F6E222C2275223A226D2F7332222C2276223A257325642E259C
:20B980003033647D2C7B226E223A225A5F417869735F457874727573696F6E222C22752229
:20B9A0003A226D2F7332222C2276223A257325642E253033647D2C7B226E223A2254656E14
:20B9C00073696F6E222C2275223A2256222C2276223A257325642E253033647D2C7B226EC4
:20B9E000223A22506F776572222C2275223A2257222C2276223A257325642E253033647D08
:20BA00005D00000057696E646F772066756C6C2E2045787472616374696E67206665617457
:20BA20007572657320616E642072756E6E696E672070726564696374696F6E2E2E2E0000F8
:20BA40004665617475726573207363616C65642E2052756E6E696E6720696E666572656EE5
:20BA600063652E2E2E0000004D616368696E65204C6561726E696E67204D6F64656C3A2004
:20BA8000526567756C6172207072696E742E2E2E000000005072696E74696E6720636F6D53
:20BAA000706C657465202873696D756C61746564290000005072696E742066696E69736885
:20BAC0006564207375636365737366756C6C792E2050726573732074686520627574746F4E
:20BAE0006E20746F20636F6E6669726D20616E64206E6F746966792074686520736572767A
:20BB000065722E004F464600494E495449414C495A4154494F4E00004F4E4C494E45000058
:20BB20004F46464C494E45005052494E54494E4700000000536D617274205072696E7465FE
:20BB4000722050726F6365737300000053657475702050726F6365737300000004BB0100A4
:20BB600008BB010018BB010020BB010028BB0100CB845FBE08CC233E90F4193F52EF81BF6F
:20BB800092E9CE3F99D450BE9ACF193EA3E8313F14CD85BF66C1DE3FD4511A412995703D93
:20BBA000E14922412D021441467B643F1F828A3E68201A3FFD499740D3BC87C068830F4198
:20BBC0007008AD3EB0AC203F63C5A440A54A94C004881C41CB8D1DC19929BD3E726FFDC07E
:20BBE000B3B93BC1E6077440812AAA4376AC12416A06B243D24A9F43BFDC15423276A23D53
:20BC0000AA0EB93D48871F3FB725FA3EBDDF843F5ABA023D5394AB3D6092463F3DEE133FC0
:20BC2000EAB0A03F8CDBE83CB5E0853DB3EC1D3FF2B6463F1138A83F61DDF83C5CCBAC3ECE
:20BC40009C150E4041450840FA198540878CC73CB4E7B23EFD11184020261640FEFF8F40D0
:20BC6000274F593D19393B3EE8BB02400F43AD3F077C5440E2AB2242BD856A41BECA1B42F0
:20BC8000717E5742CEBC1A4258010020000000004576656E742074696D657200619B00007E
:20BCA000599B00009D9900000000000000000000284E554C4C204C4C20616464722900005B
:20BCC00025303278000000004D514973647000004D5154542070726F6365737300000000D2
:20BCE0004D515454204D6F64756C65004D51545420436F6E6E656374656420746F20627288
:20BD00006F6B6572000000004D51545420446973636F6E6E6563746564000000666430300F
:20BD20003A3A3100417474656D7074696E67204D51545420636F6E6E656374696F6E2074F7
:20BD40006F2025733A25640A000000002F7072696E742F6D6561737572656D656E7473004B
:20BD60006E524635323834302049454545000000546F6F206C6F6E673A202575206279741D
:20BD800065732C206D61782025750A0054583A20746F6F206C6F6E672028257520627974FC
:20BDA0006573290A000000006E5246353238343020494545452052462064726976657200D3
:20BDC000C1CE00009DCB0000CDCD0000ADCE000045CA000079CC00002DC900004DCF0000F1
:20BDE00051CC000045C7000069C70000D5CC000095C9000095C80000000000000203040580
:20BE0000060708090B00000008010C011001140118011C01200124012C0100000C0D0E0FDE
:20BE200010111213140000003001340138013C014001440148014C0150010000EDDB000097
:20BE400021DC0000CDE30000DDE4000021E5000065E50000A9E5000055E4000099E40000E0
:20BE600011E40000A1DE000051E300007DEF0000E5E60000EDE5000069E600005DE700007E
:20BE8000D9E7000055E800006DE20000E9E2000025DC0000E5DC0000D9F00000D1E100004E
:20BEA00053656E736F727300496E697469616C697A696E67203344205072696E74657220EF
:20BEC00053656E736F7273202E2E2E0053656E736F72732041637469766174656400000029
:20BEE00053494D554C4154494F4E3A204E61747572616C207472616E736974696F6E20740D
:20BF00006F204552524F5220737461746521000053494D554C4154494F4E3A204E617475AF
:20BF200072616C207265636F7665727920746F204E4F524D414C2073746174652E000000D8
:20BF400053656E736F727320696E20536C656570204D6F646500000053656E736F72732032
:20BF60004465616374697661746564004A6F696E000000004C6F63616C2072657061697245
:20BF800000000000506F69736F6E20726F757465730000005369676E69666963616E7420D8
:20BFA00072616E6B2075706461746500476F7420706172656E7400004865617264206F6C7F
:20BFC000642076657273696F6E2066726F6D20726F6F74004D756C746963617374204449BC
:20BFE00053000000526561636861626C65000000496E697420726F6F7400000044414F200B
:20C000006D6178207274780052504C204C6974650000000008C0010035290100DD070100B3
:20C02000F507010075080100450B0100A5290100C90B0100C9280100E1280100450C010042
:20C04000590C010011120100CD12010089110100C91001005910010075290100FD280100D2
:20C06000D52901000129010053657269616C20647269766572000000736963736C6F777016
:20C08000616E0000002B2C3CFE80000078C00100F92D0100C13A010005330100000140FFEB
:20C0A000008882800F2822200F252321537461636B000000436865636B206661696C6564AC
:20C0C0003A2025752076732E2025750A00000000537461636B20636865636B003031323397
:20C0E000343536373839616263646566000000003031323334353637383941424344454602
:20C100000000000030580000307800002B00000020000000286E756C6C2900002500000073
:20C120002020202020202020202020202020202030303030303030303030303030303030FF
:20C1400054435020736F636B65742070726F6365737300005443502F495020737461636B4B
:20C160000000000054656D70657261747572650064C10100395B0100215B0100355B010068
:20C18000284E554C4C20495020616464722900003A3A464646463A25752E25752E25752E81
:20C1A000257500003A3A00003A00000025780000F834002048AB0100010200000F00000048
:20C1C000000000001001000008030020083500206986010024350020DCAA010002000106CD
:20C1E00001020482810100000000010181000000BD8601007E0300200000000051870100F3
:20C200000000000001000000D007000006000000FB21F93FFB2109407CD91240FB2119406B
:20C220007A6A1F407CD92240BBFD2540FB2129403A462C407A6A2F405C4731407CD9324048
:20C240009C6B3440BBFD3540DB8F3740FB2139401BB43A403A463C405AD83D407A6A3F4069
:20C260004C7E40405C4741406C1042407CD942408CA243409C6B4440AC344540BBFD45409D
:20C28000CBC64640DB8F4740EB584840FB21494083F9A200444E6E00FC291500D15727007F
:20C2A000DD34F50062DBC0003C999500419043006351FE00BBDEAB00B761C5003A6E24005E
:20C2C000D24D42004906E00009EA2E001C92D100EB1DFE0029B11C00E83EA700F5358200B9
:20C2E00044BB2E009CE98400B4267000417E5F00D6913900538339009CF439008B5F8400BA
:20C3000028F9BD00F81F3B00DEFF97000F980500112FEF000A5A8B006D1F6D00CF7E360033
:20C3200009CB2700464FB7009E663F002DEA5F00BA277500E5EBC7003D7BF100F739070030
:20C3400092528A00FB6BEA001FB15F00085D8D00300356007BFC4600F0AB6B0020BCCF0007
:20C3600036F49A00E3A91D005E619100081BE60085996500A0145F008D40680080D8FF00D5
:20C3800027734D0006063100CA561500C9A873007BE260006B8CC0000200000003000000E7
:20C3A00004000000060000001C030020000000000000000000000000000000000000000034
:20C3C00000000000000000000000000000000000000000000000000000000000000000005D
:20C3E00000000000000000000000000000000000000000000000000000000000000000003D
:20C40000000000000000000000000000015245454E54206D616C6C6F63207375636365656D
:20C42000646564002F6D6E742F776F726B73706163652F776F726B73706163652F47434359
:20C440002D392D706970656C696E652F6A656E6B696E732D4743432D392D706970656C69C2
:20C460006E652D3230305F32303230303532315F313539303035333337342F7372632F6EC7
:20C4800065776C69622F6E65776C69622F6C6962632F7374646C69622F72616E642E6300FA
:20C4A0002C2066756E6374696F6E3A2000617373657274696F6E2022257322206661696CE0
:20C4C00065643A2066696C6520222573222C206C696E65202564257325730A00232D302B1B
:20C4E0002000686C4C006566674546470030313233343536373839414243444546003031F5
:20C5000032333435363738396162636465660000000000007867FE7F0100000000000000BD
:20C52000952D00000000000000000000000000000000000000000000000000000000000039
:20C540000000000000000000000000000000000000000000000000000000000000000000DB
:20C5600000000000E4AB0100010000000101060000000000100000200000000000000000F2
:20C58000FCAB0100A15700000000000060000300840B00208803002000000000000000003E
:20C5A000000000007CAC0100DD630000000000000000000000000000000000000000000012
:20C5C00084AC0100A11200000000000008010400A40B0020B004002000000000ACAC01006E
:20C5E000DD6800000000000068AE0100000000000000000000000000D4AF0100B97500002D
:20C6000000000000000000000000000000000000000000000000000000000000B4AF0100B6
:20C6200000000000417600000000000000000000000000000C000800A00C0020400C0020F7
:20C64000380002001C0D0020AC0C00200C000800800D0020200D00200000000008B10100B7
:20C66000C180000000000000ACB10100000000004CBB0100BD8300000000000000000000D3
:20C6800034BB01006D860000000000000000000090BC010091930000000000000000000046
:20C6A0000C00000000000000041300200300000000000000D0BC0100DDA600000000000024
:20C6C0000C0010002C1D00206C1C002000000000A8BD01002DCB00000000000000001A01B4
:20C6E0000214021470C1010000000000000016430D0301000000000004000800A022002084
:20C7000080220020AA000800F8270020A822002000000000811501009B0300000000000047
:20C72000C11501009B02000000000000F11601009B01000000000000851901009B000000A7
:20C74000FD1D01000D1E0100C91E0100E11E0100211E0100991E01000D1F0100011E010065
:20C7600001000000540200200000000008000000000000001028002000000000A0BE010083
:20C78000E52B0100000000000000000068C00100D92C01000000000000000000D0C00100C8
:20C7A0001D45010000000000604300200090D0030000000040C10100A152010000000000FA
:20C7C0000000000054C10100ED580100000000000000000012000000000000008431002016
:20C7E00020000200E8320020A8320020000000004D65010081FF000000000000B565010095
:20C8000080FF0000000000007568010087FF000018001000C034002040330020436F6E74D2
:20C82000696B692D4E472044465500001C03002000000000CCC30100ECC30100ACC301000B
:20C840000000000000000000000000000000000000000000000000000000000000000000D8
:20C860000000000000000000000000000000000000000000000000000000000000000000B8
:1CC8800000000000000000000000000000000000CDAB10FF712C00004D2C0000FF
:0400000500009B69F3
:00000001FF
